x,y
3.964671253,27.80943029
11.38714621,17.49568443
15.42220588,22.33413152
-1.728488513,24.2662735
12.14562344,22.56893471
12.53027946,9.827103214
7.126300199,20.98791384
7.266840721,22.42000942
7.177740005,13.51876906
5.549810855,24.19850108
7.614036501,26.29996029
5.008067776,24.17184647
6.118730527,17.22850046
10.32229409,12.68648979
14.79747029,11.70318804
9.448572528,23.5385754
7.444952471,16.93568822
5.444022917,18.68735314
5.814141599,13.12305104
22.07917589,18.89019297
10.6704411,16.38049245
7.546570517,22.45103799
7.797260638,22.79876138
12.29794721,15.26753748
6.531398765,19.74226589
2.758975448,17.68201569
12.8737786,21.77051426
4.881721385,17.96594199
9.924308498,15.54128
5.320256994,17.77851448
15.51148773,18.68032579
7.622034606,22.80732396
6.452799812,14.15614992
7.493709697,9.009792078
1.854532655,18.47707402
4.16190369,16.45228414
-0.900198245,15.75504488
3.295034039,29.11697334
8.528530706,16.53398236
7.670512298,15.07436825
17.24748133,23.09097994
4.656786382,20.62556095
5.723176831,21.96429725
8.59688499,18.4619374
5.028299619,14.98116795
5.157428411,20.26428708
4.463409037,15.66462126
3.740070572,19.60427452
7.380859405,19.64631414
7.515750214,20.78449982
0.969843716,27.85214951
7.089620377,27.25028257
4.455551878,11.88695503
4.925189953,20.44756966
9.188452382,31.69443225
12.81527909,22.59067595
18.23908736,17.40332177
6.13323288,22.88291355
18.02954814,24.11540626
4.210957262,29.49509724
13.28294232,15.58390157
22.74495535,21.14607708
9.826198051,24.71742346
6.651832102,31.26414021
9.961976221,22.38481911
18.88542224,20.00252088
4.306961316,25.54043236
16.8391359,15.16597523
16.64782395,16.06124374
11.68236399,16.35799902
10.03446419,15.75829812
7.722656309,21.9391342
8.167380336,18.27970242
13.24143284,25.45379818
20.35135431,25.32224558
9.233007938,25.00455454
3.046495266,21.75353901
6.382091114,13.72254143
11.29130881,22.27292143
8.414704425,16.43092758
9.111050212,20.33665329
9.150029616,16.28623794
3.138490571,20.5099035
9.131064148,21.55583534
14.25116129,9.088450674
13.48804356,14.72249484
12.74998676,22.03780743
7.986340123,11.22661836
9.042031148,18.55225641
4.027360602,15.8538014
9.734205906,19.15188225
11.27598,21.86040335
18.52982004,9.996919876
15.00756626,17.96764553
7.522082785,17.80234011
11.77775148,16.93754699
4.326959782,6.956449704
14.39101813,33.16392075
14.86458377,20.22835767
20.60558553,15.71010148
12.07261767,12.37232857
7.626407632,17.76430589
10.32996747,12.83157258
7.487611088,20.38349785
5.870007064,17.6329298
10.8349464,27.48429741
5.518676869,16.60648281
10.84092694,10.65118349
11.77484131,14.77071314
9.739474416,13.47138677
9.020326906,25.81000743
6.754651242,18.9262382
4.451163843,19.36478465
14.24637101,20.94443679
10.11181263,11.37578824
14.15570309,25.54568188
3.778560743,13.94064768
10.84513207,30.02859723
13.36583153,6.478356933
9.868618118,22.30158551
9.043039157,10.25940944
6.090466767,23.26516159
20.29080994,13.85889563
13.75250727,15.64262123
19.12104151,19.47061188
10.40029821,19.65374287
6.842953505,21.13086009
2.4335594,12.80603978
6.819500845,19.74792124
11.13150766,28.56261609
15.06845174,18.99787321
11.26375068,18.08835841
4.140258436,26.78272704
13.34357164,21.48798199
1.749495326,8.607405077
8.170738759,22.62693314
8.419408356,18.92145424
0.258769763,24.13259619
14.60028761,20.41270531
6.885642026,14.55692436
8.32981675,19.46100024
16.97573946,27.06961505
13.18337206,17.018442
9.457841515,19.54884425
12.56881389,23.88399842
11.99635904,30.66799599
18.31428224,15.78863365
11.37946702,27.06982659
12.53136312,25.07503357
11.73775988,11.42381804
8.113811763,25.34533745
10.48809732,27.58380042
18.19372323,13.52398409
5.622037629,21.01332403
10.60879999,24.75142811
16.8106533,27.93780162
8.826894565,8.942189492
4.73308596,28.53397751
5.651081972,23.90780993
8.049364852,11.68535482
5.763249634,14.93957201
8.69680304,17.43400292
7.927901468,14.4178865
9.084746011,24.26214098
12.03528049,15.19021581
13.12316564,13.70170676
18.39102872,30.52976279
9.656531732,19.45984986
8.395800437,11.78240138
17.35502859,22.96617993
18.52164699,19.49309387
10.21622019,15.5977067
8.336713404,23.95320435
0.888822912,17.82380684
17.05631199,20.66703042
5.81208783,17.74860016
4.381186028,23.32582256
25.21882943,20.45165505
11.17510654,13.49182289
9.833706949,17.74330391
-3.661097615,16.80371813
9.501047058,9.049481982
14.88015867,16.26017092
12.06934458,18.53457232
14.56161081,26.08548114
19.918661,26.03310719
15.84554257,18.03773393
7.456314923,26.1806001
13.52090089,21.07282003
9.007918631,14.82087439
7.309646056,23.73511032
-4.278793275,22.63961288
6.051765739,14.60936425
12.43907318,26.03095914
20.8401627,25.14717518
12.50347307,14.60001657
13.10105102,14.92215539
5.170483949,21.65028689
10.81327354,17.22492137
-0.391187709,20.15212013
12.4261341,23.83696493
13.48384389,22.9710499
10.92756958,16.45848919
13.50366758,10.25931131
11.55840514,21.84866412
13.80231181,23.60819617
19.21231813,14.66210099
15.56181421,19.01075291
10.16331979,22.34103415
4.427755176,31.55220599
12.09028911,19.96437003
7.998823813,19.58834824
17.46746551,19.13445713
1.964595301,27.22616834
7.921241058,23.66192557
12.11004187,14.7063307
9.241317317,22.1999213
6.969244424,17.77699367
8.476394655,15.56894106
13.1476805,22.19051004
14.4758599,12.8039262
13.30106316,25.87038072
21.3674176,23.02289256
15.86748786,16.2932715
11.43854864,18.35124718
6.701149531,17.08773569
24.59570065,19.66188142
13.3870775,16.90291919
6.578398279,19.53593259
10.93246042,20.4278401
8.378033498,8.26938761
8.626478909,19.29433977
5.332483297,17.62848013
10.58422672,18.27398209
11.59580119,17.11933871
4.612289386,14.65637937
-6.165760665,26.96037091
8.725626737,17.98028773
10.14758915,17.69771634
12.97136887,16.41547129
10.29567584,22.76785564
12.06699447,10.33607014
4.511139127,21.49561985
13.55587629,21.29854098
13.59444365,26.23269712
11.25825535,16.26836146
16.78637218,23.14466383
12.02234236,18.82709975
11.32182135,13.84176365
11.34021952,16.64115227
12.18465289,18.7321567
15.30061953,18.29474822
12.26095198,22.54510971
13.31599308,20.71481864
4.31813223,17.09088566
8.147512415,16.45471644
17.38484795,19.53234587
3.880481247,10.15635593
11.29034194,24.4018803
12.02501403,22.17654921
14.87901661,16.02586005
8.255616317,24.59926759
10.7931272,26.79474622
1.183724667,24.66199252
11.69298024,15.25697004
6.667174852,22.01689377
8.806766878,19.19272081
4.061173588,19.87849957
11.92467661,22.65148819
13.33289758,11.82141347
8.476930553,33.77285286
19.12505532,22.71786805
13.35279685,20.73490831
14.74316287,27.12718291
20.24701501,13.44020208
6.744431954,23.70593752
14.04309636,24.94266162
14.93290307,19.31800127
9.96914602,19.93684147
11.59526179,23.56642992
4.940890486,20.35129925
12.35083774,19.10893025
6.495148342,17.77252673
14.06841431,20.97965241
5.94284608,19.27047529
11.59698744,19.25437535
5.767386734,25.80058112
8.771184104,23.80349039
2.235704944,16.41413894
10.64217016,24.04210875
14.92721695,21.51349975
10.91623762,24.9008975
1.168853933,25.37718308
6.897331517,18.00548986
18.28021518,32.20188705
19.04902693,25.2822228
4.12481616,17.14554817
8.166483706,9.864431004
11.76812724,21.92854681
11.5957811,23.22990945
7.100215055,19.95348161
5.23360649,16.53483093
9.102857065,21.57736469
15.04904107,19.69101614
10.11813307,14.17986223
6.754858902,12.76594919
7.47812889,10.05303603
18.07195748,20.43395981
7.765200944,19.47788893
13.81588381,18.96501794
17.35859343,24.97229112
12.21832452,23.11710546
7.89139065,22.98915788
9.799991869,20.85964144
7.538600159,22.03689696
16.13858559,17.9706486
9.252232174,15.17383316
17.74991692,11.74670749
7.191937323,10.73584589
6.764413747,17.64997994
10.7156608,16.51273454
10.12094324,13.89235691
7.477742377,11.64205576
2.09301595,20.54129946
10.15033211,20.53736735
6.417116505,29.45161754
15.41305478,24.11079251
5.236572725,17.01274526
15.63241365,12.52233362
6.754784913,25.38222588
11.46235039,19.95046806
14.49351362,21.40822248
7.406288216,19.02661231
12.77219276,14.35266466
9.560131644,23.20343417
4.323935353,19.45823595
8.649601945,26.08339919
18.09894939,17.08978088
8.929344132,22.45297728
5.911087685,11.7814007
9.72988538,25.46664868
11.65070805,21.74029768
14.77662307,14.62696979
15.71979939,5.80732714
10.50261199,21.65728975
15.82287623,9.589554639
6.178700261,21.61606929
-1.722567023,19.14824261
7.641582872,29.99043408
7.420722552,17.59441966
-1.580180758,18.43550457
12.81235878,13.64600381
6.081124303,22.61325696
8.869730069,13.06467318
2.064485062,19.78901021
12.73762101,22.92474782
19.45613509,15.1936379
5.609614449,24.36802967
9.437205445,24.35854685
19.74356532,26.17872716
14.66908166,28.04439685
19.56529711,31.33138073
9.97382971,25.75442065
9.238699755,24.19638887
7.451841714,15.05432648
17.17286852,22.88993111
3.570807338,25.10987017
11.53657108,22.07606885
9.768407334,24.07366787
21.259209,19.62862818
6.959831357,17.52400273
2.453559151,19.50659719
11.16315885,8.848786879
9.80175652,16.78131984
5.804374662,19.83404022
10.66145544,13.09730841
8.622376266,11.57499226
6.606206794,15.64400821
12.50417966,15.8732961
8.34168844,23.74152154
0.825098746,20.56595592
-3.258706242,10.99544985
7.09708914,23.2986294
17.27093435,19.6981918
14.1906469,16.56413433
16.0752679,22.50437372
14.91252721,19.80440034
11.57882012,25.06115292
2.464686861,27.24057259
11.02784894,23.30514441
17.98614045,9.369613907
-6.980317673,15.10007594
6.093238578,21.23027557
15.5123232,34.03185428
12.6437251,14.38345048
13.94697202,17.3501212
12.28549753,21.24940564
12.69416558,21.64269704
10.07321561,24.2359563
5.417554321,19.7426718
3.865924546,15.61796827
10.18076434,25.12613298
7.893034432,13.80796275
5.503177958,23.77420685
12.08720659,19.07679355
10.76722368,17.76614477
17.31641523,20.15367737
4.392487513,19.86846904
7.411059585,25.76374057
9.625264558,14.07888887
2.961049593,15.97887868
8.576470659,18.53866782
6.459144109,21.18055968
-0.738195006,16.58649412
8.580814197,22.13391468
7.32963918,25.19718323
15.66505097,29.74766239
6.979655386,22.20507701
12.78755798,25.05487015
10.71314647,10.29754486
3.815698926,21.65665589
11.87071986,20.83478366
9.469569383,20.06710214
10.83030993,23.33386459
13.29017424,20.19584188
10.5698146,33.44313813
17.92579582,22.07912048
10.5777672,20.37079787
3.730004804,30.26887019
13.7093239,17.94355351
3.885491925,18.00045259
0.405529341,18.68696056
5.95031805,21.18445043
6.276613856,25.77338024
6.962470387,16.11366176
18.03379783,25.18384163
18.17799723,15.83902415
13.63045548,15.57544034
3.630825375,18.50473998
10.11573278,18.85413976
12.43560617,23.38304456
9.314862484,21.26016479
10.85872741,23.64023914
5.276030426,18.10314253
3.56189847,20.22819779
17.03882869,21.51533961
11.33686345,17.69818308
7.958011789,19.55589684
11.6263561,16.12897366
20.31240487,21.45910177
11.81333478,19.32471328
17.05702322,21.46721284
16.83772157,16.48270966
7.964119264,15.18814523
13.81270865,23.13747662
6.743995885,22.41300682
2.631721103,16.8953752
3.991671018,23.73994193
9.256397609,16.59478367
18.98531214,10.51276115
10.52404359,19.38563304
5.985810133,23.84564373
11.15187482,20.46270748
13.48987597,21.14348331
3.52399134,22.59481026
4.72659891,22.07962741
0.291962552,21.26461877
3.652197035,16.59990157
5.562805946,19.69750407
8.540421186,16.08355924
17.05047026,23.43396391
14.44320715,20.37393826
11.3648716,27.09308194
7.16679267,19.8153914
9.798965313,11.38653351
12.73806123,30.54617328
7.479833392,15.9318224
15.29535065,25.91113747
15.48726783,19.64886645
4.167476852,18.49004261
6.26544345,14.34949702
16.03369367,24.76892652
1.563900597,20.53087091
12.09854947,19.80692932
11.16749381,18.87100386
25.97950599,26.03918383
-3.648401706,28.39915253
5.796020993,19.8268099
13.37014334,8.907027928
18.37163255,13.83946595
14.19843542,17.66439856
2.858157822,26.02804617
21.19694085,14.8690657
1.213668879,21.71631951
4.43491956,15.50660016
9.784298047,22.31691703
21.12793454,19.45427139
12.53158294,26.4906797
13.65198026,17.83111333
18.64038797,29.07101544
14.92389984,21.37846358
3.87631062,22.0862003
13.54863109,21.96576895
9.453900037,11.96152869
18.91303948,24.20113902
8.782776602,20.93376402
2.364464889,18.59096348
12.45917186,13.4495676
11.7725183,22.26855359
9.911868262,12.25159631
4.717248389,21.78703731
5.80542667,19.04254888
9.936871418,19.22106207
15.19055073,22.49147559
8.17771143,29.2213769
5.642752639,17.69282613
-3.521015127,23.82423064
12.47124918,15.1342612
12.13670162,18.27291664
16.5459543,16.27200246
17.33361321,34.27070128
9.284719669,10.90924769
16.49256863,17.57474481
10.00656774,12.63946197
6.617949622,19.22766609
5.759017016,21.83700979
8.265294498,20.71251596
11.13739722,12.58164365
9.862992982,18.58161834
11.00438895,20.39095134
10.99471336,15.45549887
13.57299678,20.37515708
8.634091126,16.63743526
18.17673729,17.45788183
12.18846943,34.23182818
4.032320746,14.02255834
8.616750979,16.02637212
12.57941525,11.5768038
7.94472334,15.58461475
11.72497525,24.17177239
12.1719793,15.96654555
16.51738842,17.14137414
6.741520446,17.70392727
9.915595688,20.43916027
7.161537724,25.96283864
4.364335651,18.79881511
0.755148444,11.82893076
10.97764528,21.13061196
13.00782613,18.71142581
13.1957908,18.27613887
3.050035913,15.08059774
4.351610733,16.01095644
4.294229026,20.49069393
6.556642502,24.42023278
10.85098909,26.79692023
12.97241714,24.20837598
5.924836746,21.38449293
-4.321734185,17.69829964
14.76911741,10.84344864
13.07642385,21.85549142
6.495646497,19.98408425
4.631693293,23.83692564
8.500044016,26.60187512
10.54053281,15.99089843
13.61600382,25.06640078
16.95047548,25.38331853
5.755583008,15.63062545
11.45361422,21.10167545
16.67088017,7.711583188
5.493289224,21.16875202
8.886182935,15.5593272
1.142659859,15.40882736
11.43711125,17.512558
6.794041188,18.49017067
5.375311789,20.28376323
6.100112654,18.59589703
12.22251687,13.05853023
-0.812345013,17.04140237
7.8724455,24.92672277
4.931411704,15.60038561
5.189404858,26.98658958
12.37317314,16.21697771
11.75877135,16.03406277
9.464898219,26.02186588
12.68758628,18.11294622
6.989475508,9.830413903
-0.116488227,19.63852608
15.7721064,20.44709844
8.846535012,16.15042933
8.174556159,15.16340222
10.78758965,19.42858454
13.82966111,13.23770796
12.13043483,20.22213949
14.636327,11.1217474
10.23067296,20.65617768
7.478571785,11.48101887
8.497752958,16.96171119
14.11457989,17.45191837
5.753656019,20.95596469
5.231949522,26.97360315
11.56739358,21.27100514
13.06236654,27.9129745
1.544583862,25.52928367
13.92349314,17.62469294
10.05962568,18.1624114
9.093723561,21.5609817
15.53477201,16.96577768
17.39697435,14.90083904
4.263002795,30.20978221
15.05827188,13.72138652
6.839654025,19.60815407
10.6618066,19.05847441
12.40463032,14.11712362
10.66588814,30.40643214
2.685677688,17.76179327
7.467991098,24.85003094
17.69831619,15.12952553
10.86396809,30.48359269
5.82088038,16.27628472
6.720356481,22.14034323
15.28783043,12.41924465
11.73041745,22.24389026
5.51406729,17.75111755
10.03132606,11.40268098
12.98335255,26.94309655
18.61275904,20.69584169
5.591252583,19.88859683
8.100270224,14.01489976
14.98055008,15.69432238
7.704395535,26.39254262
17.30132873,20.31908051
15.21623088,17.1537947
1.704795148,23.84904305
12.11978888,9.164021867
2.904185369,25.68039692
2.676537717,15.51838217
10.35210486,20.77958351
10.28349111,22.94524112
9.836459114,12.71505373
16.32140612,16.73571674
11.47493943,24.15424883
6.634565897,15.71280691
10.59794146,15.79586744
7.428017455,23.31210779
9.659442131,19.73255944
4.259940441,11.96452324
9.423777599,25.27435355
10.51468196,21.9994187
6.491282564,19.99548296
10.20615312,28.0821512
6.756158247,21.41193806
6.779960703,16.40057165
8.977805875,18.11168185
12.45420459,19.10725119
8.973315064,21.43058269
10.95345662,16.67969969
14.85012096,19.32644986
8.573694611,13.20882771
9.481903657,11.69286463
12.55627271,24.74772268
3.70918775,21.05488161
12.71912984,21.58715708
7.325182067,24.95683751
4.309769866,18.39476588
1.159981146,21.96653423
6.425108986,23.59859717
4.148988678,21.04338324
4.107759258,21.93730679
18.13645669,22.34768787
3.939266672,25.87893538
14.98754959,13.94844643
12.72622821,26.88544222
5.576054424,11.83301124
6.943846511,13.66075757
7.949002436,17.85714181
10.95204685,13.7093729
8.258375355,21.85649733
14.13423765,13.91348304
8.536565488,19.49277791
-0.82673105,30.07395062
9.518916119,17.33569586
0.740215769,15.44404466
14.68905568,24.73313714
6.261567593,21.91650163
4.423792821,11.5245985
7.042467924,20.62508065
12.92615342,11.93116273
0.407209003,17.9704072
11.26908396,15.1827769
5.138791169,23.80846308
9.95743276,28.04152159
13.39520956,23.97211705
12.84815683,15.60207481
17.51480831,14.50464406
10.64542701,16.88626009
6.494085242,20.34568868
20.76853608,24.24115587
8.483769309,25.11501481
14.03789888,29.71165078
14.65495733,15.79776798
12.27451049,15.42206191
17.12710345,24.79931393
8.955044137,13.33977668
3.842986105,9.087636433
8.196982114,16.89799791
7.263933503,17.74261258
11.63998004,27.11399247
5.33350084,17.44071445
13.40405412,18.40494601
4.180587999,23.38537286
18.77724755,21.30618372
17.24818682,26.03868618
7.756025294,22.21491078
10.70033644,22.98853801
8.131748359,17.53606824
3.967829414,18.74531403
-3.306729875,27.76781098
9.874527534,19.38378879
9.828133714,16.34719828
18.2117952,22.00044655
0.022689262,26.5399887
6.689146207,23.49662344
14.40018996,19.24542857
11.7119371,19.63765997
10.60876928,10.23568895
6.896194827,22.22240377
11.00472634,19.16459542
8.82047326,14.4670047
10.56830557,25.25294412
7.110354024,20.88429556
15.94282443,17.87910378
15.29968139,15.49338861
16.68379105,13.90892584
8.164154144,9.741726373
8.478316476,22.5684112
8.248601879,18.98770508
16.87072381,14.90887499
8.501397541,29.5066048
10.48817572,17.87296445
11.90594014,19.21964306
13.39106278,23.72862813
8.661633639,13.27706445
21.72982832,24.18705957
5.362526722,25.44640728
2.867214132,26.07557396
10.21151332,18.20622415
18.83721735,21.23048114
10.26375164,21.95557163
10.5486302,19.04712886
14.31601308,20.21750156
9.505133976,25.12131113
10.51848273,27.24638868
16.04242438,16.55653984
10.46873011,14.87152214
6.239017405,23.69498904
11.9746211,18.80014102
4.54239783,28.69355628
2.708537875,20.05855259
9.386438575,21.56992174
4.495354042,22.86493555
12.90461536,18.75829586
9.265262553,18.19564148
6.168326925,19.17474458
18.11448789,23.8859133
9.45029728,25.09861178
17.10852427,9.544212612
9.432894755,21.19068866
8.353595292,20.82099936
11.86730492,26.06405223
15.14944065,26.09019605
23.52887524,13.16645875
4.825270644,25.80507265
9.082850707,12.9569622
15.38885654,13.47745179
11.70810113,25.68487256
9.063281879,25.90504814
3.485704457,25.13121387
8.60670869,15.76387316
9.076230458,21.8043144
9.591112514,20.78081603
18.06120897,23.3178981
7.690300802,12.87857118
2.119748496,21.05161216
12.48216537,19.73671768
9.440231081,10.83808782
8.978267999,21.05982854
13.17784081,12.6591829
-4.53336977,18.2809999
7.231708736,28.66159277
9.232740859,27.30026867
13.02645258,26.3649909
8.694967019,24.13508593
4.974307688,22.36293479
11.86283057,16.29282416
10.09723088,19.49874175
10.55264408,21.19786567
15.78285218,18.40713732
7.288897699,21.37152555
3.753993583,13.19850779
3.599937016,19.00378259
4.880336061,21.4397512
3.0617471,25.99907754
9.753894428,22.0649492
19.05480365,12.72418096
9.502449671,18.046708
13.88618562,14.27564955
4.487018374,17.59290098
8.891776086,18.47656906
12.83047481,20.23880294
8.225203274,29.04803538
13.92631301,22.58242583
13.47023689,16.57919045
6.836350522,21.54652325
6.14020679,13.28035078
21.78908694,19.75075528
9.037253318,21.24442701
10.03309667,20.59394915
9.727269877,19.62170595
7.158965597,13.25919675
5.365120282,23.94956617
4.321324093,25.96619277
14.5698117,25.61902018
5.069685833,17.72723674
13.33742707,14.63779382
17.03297745,22.45708109
15.7888948,20.75817487
9.306234012,13.49011156
7.303390745,14.43820124
4.605532505,21.90527017
9.9071893,23.92408197
8.836921572,21.95437271
10.78146771,18.66427915
6.979951226,19.94690257
13.1451756,19.22392571
13.57084785,13.13143918
15.37943051,12.910728
21.24877759,25.2451124
10.98945299,24.58030752
7.122268408,18.45298219
9.613395675,21.04333159
1.860400554,23.49666555
10.64961577,22.3483054
7.871634334,23.59899828
12.03005874,23.53034328
8.655949072,24.76304822
3.095077319,13.69802386
10.18291661,22.937545
3.233777344,19.42709165
14.48503097,16.73487951
0.853201439,19.34539221
9.290615279,16.77585165
12.28990889,14.61750641
2.401912435,27.1272085
16.99527657,14.40297964
5.573304045,19.39751205
7.468348544,15.52212925
10.81666053,14.76697705
8.314280719,16.96834605
4.82024234,29.1319821
12.04668964,20.67319539
7.378882709,19.23119619
12.53250187,29.1564028
7.476385686,23.04285298
5.213748355,16.40463336
9.526828208,24.58716444
13.24719659,20.87339144
11.211609,24.71539237
9.705329549,17.22623512
0.261029642,18.12448033
17.25721816,22.22205875
9.800301612,19.85802939
5.680011545,18.3254423
8.991548801,19.03242873
11.30627781,23.77139805
2.408243083,17.70765693
13.58654316,22.86987298
11.23416364,27.83410532
16.01383523,12.82914109
14.93019635,20.21941108
7.310297005,16.49672544
7.548586291,16.54770539
5.022419137,21.25292458
8.191485359,18.35911857
14.72177406,24.18138991
18.96103506,21.41037178
14.64204698,21.97628413
0.850311652,25.92542268
14.10939053,22.39147848
15.18134381,22.21038477
13.08710072,11.85501269
5.725348184,15.94303767
15.32255259,22.58969583
13.64740729,17.05264819
13.31328292,19.66434466
8.092963986,9.949530927
14.22945889,12.05782729
10.55795942,17.83000912
9.661148692,22.50082842
17.43549048,18.5332463
13.78611688,23.62476994
-4.370212467,21.91547671
7.867287755,24.44224492
2.562968522,17.36345436
12.94395823,13.99648576
7.787002446,16.2038693
14.50652401,20.86337859
12.3391417,17.35754097
10.11020159,8.067115775
9.574460841,26.96141182
8.193664287,14.5032742
10.99753251,20.93918702
4.458728726,19.64255965
13.36397035,14.47320737
8.029431833,28.27284549
6.280162072,15.09629635
8.369432616,13.10424003
19.37334413,14.73310863
1.210004273,23.30152068
8.25569545,4.691155596
10.53294615,21.42516954
7.311706094,16.61774728
7.94365434,23.30524922
11.91174169,20.66452153
11.11257044,21.57304352
6.631227458,22.69005055
12.83716457,22.66057838
10.89741827,15.01326787
13.43170875,22.18184615
3.363681693,16.04933868
6.160417809,19.8014519
9.036487457,19.91608229
14.79525599,12.20132066
7.35484319,16.93509858
4.835565045,24.19757799
13.85872745,15.10574088
12.32678332,18.71081444
3.871644665,27.06064507
20.2333862,21.00569702
17.49337224,23.81694639
3.055254577,13.31156065
20.76688232,27.53215538
1.354416297,24.14719898
10.51021243,16.04576733
4.293604363,20.85737153
8.114954559,23.19226086
8.256089506,21.17957526
11.61442541,13.74444536
4.37830191,20.76816736
-3.785248612,10.135721
9.520944504,22.3472641
6.266500975,16.01329649
11.05390709,36.23294095
5.757450957,18.06508638
13.96132383,22.78208954
10.14593716,21.23817499
13.01694006,28.53155647
5.025299476,16.96102999
8.943337709,12.15910698
11.72010544,22.13788011
9.553107355,22.76735185
18.27018733,16.81179886
0.185456434,11.38670735
13.78062756,14.5065445
10.07209329,16.85367081
14.72856902,21.94822891
9.505957538,24.10703306
-3.698771217,15.32059133
12.10152925,26.91362934
8.908103689,22.50066196
5.053223352,24.69256667
6.717655519,9.596128871
10.27831774,19.33689821
22.26031722,22.99798641
10.94086787,26.40590913
5.101518158,13.57165284
19.51805234,31.30896094
7.807401089,24.61571482
5.851369522,20.52259333
3.763843406,19.50367345
6.630954185,13.41519667
19.67583632,15.81551008
14.53280717,12.59773569
13.68263386,19.04928221
10.73312652,21.71886483
11.41560398,16.63817475
12.9463836,25.42790709
11.07924738,20.14461831
10.77526617,19.09064203
14.76913318,23.82563555
9.170736488,15.93594129
11.27501873,21.0110543
5.512638203,26.96864971
17.91985052,25.32507664
16.96379314,21.87272699
0.938708841,19.52825201
8.918401607,21.76209343
12.74928028,25.44254616
12.41368119,21.13781255
13.80424364,15.6934098
7.771709915,16.73411674
3.973332902,14.78219433
11.5073337,15.02698163
2.304273882,19.15186009
13.17685362,19.90727563
13.51475887,13.14217538
0.470585677,21.68454465
14.69460725,2.249176177
8.877539473,21.49821246
6.630916123,18.45578554
12.22893722,19.62964294
16.40308553,27.0987096
17.82565067,16.2697405
3.997269819,21.80181108
7.811525168,25.39810635
10.73190741,22.79916702
10.33009538,22.6724196
7.774819924,25.95098797
-1.710561932,15.28554053
8.608088162,15.90252151
4.090981838,12.42304754
10.16562636,25.4515088
5.811414941,8.523253841
9.411944599,15.30432423
6.292387144,22.04724953
7.958265154,18.77446255
8.111146195,20.07912045
16.64183356,25.17575212
13.58218153,16.29706788
8.838554059,29.28208025
3.868865499,9.720339556
15.23769045,13.94466501
2.817964066,19.53940245
4.087655358,23.09171919
6.118975821,23.89375984
5.138432453,13.82373939
5.481712194,26.7958039
16.43601973,19.77046785
9.469061995,14.73460388
6.420645232,18.70955051
13.35861098,23.9923328
10.98816813,18.60500818
3.899516373,25.04510809
7.195174398,26.78799464
12.66866317,22.25304314
19.75157732,10.10577843
17.90971615,13.32091886
14.18893761,25.20161335
9.934651687,16.89910402
1.37102019,13.42925291
6.345732132,18.36203513
8.922930673,27.13161198
12.45103334,20.00859757
10.29696712,17.96024913
10.29156026,18.79065107
19.19181553,20.36042446
11.9382545,11.82089515
8.597246377,15.54210453
7.85741131,17.82677771
10.47662468,22.0703094
5.933342955,14.3356599
16.84095039,17.30997203
8.56231985,23.66517546
7.357237883,18.73490317
5.634935384,19.50644002
14.67946536,25.49859338
3.613663385,22.88843592
7.656300805,19.27044356
11.56258137,17.23799349
9.458388492,22.64411953
11.25395209,20.58854411
3.419033029,17.77907431
7.849622754,20.69642528
1.479451512,18.31316587
5.789313174,13.24166601
15.74125298,21.04566196
11.26415768,25.68364556
10.42643593,16.82254309
5.331869347,16.48198042
7.215901969,22.55302133
4.918148403,15.07092889
10.26762625,11.2115881
13.82566803,25.18049124
11.49597408,15.43816379
6.911921259,10.73168306
12.76393657,23.60844858
11.93954249,20.02294456
14.21605471,10.19742265
7.796862068,21.84070804
4.103173134,21.96434633
9.577154673,28.369272
11.51388848,21.17466064
17.79546866,18.25315312
9.651687363,23.90369898
12.13519707,23.90595519
9.583684009,20.95701682
20.7819887,21.97669372
16.6898403,15.88207081
8.838477763,24.54813494
9.36297955,17.04717857
9.891572979,18.03671398
10.56627042,18.36130668
7.174522948,26.31794226
10.40350194,27.36845333
6.521142967,13.65140179
4.518989335,22.72383484
14.02220279,23.17894511
13.2832206,19.88266633
7.159846613,27.21195891
16.36392921,18.20819567
9.037280421,21.08883077
8.581673907,16.07698288
5.231641435,26.79201483
9.87824677,22.9691656
9.315070176,24.29852296
10.33759196,17.46267979
12.2258418,19.94022852
14.53300194,15.77504476
11.63705283,18.51516556
14.96280813,9.317100633
15.32700287,26.79797882
-4.652410277,20.04322516
8.186131285,29.21245106
12.84966269,27.2833957
4.401822638,26.48070301
5.196748207,23.49496399
11.36868236,14.24759073
7.792883557,19.3517584
1.342560912,20.95890098
14.52927422,24.7391237
5.795801792,29.74632563
11.93173927,18.71680254
12.06215057,10.85110407
17.60634322,16.21429376
10.98282118,18.12526623
13.32805176,18.32391843
15.70295546,28.05481407
7.96809436,22.97687405
1.722193232,22.77388282
10.71465018,16.74421511
16.62957154,18.91940008
2.968611697,26.46610054
15.06065807,18.16546601
9.699345785,27.10568425
10.49740712,18.02267162
8.253891012,22.02145872
15.1842664,18.1181351
17.1207824,18.42795109
17.85424396,23.82947775
5.162996335,17.71674016
13.79642922,18.12135954
8.119051728,13.37250292
5.08295293,11.9310848
11.94947551,19.01817719
9.910246431,26.47645976
13.95862303,20.33851956
18.96198938,14.01851867
15.18358442,27.1043941
6.521571922,27.38411108
10.69811332,13.18966939
17.06622747,21.41909755
15.87218798,19.47748776
2.076092087,17.07316206
14.7321496,21.4783696
8.297429574,17.06095667
6.873186546,13.07795601
4.493988855,27.70040616
8.4410227,18.68349479
13.44328253,12.68202004
17.17635939,22.71764645
10.69453549,12.01679788
9.634738068,18.55536637
8.988320309,20.38675143
14.76899668,30.7781545
4.594032763,14.6882161
11.25009352,12.65877971
15.1081099,21.63801735
15.30925756,18.36524454
12.08535105,30.22834635
4.188169243,24.37105837
5.894576351,23.99655048
6.397558711,24.2383815
2.783640157,22.5445944
10.20010167,22.83847413
16.11473342,24.36683391
-2.233469583,21.12997893
13.79193946,23.20121732
8.986691729,29.77825308
6.154330764,15.65840892
13.85004406,19.63124263
13.24192579,15.62723529
10.48108689,15.03101865
5.401783234,17.33204534
6.475691114,22.45257874
1.913829689,27.1778676
19.40446954,21.98528685
9.222028196,17.95783913
6.227431256,24.71689716
-0.804762221,20.71077443
7.852691598,19.85197265
7.254360477,21.23149842
2.988420586,23.97809737
21.91985912,17.25520159
14.36472175,26.14745138
2.321670564,20.13701425
15.66987626,9.53826628
15.2242008,26.44174505
12.94915344,29.97632939
11.99551867,18.06573079
10.72474592,21.7705662
13.09580609,14.48768752
4.83690447,17.78825438
6.753219309,24.12955143
4.989963709,13.05151755
9.1705952,31.84320467
10.73328148,20.68227741
13.01028262,23.79213842
12.64527763,14.21245255
17.2284792,16.20600497
12.98654644,17.40122939
16.28158461,15.17135389
15.48721021,21.35587801
7.057697935,18.56332266
13.75650641,17.90678067
12.26757171,28.26201704
10.59589117,19.20106006
5.483061458,25.37286979
12.93991228,20.80935934
10.31864374,13.50122432
8.225820725,6.310349656
14.61247872,14.18204326
14.96162684,19.55595427
14.36781951,17.72677231
-3.055217306,23.97907564
5.513415836,13.76489523
14.68617659,23.5768886
6.273318326,29.66276748
12.04269815,21.98294125
10.91456336,25.16072761
15.53701146,14.30098718
6.448141648,26.8039132
9.710988153,16.62247464
11.72461708,16.25591105
16.36327224,17.53400226
9.113095824,15.78222608
11.45202998,27.43289185
3.28575897,21.37549744
13.16525015,16.56820734
11.03409853,19.56813456
13.19653671,19.62985489
7.946647175,17.95191374
18.42678311,29.17712523
9.300869479,21.31823344
10.60569374,19.82173339
9.471604119,12.57414473
14.23152446,31.16605471
6.15775488,10.55543306
11.00731203,21.23315589
12.87284799,17.86777
3.77380056,23.77003235
11.13859404,28.15105943
7.030989689,16.74983921
17.14405393,19.50609915
13.52449034,14.39117975
1.374330453,32.0396897
14.59642391,16.93416968
11.08870463,20.40639283
7.193376191,23.80874275
8.222071861,15.90952873
3.639289167,23.02230048
11.93098426,21.8461618
1.80738431,15.04900134
9.298686114,17.21761809
12.27587804,21.30559277
10.41691681,26.5526981
14.29586661,18.54411853
10.25274052,12.2339229
21.54472052,21.95450353
5.702684126,11.96869386
17.69558084,26.45177617
1.927669113,21.3733827
4.613417708,16.26358153
5.493197265,23.82382756
2.394438194,30.1754554
17.42346923,26.81371807
15.1685166,21.64439827
16.85633249,26.45152842
6.955392793,17.7636872
10.42798547,18.69341824
15.59253746,17.56494207
15.30264894,16.00162708
12.80068387,16.68515749
10.7907377,14.86180272
4.179133888,22.30778221
11.54843098,19.93040771
9.107530926,11.47510102
6.72737714,23.0511748
17.88078632,20.52723726
6.492981313,25.87060603
11.21438195,13.15148326
12.58017878,28.68251178
15.25577381,12.44424806
11.83652198,23.40534252
19.86607657,26.11396099
12.22568374,18.95337577
7.557599158,15.87632255
10.51255768,17.9082606
13.34564623,25.50465114
-0.952544041,17.17304328
9.522179743,20.1558254
10.20762854,24.21550403
8.806995631,15.22884572
10.25684268,16.41239586
0.040968199,21.02109986
11.73118142,21.7465863
10.01514671,19.54831946
7.537857496,11.46470532
-4.322093613,20.00837747
7.943936316,23.02659065
10.59104269,6.354717235
9.644196161,10.08368108
6.956512855,13.63386187
11.60822644,29.50257138
5.44755234,5.606075233
13.49640524,14.77115815
14.12866188,26.40674696
14.78771706,21.94150079
13.99423135,24.07590033
8.23936395,17.1079571
9.875265859,21.05744744
16.22536686,21.91985198
13.05470979,17.70394428
11.73441516,25.31804063
16.39589855,20.46158838
6.865770791,20.64886698
10.12631636,20.93643687
16.50754501,23.12685276
8.751051527,22.60520393
10.67499172,22.034699
9.266633847,25.71576352
16.16965297,19.26522219
10.67712991,16.17581337
10.33620146,13.53111251
6.593889457,25.22143834
7.907685299,18.63919239
2.153928955,22.99298419
12.0479327,21.29560492
14.23901596,17.92761458
3.313078452,12.00802631
12.00677364,20.30509061
11.64467949,22.21793675
10.976605,14.46503462
10.35731305,12.95784558
18.1746663,28.11766378
11.66503539,16.61978311
17.00906311,16.2550237
12.2550851,18.42433001
12.43661798,25.44063747
7.301312724,22.69039162
23.45453708,20.03660992
9.700919622,23.42437855
7.512620661,25.62468431
11.91208575,17.72600278
12.04590089,11.05126279
13.61872961,28.11583961
5.425377128,16.38935756
9.314074542,23.30868438
17.87146639,20.37476746
7.585411485,14.4092431
8.219047434,15.23587717
13.05111137,23.24246194
6.969824263,27.92295185
15.67256002,14.05883852
12.11234144,20.93667203
10.44774856,18.70891112
2.04143003,26.75304419
8.264164929,24.65755206
20.17147992,15.02792539
8.570474222,24.64339067
13.27189391,20.75447116
5.376261915,24.30335019
2.046484804,25.23636029
13.54699235,24.45677116
17.24663398,30.58186154
2.278098453,28.66724071
14.23034624,15.40748242
11.65466235,23.22902042
8.169063446,20.07002445
18.74642492,18.8898213
4.974275193,17.33480908
9.412803506,15.1615869
13.34252773,13.83450561
4.587629893,19.23682624
15.52983903,20.79631231
9.42923309,13.37047374
16.14574152,20.44106396
9.88351592,20.34472951
6.324472667,11.19053388
3.297425834,18.69436055
3.134670538,15.91607969
9.25471453,13.28476169
-0.031379796,14.28699025
2.202157313,21.17933582
19.81350785,23.35001516
9.108408882,13.75969872
16.78810337,14.15803865
18.24496024,17.00997163
10.59742285,23.74145576
10.01810308,25.36405572
10.98221723,14.92838213
13.39869753,18.67160781
14.00562422,19.35508876
-0.076002899,20.56638438
10.23697994,24.16766518
13.06548303,25.64559962
9.149907595,29.21286351
11.12879762,18.71722009
14.46202071,20.93757136
9.261934506,25.63272638
17.68591155,16.73775922
12.26309677,24.59172207
2.021528737,19.84108955
9.06417354,18.80821864
12.83817234,16.83857069
10.81339558,10.75169213
3.140084935,18.95266439
0.580237442,19.35383991
9.659764959,17.76687894
13.43653467,22.66958746
6.459996356,20.00118957
11.88838634,23.14577098
12.9037887,17.17878139
14.87313046,16.51085139
12.93726255,18.42644745
11.22639389,21.33877425
2.169981479,22.28095025
7.45935926,26.09989104
14.29139427,17.72406481
12.2593336,33.16940186
5.510478816,23.33589519
11.59505572,12.98858642
9.530177447,21.25094444
16.32154162,31.20333022
9.829953174,17.73566507
8.059154849,12.08882795
8.69772584,21.15137451
5.61282743,15.07931286
16.46375715,21.90173555
10.82593927,21.36957702
6.983964621,17.58648741
11.9930195,15.88683797
14.29476063,10.78889289
7.890437657,18.19229382
8.472555553,8.858519091
9.704059927,9.646064885
-0.00936094,21.57172487
10.77718211,18.74252188
10.21281114,12.56828267
8.689804006,28.16135217
4.894033708,26.14684343
15.32678552,24.03051373
7.712045811,22.20670316
10.67651956,11.86876192
20.56393798,24.37469812
7.040831523,15.17166046
6.65631053,13.08487298
10.7693937,25.62031675
8.573041942,12.08464412
7.536517804,17.84073698
12.0488577,10.97113219
11.14678225,14.12001687
4.626871833,18.04253169
3.096245728,19.90524634
12.99116621,20.80256527
5.802656789,20.61582041
5.2228747,11.65917479
16.18109035,20.87702732
10.37992076,20.305943
7.302135462,26.99962833
13.8676906,17.14992896
16.52150262,13.81796304
14.92554987,19.7256438
4.941392447,10.72324916
6.969854871,16.75080799
11.58363028,16.34388965
3.176544457,21.74336568
8.090168602,26.33063483
9.928536294,15.16241575
9.67290934,22.9826583
11.11716209,20.7353438
10.91591083,24.42359069
14.45330621,11.07285816
9.734640776,24.12128938
5.850709422,18.01964167
9.394854511,22.96227858
8.951709783,13.39909026
10.19794781,15.43365293
17.40495099,26.85355844
12.83330029,13.79609633
18.94790179,21.57565068
15.57023926,23.35875551
18.97037264,15.36790831
3.177255501,21.0384328
6.462800075,21.7955579
7.218578271,14.50008451
8.449594531,17.42122226
8.119103321,23.50767982
12.29263004,11.61521648
3.694254253,12.18618727
7.362674184,21.45062813
7.215928891,17.14529782
8.127806369,13.25426796
6.978000095,25.29891423
16.01563535,19.94348247
13.84436617,19.97621344
11.19175512,20.11304074
2.924859293,18.26320402
24.66887193,22.70864032
14.67512879,21.23254908
16.16942261,17.13738464
0.543076391,20.94541428
8.886743534,20.065764
13.84063764,11.78339264
11.93976829,17.07500298
13.04566516,15.42047976
12.95259304,21.22000084
7.824296234,16.35474392
8.746150508,23.99154949
5.368653081,22.12849229
15.43717902,26.1644957
0.28020392,15.56389502
8.596897808,10.9836829
14.06038778,14.55210408
8.961481565,23.06843581
17.2537866,22.32582611
14.20746589,24.23327967
5.671310889,17.82843764
9.700610966,11.8989809
10.05765577,13.64933225
11.34555726,23.78346337
7.35919747,21.16267647
6.914630793,12.07385833
8.688137425,14.4592201
14.56173586,15.24302235
15.61805293,17.10329709
6.982401432,19.56289066
10.27661697,16.81658109
4.996707836,22.74652843
6.209105854,16.7984672
6.942820927,16.81145736
3.416388684,18.06482241
-0.037075086,15.77084252
13.84001064,26.608274
12.02880657,15.10526612
5.841420605,15.30344806
14.79037887,23.61507222
19.05359626,17.93357713
-2.750072424,26.70367253
15.7512754,17.15128784
16.13946827,23.73161404
10.76051581,27.29082484
7.384580954,18.29552851
4.492033178,16.37425437
5.601348593,13.53231332
6.816498711,24.21676756
-0.529657154,11.99340728
6.768708199,13.50293163
14.93396713,18.7899379
6.22549927,28.12475731
17.82602431,24.47767598
9.749753695,15.16577955
10.55514353,18.83162041
12.37735523,20.59117069
5.304980476,19.74285539
6.129771902,13.78230442
7.882207664,31.27096033
18.86439747,28.65596195
12.13275329,20.74473631
9.527649135,25.44806064
4.417022831,23.21935693
9.562824267,16.60929407
11.96263045,24.04913251
8.196889154,14.01947295
5.560078192,17.85555598
5.267917231,19.26369668
8.90044222,14.88324005
11.71110058,17.36018406
14.84962065,21.17141237
3.322734299,25.31876454
5.995602623,16.48103361
-0.233981721,16.42955155
10.55028109,24.67142028
13.58050187,17.79381748
11.27060301,30.58360799
16.14381094,21.08668186
12.91702003,28.57043318
7.064376131,26.35664787
17.23332679,7.070047584
12.21697018,15.84938333
12.88973443,17.59130187
5.390825181,28.61901093
8.753366474,21.99238704
3.890506768,21.35956114
9.63730177,28.55574275
16.82450623,16.1372394
7.712344901,21.20931334
10.3260011,17.62442339
13.91990168,22.51381551
2.061459634,16.06219565
3.153178434,9.244033675
5.362400987,23.15081715
11.5042078,18.36062765
10.40234473,19.72938779
16.23373415,22.50251811
3.827754499,18.82634085
7.804653528,22.04171701
-0.507969765,19.47196238
18.09378086,28.40894582
15.42164245,27.78696804
6.795995465,15.57558925
8.735900869,14.37596014
9.325853634,20.32593498
18.97677996,13.36019368
10.19198359,15.36604794
12.06499144,15.45598998
13.49786061,14.33026225
13.44895472,25.74759841
1.644702674,15.12944093
13.70024154,25.03137552
5.379375504,17.81651984
9.841557133,26.59167625
0.361035092,18.83559673
11.07151515,27.92548356
4.974805672,9.550335164
-0.894767461,25.57458741
1.637254347,28.06380588
2.896389322,21.63355057
12.75265819,27.96412146
11.55216588,12.6947768
13.42536956,23.79476182
7.340447546,26.34908292
10.9089273,21.39655638
12.05798089,24.68442787
9.574704755,16.82973234
4.466468982,16.13297222
15.64566798,23.23444778
18.34007812,18.23984079
20.09551463,12.16317314
14.46274018,20.90617617
9.063976584,19.77748775
9.361512922,24.93559697
8.473349302,25.43567437
8.685665811,21.24126616
9.742656778,19.63266345
0.136683201,21.01484404
10.05614125,11.84109664
11.17672429,20.78321721
5.248150732,25.34914002
1.214260124,20.07877118
8.200196745,15.64155764
-5.607947792,25.80651769
18.36273556,13.7140808
13.45274908,17.67317267
5.1166484,21.78258127
10.07567088,12.95038969
9.172729124,16.11663356
1.698933157,14.04834553
5.607828099,16.07941027
14.82907919,19.00236221
4.220893466,12.57133598
6.243021442,29.41558986
6.274578221,20.05243366
16.13526243,16.68415944
9.045710031,14.13488286
12.77155373,11.36519311
13.85716564,16.99897822
8.099666001,16.28671448
4.357243058,23.71424715
10.85050889,17.1991789
8.20728834,21.33488678
17.21469245,8.650098753
7.400265684,30.62816469
8.446789528,21.41010577
13.41368732,16.72856792
6.682107898,6.729739951
9.910247257,13.13531532
12.48295508,24.29196033
7.978626497,14.11943756
3.941755949,26.38972229
11.56371858,34.3709617
8.600690679,12.81345744
-0.099275673,17.38277678
11.34789432,17.97121464
10.65899625,22.46558745
1.606143648,18.11053838
7.370602483,15.76033026
9.124376883,20.9061494
7.216846183,21.25631618
12.75924205,20.9338295
2.119742434,17.03352318
5.228536138,27.87483915
7.750682877,17.91671551
17.21953198,24.09583385
9.223729556,26.9238584
4.89140546,16.65630588
17.69234874,24.8530205
8.844120129,26.15520182
12.75961931,19.24382947
15.60897018,25.18818241
12.04772696,11.07736812
16.50130763,12.52246789
6.045393642,25.39897555
17.99309727,15.64101879
0.885498632,27.57179822
5.12318443,22.21371084
7.067696706,27.00405442
11.16554776,27.18716848
7.632756876,18.36725088
12.9155549,8.691108375
12.10014724,19.52290352
13.39430454,15.82624032
17.41230513,22.16038211
2.873579811,10.55316234
14.8498749,17.34610992
8.672671161,20.3645392
5.984472247,13.94267882
1.11482949,20.90617667
5.754815542,20.18279473
8.502608904,22.79332357
0.298777604,24.76757877
8.199836062,20.58478598
12.55053094,22.03631243
3.510147907,19.22059342
9.975762988,23.86826632
3.275738826,17.14134073
9.741579074,15.39355717
14.47424897,28.66396906
-0.899411364,21.82053864
21.53208216,24.33045163
4.161248222,19.71852932
14.70214859,23.88207543
20.39550798,14.7859703
5.280879884,23.4686589
6.622729274,18.56449959
15.10825164,22.7149962
5.912482847,23.27759761
5.21439633,9.677205384
17.9055964,10.91764897
18.83221401,16.66478337
8.864824206,23.37300966
21.40555097,19.75453456
19.51873608,17.57551695
9.656892317,24.87654053
5.930704304,17.85698998
6.633723428,25.95862229
17.01015232,17.28268577
12.70008304,21.56826871
13.21137084,15.37690454
9.936401175,21.18660096
10.91439777,21.3500269
7.557427099,15.5015027
15.67618368,16.88985069
8.369744889,23.46274319
19.95931267,19.37535012
12.93386447,22.60729185
14.94166612,26.24702986
17.37811968,19.95039262
9.765233101,11.90302149
1.162344504,16.79885654
6.951830141,14.06253038
12.96628456,23.00751996
16.0169361,19.89152932
11.04128413,21.20002115
14.19569679,15.69816774
14.71520717,15.75364753
15.1404656,16.77101117
13.73781922,13.73489203
9.042864674,14.24451334
15.12345082,30.09685705
7.478890126,11.67619097
11.7427443,26.8413377
7.453130624,18.80662045
12.38912229,24.81443311
12.50492698,29.77396633
9.472097414,20.80378002
10.13654369,19.80755857
12.16857902,25.07349524
4.344677578,15.92024425
15.1034345,21.67176909
11.34637145,26.3470417
12.74274321,24.40140374
9.152894188,21.34561091
0.60779875,15.68942631
13.74153598,22.70599239
8.6994993,17.88728384
13.0913033,25.86038909
20.23968481,21.33557015
4.22187581,25.33665647
16.76470703,11.91763343
8.162390092,9.533005513
9.708447684,11.42747172
7.338909538,19.5935198
7.507497613,17.93232395
4.249302112,19.95716627
10.63120461,17.98620755
12.3643195,22.51596373
9.067373924,15.22181586
1.90356775,24.82172796
7.986204769,10.66235229
12.06406121,19.33913324
6.39640298,21.30265813
7.049673848,29.23532777
4.151866911,16.15425838
12.95728323,15.3818086
6.656805255,23.61619382
25.83968824,22.59741519
15.06519709,20.53206723
9.170063402,22.06615722
10.01208236,21.26887452
6.413490084,22.81345823
11.40669014,21.90188636
10.03640949,16.33432923
1.351498868,19.18910475
0.782631918,13.558655
13.00601516,21.6833292
-1.589687854,21.01202345
8.098439631,7.03545073
18.2758245,16.97580318
1.685724755,18.80968499
11.47364833,22.19098278
17.8495072,16.43693607
12.55973448,21.21765398
16.42951201,17.74492633
5.162426232,21.59209781
13.16194677,12.41378896
10.91539334,20.73078478
16.75058058,11.3740976
22.43663836,20.08510816
10.57330849,22.77650088
15.47870182,15.26447885
7.986450644,18.57630499
8.204651428,23.93524127
7.23605885,13.84506439
3.226625099,19.18043883
10.36669431,13.21674486
9.80505735,15.13959213
13.60934942,21.54815804
8.925405211,17.5283943
5.422075331,21.75325905
9.357807296,28.76830773
19.20105244,27.36324371
12.25265628,28.92245827
11.37396839,22.03347713
15.28188209,15.24331079
18.9602714,12.34377899
18.55409608,27.15496008
7.84285533,23.03141121
9.603615678,26.25098395
8.183874777,19.32290792
8.995047635,15.8191952
12.25640965,16.31179032
7.600290076,21.73094178
4.172374099,20.51389616
8.805280144,15.81054293
17.24917326,26.48575199
19.26436936,18.338906
7.983842478,20.57558548
14.13484158,21.22969794
9.354325488,23.73676255
9.392365566,23.71540519
6.628633576,27.30805952
2.107831006,29.85294597
19.01038198,12.58963796
14.00558407,24.25177155
1.038676362,19.55208825
8.262906369,23.87406554
17.77157965,26.5695506
10.53246397,19.79398537
10.9625446,15.70948768
14.24613984,26.74998997
14.95257306,16.68796108
13.13791106,20.36049674
12.07607743,27.19432364
17.37469532,33.72152562
18.54736037,22.39726283
11.14179801,14.35819934
8.95941559,20.39767549
10.06072878,12.14456218
11.74861332,16.69751913
6.611776788,9.746323295
13.2109134,23.87709268
3.552809824,17.9868967
21.13033627,27.47755126
-2.417096795,15.64164689
10.86417139,15.38281258
9.705479262,11.52025378
12.73726149,22.73451065
7.947631989,25.46857081
22.0120258,34.25460714
9.278895303,32.59363514
10.11698221,22.89845215
15.62060971,26.55878055
13.48887245,21.7684575
10.90453739,18.28190876
9.151985848,9.714018316
8.827359763,18.41073418
3.225346536,22.65260003
13.14978039,26.3977652
12.23635076,22.17401934
4.779790708,6.562892
9.063572127,13.20258448
16.43645435,20.83519075
16.37046407,20.13867064
3.894193209,22.06767719
14.01010953,16.94757535
10.6341535,20.11729516
11.94257429,15.74049084
5.639019134,24.85895913
8.96456505,22.71609682
-0.292063445,11.52442579
6.304383414,17.3244182
8.466889378,18.57338318
16.51708817,21.97568881
4.706700725,14.67363929
11.50860093,11.16760082
10.44986593,18.7374323
3.183038747,14.89617716
11.41261936,11.87272321
17.90349725,9.996630334
14.70020123,27.61656514
15.65715116,15.41669999
8.931520497,18.08935046
14.78919452,13.84612333
-1.854048148,11.35771862
3.733706953,14.05280036
9.125760242,25.99991445
10.54255796,6.652496824
12.58460227,19.56421371
13.60817193,27.5646268
7.700280836,22.53771506
7.591942267,20.02684851
8.253623389,14.426111
7.191170141,14.51663209
9.376486508,11.15621821
14.38776164,21.74858693
12.31673457,19.20293596
7.803173318,11.15432782
6.537913538,19.83819742
9.477736032,17.42371759
8.960000437,27.28355072
16.09654206,19.57942839
-1.352178495,15.3368054
5.132736655,22.2489719
13.1059513,20.44291667
13.31280836,28.04326997
6.745048756,20.46164025
8.956314657,28.98560264
18.98455824,10.64933121
4.506107926,15.31155812
18.88871046,16.39499672
11.58472204,19.53197115
15.24788211,10.29075142
7.368596075,23.7014546
4.398937318,15.9251709
11.99129747,16.06403192
12.10653402,26.50219798
7.874231755,22.55179877
5.61504497,22.17772186
16.49998302,22.27983758
3.316066218,20.94402874
17.14621215,14.20100522
7.0265344,21.56112468
0.586567711,21.7168095
20.90155616,18.58026647
11.89388639,22.41763721
4.653435856,21.85950215
8.124275092,19.73189665
6.026011408,22.2611085
11.57561434,21.06903712
10.66969693,28.61630502
3.797242122,14.17139723
11.28240268,20.31768156
6.629648966,20.53262175
13.16613677,12.43803429
13.01182437,24.25568362
9.829831567,21.72035869
6.051468197,23.77720324
7.647822229,23.41875785
4.935909312,11.89740482
14.16776635,13.01386686
16.77011781,20.38284871
10.25036356,24.06664879
11.68440378,19.23666508
8.955005633,23.52439031
11.09229994,20.47943725
19.36737604,29.94658209
11.30860902,24.99223363
16.6734726,19.85135901
11.23873323,18.6900212
3.121075694,17.35728891
4.047301091,14.48067365
5.130906903,17.21832398
9.501844015,21.63635494
9.446324999,19.10259895
15.96097298,34.84436847
1.720570349,20.96090742
4.771783547,14.48204184
1.298804331,15.62611607
12.56560386,28.96475208
7.77021577,16.89908994
0.804031121,22.61596647
5.900761805,19.33725207
5.023952256,22.14259884
11.48655064,23.2344329
12.78708248,21.82754327
3.633314963,17.73152978
15.12536305,17.53870634
12.33306086,19.83063252
11.16959159,19.99437033
11.32220949,21.46546075
12.16209961,25.48101828
14.86611077,17.87171383
7.354029707,13.72362795
10.22884242,16.61134412
23.97345707,17.28181034
4.559998988,22.32656552
11.47714785,10.76265451
2.810177174,23.30931261
11.0654074,15.16254079
14.87480317,20.55899563
-1.767310777,17.96572361
7.077410939,17.01438018
21.26937075,28.52540616
6.129894722,27.1384203
2.881660101,20.83552478
12.28834691,13.81856109
6.384995546,16.57270175
17.41872314,13.37559701
15.41024431,19.50355892
13.99879222,10.08248017
2.873920993,30.61315414
11.79601916,11.15711566
11.90611275,22.02869682
-0.417292659,17.48386927
13.13916951,14.92990368
11.50306623,24.15188095
4.708013807,20.67806966
8.956752702,18.695556
20.23986615,13.00839231
13.92048639,12.67388272
3.613853427,22.49202698
10.45562003,20.77994435
18.73422653,15.18580399
10.16226092,26.8120288
7.442836423,21.94826126
15.82402619,19.47167177
7.673613292,20.84691066
8.846849756,16.53379542
14.27904576,28.36557404
18.89572166,24.1939261
5.873286422,12.08041924
8.855600237,32.48885512
9.654813413,15.77563345
14.47065529,7.590212878
17.70203085,19.55574677
18.4555325,27.42246342
8.863915421,22.97535268
14.65605481,13.75496461
5.631986854,20.20580828
7.310893133,16.92101715
4.015279044,19.2415867
4.49792091,25.09024451
12.95609965,22.60658594
13.66856284,22.41791002
11.08638781,13.95352385
6.188929783,23.92602639
11.48451566,22.58196095
3.975031081,26.73651418
1.22117958,19.50321266
7.486286972,23.12166678
7.939360702,24.63064633
5.251260572,21.24205334
-0.02071085,13.08638437
7.876673106,8.544102379
12.6635203,11.00860204
13.93087655,14.7940859
17.97727064,14.40807743
10.20886578,21.75368121
21.38237525,18.96418063
12.26350109,23.20376693
9.215506958,21.25014158
0.349908984,28.42593118
22.15202708,17.98758208
17.05350373,23.96414901
13.16846488,18.28927997
15.59227482,24.199936
15.22186315,18.83547234
14.29603953,38.6364569
14.70917646,23.84632235
15.31065792,22.60828152
6.54947585,22.12531749
8.657310724,17.49198354
10.58761001,25.42768639
5.721973368,17.96682897
20.8760317,17.55473403
3.377750552,12.32488284
10.71098152,13.60327359
6.026775263,11.03141665
10.44611904,15.20727811
10.84504284,21.36716793
9.75817804,26.376776
-5.473276615,23.29353083
-2.481267389,28.03257807
13.60310145,30.89085967
5.539210733,25.50844605
10.48510006,22.89086033
14.00014931,18.4841285
9.158515888,19.39179229
6.427657205,22.56576354
8.866971718,28.82578102
18.04270464,24.26385942
17.80018765,20.43513225
19.72952381,17.65638184
17.50420006,19.57394932
2.034014417,16.80546017
0.722390551,14.60407168
10.32604041,20.61496225
9.111395563,13.8985499
2.611279567,16.86860665
0.028537825,16.7959941
16.23760087,14.9596815
18.35187888,30.55743399
11.31961594,19.28033456
10.85373475,20.8892058
9.389473063,17.47255878
7.527862964,22.50494187
3.04732518,18.46413175
8.975498536,29.42511051
4.755632291,25.43518629
10.95373245,18.77349349
13.53829031,20.46319762
8.545676593,23.13889776
17.41998293,27.31229159
18.37612577,17.71787199
16.18705119,16.31729912
2.940000118,19.39069603
2.291276853,15.02365468
10.38472205,19.24862499
10.79161349,23.47397867
13.36722216,14.32166744
2.652062279,19.40257842
8.624194932,17.46536258
11.75886279,20.37431529
1.675734443,19.67958223
10.93466076,28.34224054
19.51413748,14.96824666
2.406121375,15.88286818
16.65263316,23.24433723
15.25800244,25.5141291
15.27560836,20.50709038
17.15703482,27.34304567
10.10323502,11.80922936
11.00667444,17.80925871
5.051036233,12.78609739
12.59239807,23.59562896
16.37127938,17.25789605
10.96089665,21.01064614
15.87584782,16.01004231
16.21196466,18.71040484
3.543050284,30.05236585
11.68985544,16.23624554
7.624236603,23.7930046
9.170228023,16.38897926
9.168056853,11.80796229
4.384197322,28.13428074
14.70473362,18.44419912
5.43361654,17.21742807
12.42936061,21.95065008
1.024015107,16.80049475
8.15099265,13.46054247
8.956597146,20.99286854
6.694441188,23.52771804
9.117018578,19.73923493
15.17905786,25.62242409
12.92676365,12.02747914
6.033745838,7.047314191
8.937297559,13.08703328
9.516806447,24.89880435
8.108247959,21.36914722
9.340980073,21.51634544
8.532577123,30.03148806
20.68740544,17.70914349
11.44973982,10.30692189
12.73807005,25.24506526
7.105078565,12.02602924
11.21072688,14.82431646
11.43829583,17.77909348
11.97991478,25.74442752
10.9181028,27.17066792
19.9139232,14.99181949
0.166115462,31.64225185
12.72364125,25.30522978
12.64854107,23.21068308
6.435223496,11.03701254
10.29564864,8.631569162
5.445314487,21.05600638
6.278636625,28.02918585
-1.058201764,17.7662906
16.35025725,22.5021559
7.264080339,17.33931113
13.02510137,15.62317494
8.626646664,18.41374558
20.11920737,17.31103906
11.21030856,17.44153522
21.09420719,15.25272103
10.82113663,29.0845132
17.25487969,20.55857631
10.61708007,22.33073219
11.74400722,8.105418625
8.784992291,23.6243779
10.51307868,18.96131196
13.58110976,17.11696599
12.44948546,13.9812622
1.786717083,20.77521921
16.08140699,20.73230854
6.281737804,25.68806802
14.71541207,13.39709916
9.382489619,20.35983206
10.35275384,16.7511442
12.60236605,17.3058077
5.500804551,21.66426714
9.661767892,21.44187224
6.51488226,24.80502523
13.40604646,17.07291119
11.67108093,18.17576455
2.886352815,16.99962666
8.437489015,18.03260719
7.008427941,16.4947145
6.683096216,25.17706526
10.02854127,21.93548578
0.913854628,25.82152306
19.62459276,26.51568579
12.38011084,19.06372634
0.327783954,19.96179038
5.430899944,20.11493676
11.85210066,27.84443815
-1.46648227,20.52569039
7.589882556,23.57073997
9.903775486,19.55868457
16.35212625,15.61711055
18.37982289,24.50837769
16.61654903,9.000271608
17.4093677,22.56906884
7.517605805,22.68468248
15.68976917,14.51869291
10.20553439,22.95129995
19.06192497,18.18047382
11.67378671,17.69762018
13.4294184,15.9444376
11.91769728,33.2017224
14.08842794,24.92840367
11.92070507,16.63264498
7.757978206,26.57943903
10.53948325,17.243442
24.6991058,28.02261913
4.613510246,25.5514408
12.52654025,16.47679781
12.09701514,24.4838951
15.03986448,26.40410221
-1.597836632,18.43494661
3.692630056,22.71012538
10.64122472,16.73629434
5.361858965,20.60328732
7.850658046,30.22607389
13.39513318,18.62018727
9.838486973,27.74384813
6.092977599,16.29753193
8.54563307,16.87499259
18.65850401,14.66801744
18.00672991,26.97199196
7.748298188,24.06663724
17.73145367,15.76465301
13.05331321,14.49457798
14.46487146,17.9768709
5.178821687,23.76975043
2.312329372,11.32153926
16.64509842,16.02567198
6.333222652,18.22426128
6.845476988,26.03895436
11.09944212,25.49232252
1.75780282,25.53231148
12.96154957,24.95125669
16.62945962,27.05876709
9.427204425,23.00757903
1.359402644,20.06133913
7.055577282,22.96466672
7.21437411,29.07750325
15.23870236,25.37009877
15.28014295,10.77222357
11.49806592,13.3942844
8.074262651,15.49286489
9.265943716,17.4004831
13.36951778,26.58607569
14.0579446,16.57484634
18.78041628,19.20890404
3.913000188,11.76730687
11.88636431,12.4913328
11.29353816,25.58673308
1.383753318,25.78748246
8.941211832,20.97160018
7.238767664,21.92108243
4.160546668,20.85840897
11.24858708,25.15902602
-1.962196124,26.07890996
15.362706,13.27075514
17.47331825,16.70016923
16.25686341,23.44926846
14.56714749,12.81929748
11.23849587,30.88097678
10.80334395,17.26992248
9.432015798,23.37231575
6.197091428,21.08205973
11.04073597,18.49522588
13.75675219,16.91574635
3.457464783,23.61475086
8.749193996,25.7051417
8.305191208,26.81230238
11.51698751,13.61161754
5.68769431,15.44098677
14.80060191,19.34730424
7.491697951,21.15110437
16.35073849,12.26073333
7.442344032,17.62700926
16.04566963,25.88847373
8.31874747,16.06154599
13.23556212,23.42442303
11.38665644,13.4126524
9.543741728,19.45594362
17.47417939,23.27361532
10.92060937,25.23792807
12.12775928,12.89587739
9.288904173,27.67819457
7.969379826,20.76299822
21.0422366,27.33495802
8.943411008,18.74558906
10.71902191,15.94912276
11.6566775,11.65650307
10.86887014,26.35529401
17.14470013,14.65249766
4.155019311,29.58448091
8.262011667,19.94262655
4.313729245,26.931238
6.538045874,20.20227774
12.46728695,18.88567054
14.22500782,17.41976098
24.23912527,20.56843402
12.5119802,8.84064686
8.526950325,14.46188878
4.976706703,21.61464425
12.02578957,21.86646164
14.63857846,24.7861997
7.859912331,13.75321176
11.33657145,16.52422138
11.22261738,22.70796108
7.997604274,13.71641109
13.90053452,18.30585237
2.850853243,31.92403576
20.11901699,29.56974876
10.2704231,14.39133693
12.1330882,17.18791608
10.53726319,14.72738236
3.372155392,22.23462425
12.9529516,23.58992596
9.426357114,14.56126408
4.88933265,17.78656567
11.91451811,22.1981792
0.253308102,22.90669659
17.67870115,12.86780496
5.497394543,19.47517372
9.382764122,23.51327738
19.2608078,20.9016866
2.758953729,27.55286108
18.38971887,26.07483616
14.03563138,24.22359341
13.58208358,14.82288208
-0.946266389,17.13651546
8.788358691,27.31609227
3.028560093,12.46152739
6.457270423,30.39142172
12.19306853,17.3486316
5.583155401,26.06897454
15.43884552,26.94412916
10.24462398,23.14607165
2.066979636,18.91686867
14.27881257,6.803181916
6.985031642,26.13295519
4.815220888,20.92853751
15.91682397,25.29583508
11.58911026,23.62375062
12.46943729,17.26248008
11.58141086,21.32927588
6.511661843,12.26028863
10.09007955,17.77933128
9.103471139,17.65698011
6.749561563,25.74600065
1.541319643,19.37725304
12.39214709,32.44144666
6.664311448,21.07358618
16.59040515,21.36904943
14.92231665,22.69953974
8.507324865,16.61305521
11.62473678,24.09076055
14.64514402,11.18323894
8.57728893,27.97626166
25.11237804,11.9798437
12.82327422,19.60936874
9.533170523,15.13980769
10.27587557,28.74543403
9.806733323,23.83904972
16.54504872,19.10341774
16.2166321,18.57985404
10.67873011,18.39393916
9.20573128,10.76602928
12.94689867,12.11103133
7.01941286,12.61847062
10.28325335,13.10782484
9.069015382,15.8744899
2.916278371,21.26798788
7.183443256,24.16875801
4.455946556,19.0664145
14.70183712,26.11150605
4.137439632,20.95133462
9.399558731,19.15373067
5.143814978,18.67707868
10.474005,21.89315498
7.633461098,33.18681106
21.75945717,14.48920167
8.339842843,15.3923973
13.75100665,27.2129965
11.92684119,17.23332368
13.39510113,17.78164741
15.11782085,14.91167421
7.571442596,23.65872912
4.332605617,21.41752867
13.31809723,26.58646176
5.369388199,27.05144664
16.82633196,13.83687748
4.532340759,24.58617369
-2.821594637,16.35014074
4.709682089,15.53945193
7.412797037,20.13279596
19.49626269,23.93046733
14.11992957,18.32571746
17.86566093,22.70901675
3.430339792,22.89347122
15.57338568,15.79942973
6.960057754,25.40333873
14.33455524,11.89943783
0.282748304,14.59942152
14.9208295,16.9595893
8.489070229,21.22655427
9.068341099,27.23506062
16.62256596,19.78904299
11.81824112,21.0217869
10.50368485,23.18072795
14.11712774,21.21878736
5.555411372,21.07479461
3.34249134,17.29181363
15.41803797,17.95831758
17.11708909,16.07739288
12.49820531,21.14252488
9.960827285,19.79129684
17.09901529,14.64763909
10.74451666,22.15275933
11.94723102,17.50342048
10.59075177,15.64717007
13.76225056,20.4141722
4.140324288,21.05411901
7.684427971,13.36101528
8.99823622,15.64984996
1.900529717,6.148790958
13.8606256,28.49040972
11.08046913,26.60506445
6.451893454,27.54923936
11.75502408,23.55147881
10.8631427,26.43656161
6.477145878,25.98086526
10.31724277,18.3481002
6.208817745,24.77927144
12.67935489,22.81118909
3.048065036,20.92164849
10.80880594,18.56039921
14.22572519,20.94995991
11.02126589,27.31479293
6.10514272,16.17886114
4.576774344,22.11266274
1.886714004,26.31114204
12.28128883,18.05645261
10.92036644,16.80364192
10.28988179,27.36255689
13.46057857,14.10262048
3.168812134,14.7396946
12.69604641,16.13357276
3.390339764,24.78114325
8.593556651,17.03686488
-0.524734404,24.07701522
1.911976326,12.21672731
6.381340596,15.07319915
11.53370518,13.90691089
11.12798099,15.50772679
14.67858021,21.13253876
12.21202427,18.26308171
12.27259516,23.86619406
5.18963021,19.98999563
4.337673889,20.36924421
6.99836509,28.27293494
1.12469475,21.75094728
9.541429059,19.93197938
8.836871331,21.258894
7.434453648,23.16582317
10.92794293,20.18253318
2.841884447,17.28656342
0.506776062,18.35906982
12.85618614,12.7132233
5.121869751,19.88791949
5.617619007,26.36012336
7.77376909,16.99321814
6.128351004,28.00001675
16.15654748,16.80845599
15.14039448,18.59404256
10.25051701,21.16816544
8.948089296,17.8303094
6.934655823,12.02513507
14.97724626,14.89264496
11.1963708,18.48040953
11.06410595,16.9543671
2.518484217,14.30802998
14.38846675,15.70954991
6.982807503,17.78789127
11.70746101,21.64842159
10.24854687,13.60137514
16.58813573,17.28988524
16.7472847,17.0119255
16.51287435,21.55778051
9.564301066,20.16111443
9.432255157,20.94099817
10.48168026,22.61175034
12.44378806,25.28791371
9.851906166,15.4116184
3.36592444,21.2714897
5.550060393,28.14557291
4.548326537,32.54773031
6.662053314,19.68465422
16.47351643,15.97271665
9.543302762,9.336258813
13.34971603,12.80059213
9.555839649,20.81684425
14.75613984,20.900563
0.919201816,16.13024207
7.659924323,12.03185685
9.573077124,29.99300011
11.88459749,21.25721045
8.847464845,21.10696607
8.961744613,17.45218926
15.65076997,16.98735462
13.12213237,16.31933686
8.364993469,27.36872855
9.677873459,20.68167248
13.45441647,31.59478377
1.900213323,26.51567056
14.23846013,12.22628704
16.84735464,14.94262294
7.032010846,27.13573888
10.27092668,21.56088067
2.306564098,26.12101257
9.400534833,24.2015322
11.31815171,24.52471171
6.209375926,20.78196384
9.496085608,18.27301334
5.34081281,17.99798605
9.538419698,20.93458776
8.803072392,23.02578667
12.48614088,22.37654546
13.74723709,23.54022303
18.2722335,15.89148663
14.23537619,24.15805288
7.955687926,25.51410134
9.06831203,15.87768425
18.6764281,15.87991196
4.060433496,31.52214425
9.408158632,21.30312397
21.964893,18.28590388
8.114551309,10.38708117
4.04618401,24.30746459
11.41125075,10.34660122
3.670960476,22.59516312
2.877960694,21.14783685
8.92264543,13.69858146
4.072063174,22.87530379
7.688200907,37.87909568
16.29081404,12.38123593
19.8352175,22.83588225
6.462093152,19.681776
7.830267375,23.4138876
11.28433407,19.8998524
4.774073538,27.99040008
9.903293616,14.60424586
4.757847443,22.01171659
5.911952214,14.85711383
9.398771574,16.50260889
9.557743051,20.18915021
14.08190893,16.27407748
7.975606481,12.00405201
12.83208893,20.02404785
1.45684832,27.54244359
11.3360449,25.90877594
14.22830618,11.79994244
9.710408337,23.20615452
9.285163117,20.02543373
7.991407427,12.57019069
10.7292022,21.05053527
14.12959276,18.88233145
14.69418854,13.27366256
11.17760472,26.53896773
7.478187543,17.73026269
18.65328819,7.618952429
14.91082355,24.62428064
5.376009449,25.94332411
11.02775408,17.96352085
1.801751754,25.87784215
1.868738294,20.50054138
5.90671024,25.31218027
10.16562114,22.42411498
7.177261527,21.89033125
16.14007353,18.24048784
20.42227814,13.00622012
14.5460235,16.74247703
16.30193791,16.61789353
14.30513085,12.88130735
15.46761014,17.12368566
22.30885275,15.66471454
6.529847932,18.36695758
4.009884292,9.440389787
23.07969663,15.84994939
7.125658287,16.21956596
3.502378029,18.26774326
4.739452007,16.71964502
13.74015496,27.17103041
7.297631951,21.68664664
8.000551306,13.47213634
8.463370749,25.20449234
14.56743278,15.35567725
9.709819901,18.83791343
14.39749051,22.99662332
10.426208,19.75340941
15.77081737,20.82084574
14.08322588,16.8719133
12.58184389,25.97529363
13.59652126,21.24276491
0.831443207,33.50724887
9.46176865,19.9122485
8.077833467,13.16187995
2.224415599,27.65665593
10.90098986,10.33414336
13.08110935,12.63012367
12.85528669,24.9830101
6.531364802,27.02120309
11.78223796,20.76401655
11.97984303,16.18143624
19.14529491,17.94815611
4.408494676,15.96315304
13.44602399,18.32581221
8.293809973,22.21648108
11.23604734,17.24426657
4.337281491,12.62330476
5.604068182,19.19530886
2.27377416,19.32040815
9.546211779,13.93743563
11.04384133,28.00420207
8.71870281,15.21194593
5.743955935,12.87777311
13.04976589,23.17335895
14.60832819,22.26606182
8.617874995,16.55349278
17.0620472,13.84270893
3.50121646,18.58049195
13.56148555,22.24261352
13.97966662,23.63343576
5.800618587,13.86871761
12.89103066,21.91661919
13.43270481,28.57411367
15.87280695,27.29221049
11.88783457,26.83615031
5.588459569,23.27641391
7.299109876,21.87147368
7.531886899,18.85481477
15.04009738,29.42672621
7.016553537,20.99983143
4.191600027,26.55045736
12.52343917,17.26244686
14.31090278,17.51813993
20.57733174,20.30876366
14.04988325,15.83778781
9.956423328,25.78751888
10.8078584,11.84491831
5.419837775,13.73700453
21.03466912,11.20040893
6.106968561,25.84232954
10.63078513,23.66753986
13.84694391,21.57998159
2.237693426,17.87434172
14.80678885,14.63006526
11.53044197,14.73713541
9.249216301,14.98479419
12.32318433,17.83358915
7.645977047,17.44629461
-1.294385916,21.52817223
13.35026696,17.34310395
7.724610187,20.2492131
17.6571605,25.91651382
5.712598121,21.53406718
13.42075988,24.06757939
12.8140968,33.23229012
9.765578538,20.42930673
4.271963789,21.90517979
10.93935204,29.44680147
3.34501345,23.65730404
6.18378111,25.75261348
6.371773208,21.00404117
16.24559889,9.360980634
1.945174963,13.08592437
5.707979115,15.21743523
3.20357428,26.34602055
11.98708809,24.6677089
12.51809961,24.67687985
18.752112,17.84337981
6.293209213,20.82817447
18.29659243,27.94792106
12.52383344,26.77445211
11.09486683,23.02190345
13.94802856,15.07607056
5.077937992,17.33476121
8.933788212,24.29855332
6.686780685,17.0030523
20.78635253,16.50127416
5.997165831,23.34628034
10.42746814,16.48286746
12.49833624,18.64741296
-1.195905048,20.0994165
13.18636425,13.6170746
0.448723236,18.28727446
12.04617254,23.5458607
1.133383004,17.81283444
6.67672423,22.20412078
10.45785725,23.31106798
6.522902496,25.9885324
3.900389731,25.42982206
19.40429969,29.52655675
11.07636627,21.41034259
19.9581268,21.73669791
6.637022181,19.12783352
7.544353571,22.71174444
19.73507199,10.05995908
10.26866865,18.68966167
9.837495266,16.45719765
16.0052225,30.09891473
6.805367473,25.08083537
3.368296116,11.83666223
11.80502326,22.52417007
7.736659924,20.95237425
9.280790765,12.20064027
12.60149564,10.97779357
2.088302817,14.99698373
2.157541362,23.98240073
15.85609852,18.83736959
10.07728979,12.47981858
15.10145979,16.0337703
9.231000172,22.08696584
12.72106675,24.65574848
12.26179834,12.2364653
5.984930976,15.38573421
16.12772909,21.28824396
14.30248892,22.42920337
10.85785092,14.87279742
9.905816843,19.22264516
21.59658479,22.52633095
1.746742426,27.45851579
5.022301887,14.3647963
18.48914605,17.15496416
9.140993959,22.83859978
1.340246508,23.80899115
8.099909787,25.85255153
13.1595715,15.0923376
15.82261053,18.7890147
12.49891988,20.33407114
6.990927514,10.78264397
2.298023505,26.12231873
18.11536188,26.19868491
9.861044757,15.43885479
7.0220927,17.18316375
7.354451351,26.91138706
14.57632135,19.836272
2.885003406,15.81352675
8.286296328,17.1039769
16.27631429,23.62696968
12.79752961,26.6480606
12.29185743,25.10400808
11.0052855,23.97687663
6.417936991,22.19755421
9.440690686,21.76078639
5.780094441,22.27438225
14.06034143,21.56635313
12.0118793,24.10757901
7.649119604,22.43363564
15.77275666,28.58207607
17.45561514,17.13655949
15.1058202,20.97918544
14.89600506,16.81057102
7.526945259,18.75267279
15.35735421,19.7995431
3.975126534,23.60682791
15.10898634,16.28120782
17.10612126,22.39959126
11.92682522,11.32662668
9.536956763,22.90201167
7.315418809,18.52016029
3.404158279,13.5885723
8.87790366,24.25804589
9.201060816,20.37247357
15.96672413,25.44059484
4.56957629,13.84671912
9.4395999,13.85701187
7.883569255,20.93592716
8.309133156,21.3518882
13.30135077,24.04685417
10.19107045,19.51901904
10.49897313,18.40509938
12.29999509,25.99764468
2.158791247,22.94512404
9.459636531,25.29051182
10.58711252,13.57774274
8.563912796,18.27292481
14.02559058,17.62800485
2.797488928,13.235225
-4.039246184,19.41079354
3.965185256,29.87496319
12.34811792,22.54657432
18.79506013,19.39373276
17.8167889,24.11649272
2.909560632,17.39002713
5.797255586,13.44645135
15.40442298,19.03858306
9.971341813,10.27115035
12.26897027,23.935265
13.64311354,20.73790709
15.36238159,19.22075505
18.19569189,16.51004116
10.66108146,18.06744282
10.14409363,6.425947956
-0.003171792,21.72125126
13.9023483,21.7813168
9.320728393,26.27679444
2.994963283,19.35141479
10.60437912,13.71879875
12.23479266,8.863490987
3.387207414,15.12207069
7.334490812,15.0147303
10.70879506,19.90044641
4.100883529,13.97098629
10.13969199,15.66308007
10.34318445,27.22104486
17.87229988,24.38657447
16.56704714,13.01205337
6.270198088,18.60008542
18.65345628,23.37381948
13.43720046,23.4409128
1.187373261,23.12249569
4.938580429,19.60573626
5.900620278,17.97034843
9.207901964,24.7372578
7.257164123,18.09794962
3.914505983,20.0548262
3.74374879,16.86212417
16.61496525,24.88156694
10.86388992,16.54802231
10.70816973,17.72870669
9.756292667,15.98449308
13.79765741,25.6348225
12.68394441,16.47402581
11.76044588,20.69090006
22.22997887,18.17653756
7.62337965,29.83431544
14.20423785,22.58701762
16.4616323,21.27604817
11.32329453,14.80047465
3.497622258,18.85038101
7.908477055,15.73569224
12.66476526,14.04960716
7.30335718,-0.633138113
11.02133238,10.540272
7.370424138,24.78820319
12.73891281,10.96288104
16.77255574,25.1208378
6.46750484,20.30686482
4.164202202,18.55120095
6.709228812,26.80865776
9.441769661,14.95194574
6.387791821,29.05157893
3.572838556,21.8418134
18.73242712,27.97690703
7.303951869,20.44813022
14.74299936,14.38172212
5.248753814,14.71040559
7.915841886,18.08569108
12.06617496,22.47258043
9.138618516,15.19577015
13.99965405,22.03046125
12.51870901,22.27381114
10.59869406,15.42989471
8.71366874,24.22754343
3.318599684,28.66369572
5.999147878,15.03120825
4.132483062,19.55711253
9.157540217,30.47344155
10.04398467,23.81655042
13.22620132,14.93516419
7.083713664,25.53061076
5.72777204,25.38086459
10.14805984,19.86929939
8.575567609,11.71894567
9.742460138,27.09866558
22.68187369,18.25767114
15.3386676,15.69654757
6.574616439,11.48347954
14.28595351,14.14397209
6.407794859,24.32971002
1.450555986,24.618683
16.41489113,20.04821874
10.72245016,19.3902537
10.28247313,22.90407505
6.451896663,18.48208858
16.21226751,26.6459715
10.96281122,19.64585921
16.48691063,19.39604583
11.74926095,26.35935903
12.82278917,21.23331622
5.669693332,23.9924599
11.21423182,16.15869768
4.695236802,17.9964389
-2.107796437,22.43089749
14.70803782,22.7085441
17.16442072,27.00329272
12.0915869,17.52878394
11.3400457,25.20438697
11.92026135,24.25339586
0.864202577,24.9486152
5.101301759,17.15113328
6.713299439,29.97316136
9.085981596,24.8324745
11.82254215,16.2760561
16.17398268,25.06201897
17.86019112,20.4735524
10.18486699,31.97610253
13.24178391,24.47837394
8.643905584,16.43684084
10.79230758,20.55893702
14.47860232,23.36932015
12.36244006,11.95143188
7.547548513,15.68488799
13.27767659,17.39473343
14.24848831,4.380327308
6.818324797,20.23609912
12.56646207,15.62294871
14.7832824,26.71853592
14.04855147,22.51627505
9.1177242,21.53240605
14.13316571,19.16435396
16.70298328,22.19016542
5.018915254,22.66333653
-0.887718312,18.23382996
14.56252961,25.7606786
6.074914148,17.25604403
6.341952303,20.75141225
13.89004203,23.34809614
2.930802512,9.252141955
11.48716851,23.01895424
21.79881796,17.88605601
4.715015306,23.08062219
7.854514388,19.01244462
12.37776188,18.2173781
10.84482961,23.19179682
4.410738038,24.37883769
11.06051762,18.27094603
8.255773081,27.65025482
5.017667446,30.07634555
15.2143592,23.07468091
18.53235673,16.61148446
2.393783527,18.68845732
15.73458438,17.17903781
11.17219808,24.47122029
12.71609409,22.87213409
8.074637953,27.49878396
12.57027745,17.40351139
11.54002112,6.378278045
19.19576964,26.45140761
17.96702325,10.52479763
8.20901575,26.04117028
4.435614111,20.55894157
12.47959248,17.60205379
3.1272286,19.63881533
12.78105077,11.78017653
7.596659245,22.4624641
16.11441875,21.23905457
14.92247986,15.34435448
17.91601101,20.53271728
7.373964233,18.37799824
20.08239824,20.27870895
6.329554029,12.1817762
3.846887933,24.91915248
10.5916615,19.84751449
12.36007424,18.6517282
16.30697392,27.06070717
12.52484946,23.77624256
6.117861382,20.98475086
14.50377884,21.2620889
5.569413979,16.54479777
15.76795338,29.2256793
11.91206161,14.10947382
11.51385629,9.429689094
5.667896564,14.05646787
6.755906657,25.10269648
15.4272325,21.33138141
12.12964117,24.32946165
7.488879929,29.40879425
11.20112563,17.28346583
17.42359867,20.82450775
7.958708724,13.62236026
1.497099369,21.68886542
13.09744381,17.60240461
10.26563175,15.95554283
6.388507021,20.16456669
6.570625418,19.40203602
10.51038971,8.694569458
9.760425971,15.02800055
10.42926058,29.52467986
8.896885439,11.27378414
12.9072427,21.9117531
5.319718003,12.74521542
5.961296847,19.4236603
19.12838074,13.96823244
15.47275617,23.46126379
7.620406765,30.07180982
4.019016711,15.96003995
-4.479635177,21.63021038
14.66467342,20.84105065
10.9048181,21.04883181
11.88017512,22.08593184
10.86739853,14.46642915
9.608197169,25.45002464
15.43322302,15.31613005
12.21050282,28.10030269
13.73856113,11.22409746
10.01108805,20.3999497
13.82319185,30.10941716
11.71094989,18.56598663
11.02505551,12.16473197
11.80170723,7.323358882
14.04213586,20.4850147
4.284595745,23.2273501
0.444964497,15.91035627
12.95396046,18.91179331
8.3798256,16.17278296
1.088249724,23.01985437
12.7782013,28.27881927
6.757907387,19.54245323
13.8263252,11.60832614
11.85975221,23.40456213
13.94652771,16.77917734
0.752887968,21.91856135
4.056593495,22.58034588
14.92710671,22.04111623
8.928492382,21.22367847
19.83159914,25.55104839
9.104095683,17.66198824
-0.370877342,27.44303539
13.52052543,19.09473781
6.03505357,12.73297644
18.57607376,13.87015034
19.22551377,19.56366178
16.99133583,22.32485122
11.41081063,19.09768372
6.543486082,24.14746293
10.11998198,26.32363136
7.194447327,16.41092252
6.454596123,11.14310228
3.471457346,23.22014985
10.95142689,18.24176011
14.76101426,7.912978927
11.32783401,18.043035
6.533679671,26.74751862
11.88593428,18.13739557
13.63343398,20.29475976
11.29451937,22.02423419
14.02950726,19.13628973
2.368833578,21.83575525
9.704573267,19.5273543
6.811038102,21.61197892
12.76117997,23.97190877
17.01873356,19.04545973
12.56025755,16.6212848
13.30239555,19.74855977
7.40412423,18.77853587
13.60842627,24.54114857
8.609188729,22.682436
7.376503127,16.36839756
10.31269437,15.41816745
7.747005642,19.74570904
20.58121788,16.76214303
12.15659449,18.3765691
6.384027867,20.2271627
8.285488009,13.40314488
17.47694428,15.63419554
4.953123582,9.212140448
3.98262571,15.63987039
11.97802011,25.96574471
15.29545637,34.57783903
0.105729351,16.49888429
10.95486603,24.11313492
21.08222406,13.14595226
11.74130414,18.63717334
14.40694726,18.58583012
10.19027925,19.35475288
6.748699997,17.75215985
4.496247842,13.81266381
6.676220377,18.26431658
3.176386835,14.94410552
9.903436493,21.73611343
5.445387877,29.73995556
11.64991098,15.80202364
6.896989368,20.54624966
6.903860229,20.46143835
14.05449309,24.97029069
13.44980189,20.70232647
21.34347472,17.52577423
10.28583353,24.34964483
0.997614601,18.92333206
5.140862775,16.99755995
13.20254293,23.15804153
9.352363946,14.66136568
14.75866124,17.31333157
14.91806817,26.31730854
20.85018576,14.40197548
11.42389393,23.94630661
9.61391878,18.2638347
7.4592837,21.04126354
10.54363866,31.00267203
12.11046856,19.64946851
17.71111868,18.45031547
12.87590872,27.73418009
3.296035305,17.33117016
4.019674134,16.47332705
2.192008938,26.29337982
15.31396866,32.46046215
2.958312992,24.80932938
7.117847296,16.99940892
3.968281955,16.09014669
16.01916622,22.60076535
17.6726814,22.40520058
13.84216711,15.05765878
5.301331182,26.2564594
8.504733355,27.11106672
11.24372561,23.30335149
10.96625661,20.22293963
4.160657179,27.80077174
8.837223912,17.22782696
16.37243924,20.10560673
4.742247365,28.24405724
13.9260817,15.95850308
8.111062424,20.58692494
11.08731821,23.79114485
12.99047559,13.67532448
10.68033269,14.08060529
17.72991108,22.63610731
2.7397655,23.4209955
11.39493042,23.1595686
13.5301165,12.35828975
9.920755574,20.52157479
6.664815446,20.07761029
19.57977167,16.35174777
14.78464595,16.00057539
15.2922856,13.15115266
4.254087447,24.80504157
7.671192893,21.94538162
0.050361753,14.85032662
11.67969713,16.68352077
1.265973494,19.87824796
0.394034789,25.92429118
12.80105288,18.83653445
2.155829686,14.82212123
7.784754524,23.0648554
11.83752348,23.44412764
9.508261153,22.88325533
13.6282437,22.6041455
5.786260552,14.4208825
7.848099073,22.51844719
3.484452955,23.6939323
2.999149483,20.35470991
9.813516916,22.19711437
7.95276084,16.34871481
13.01086172,13.04158552
4.718214217,14.03313179
7.25523165,21.9237976
21.37088557,20.92640816
11.66560406,9.91265033
12.32256147,15.49281714
4.971521477,16.13907906
19.98818469,9.432589352
15.34981844,21.44250433
17.13008001,20.09785635
13.99553759,23.39597002
9.488877125,22.90700502
7.138613286,12.84365975
5.771131507,21.4693641
11.99928977,19.8762016
6.83850008,18.50242593
11.01407399,14.3934701
10.65693078,20.95243619
12.24137673,24.75770013
8.798362511,21.90665936
11.00165178,20.54544883
5.903878917,17.92536117
5.37754057,22.43327553
8.396919247,25.08551707
5.078003296,12.34813033
11.08739113,22.66713869
17.66240327,26.05715221
9.203531248,23.92565386
12.12920158,16.11401777
5.871103551,21.16197093
13.95520488,24.41788779
9.70112606,23.31732021
-1.933811331,15.22674352
12.23872141,26.69130653
13.25899941,23.49607532
12.46167738,9.680221599
9.881725114,16.39519631
12.83651578,8.033994805
9.561375307,5.211590838
14.84199472,22.67360591
3.919210276,24.48195347
13.65558529,14.97917441
12.29846214,14.62254375
13.54193982,23.64097954
8.825952005,18.19177598
11.74875607,12.36604411
12.94527889,14.66646161
10.31789606,15.59479046
3.295001889,17.22070544
12.57946294,12.40329724
7.091226055,19.31580211
3.419037195,24.61557904
13.29183763,23.24380237
17.37275397,25.68110223
10.52262138,12.93606623
13.89732738,19.79363144
7.858639133,12.31041804
8.730956307,28.17249668
15.67429819,16.46168681
8.426524114,7.757382695
13.45030833,13.82033302
7.062479836,19.6392731
11.03425068,22.63879101
21.59449664,25.29907047
15.15377701,22.54517121
19.9808433,17.8933896
18.20520871,17.50292753
13.24992008,19.09535855
4.27475998,25.69764975
12.56050259,26.54845043
10.18916295,20.77287787
5.499920153,26.43565953
0.899000739,21.50400497
1.831836542,23.91841922
8.735847534,23.0031617
14.4732619,14.81076051
-1.059657927,31.18708226
15.8554824,12.53736657
0.894036855,11.48475482
8.330193253,27.60171191
15.77628506,25.21492344
13.76837116,18.30736627
11.27635101,13.54764329
9.92674693,13.26229735
11.9779571,21.15590156
8.044683938,19.81050816
9.729111869,21.33231378
10.0376948,31.94338461
17.86367668,19.05557186
15.96676279,22.09124288
14.92840352,27.64999598
12.24321804,26.80380237
12.56451804,24.8378031
14.38282551,20.60388772
12.40994941,23.15848682
8.009884045,15.1882177
14.8250927,20.23959675
12.78976797,28.58876633
7.57759861,20.11945442
8.142525705,31.69949534
5.332733055,23.590125
2.399704981,12.78209844
8.373348631,24.31330162
14.34664856,19.42340238
17.45099628,21.59633665
13.06232346,18.77685904
14.3466269,21.83356615
6.238919124,13.30151437
2.528819011,17.30879735
7.69864294,24.33657374
10.79020024,10.41970325
7.956323835,15.69807101
15.17107131,10.20046766
12.04982986,14.82711518
6.899111126,21.53500868
17.24228736,17.38155479
6.634607916,31.0196865
3.904118777,22.10561279
11.18218245,21.07496106
12.19948761,20.56859706
1.540277185,7.832008709
9.666105694,24.1624952
1.084786747,13.6596017
10.77800416,25.78350126
8.976024657,21.46551539
7.202396091,23.06694362
4.670346324,11.60227305
9.205838008,8.244059524
4.791575215,22.21675561
17.65964197,17.15483496
13.44482051,13.23897164
18.927741,21.67913089
12.0646795,21.83612695
13.97679633,19.486927
23.51561972,25.3274428
1.535795347,4.411645244
-0.477893719,23.97168805
4.779887639,13.22106564
15.06558789,16.58785742
2.963034431,17.87710117
18.40051589,26.22522707
16.66227919,9.779746783
21.76725893,11.72838394
-0.243501878,28.91158991
5.482135014,23.70685156
14.08496431,20.56776826
9.485657699,22.44225967
14.44888731,20.51945834
4.541922253,10.7340722
12.32169533,18.03161371
10.66843047,17.16970158
10.60011898,17.04061068
16.35714271,13.76463022
7.365222307,17.94848227
11.75833847,20.85176228
3.646142536,26.06851223
9.213608627,23.02908504
1.67789186,20.49705871
6.690980755,18.10447712
10.4066516,18.39510151
14.67051229,22.45081656
8.498655642,16.38799923
10.29372235,23.3656953
15.39235793,15.41108911
2.065435244,20.98859266
9.922153716,28.64958941
9.851466518,18.36117921
15.56825919,23.7868691
9.787551652,20.04913831
5.604481697,21.85838069
0.549264158,20.735629
6.801085736,18.08974333
15.91756608,15.30883364
19.78518247,21.20716207
17.10116836,23.87329722
5.816264247,21.16845948
10.15121564,14.15079612
14.97250478,27.41091026
7.815857842,19.53557318
5.406411671,18.68967973
9.696224031,22.27154783
5.276633535,26.06700766
1.752166524,24.54577838
5.588763777,22.2670753
17.3238087,13.52646408
14.00780926,20.82899035
11.50219181,21.64170182
9.162441999,13.67692818
7.650025489,12.39311988
9.433668993,15.27391406
11.25751319,23.67729228
19.17219898,19.56818945
10.6589795,25.93981278
9.560224517,22.78920109
12.09140509,27.17593197
15.68039024,28.97893459
18.16572007,15.02413272
12.35962622,9.936818459
6.207789314,27.72079163
12.21451714,18.3974127
9.804290006,11.99266928
6.569065805,22.37651596
3.078898817,19.11845887
14.22534646,29.65701248
13.82282975,25.87039189
9.995524234,32.17763178
6.407829999,24.19869924
8.64935848,19.28342238
5.066929212,13.11919357
7.161462969,24.41753528
9.453221916,19.92815212
10.35650026,22.20611768
9.666191868,14.98415821
12.92218405,24.96893894
-1.576156573,10.68216055
20.60970084,24.92843617
19.13787873,21.44545572
12.19211104,24.76128001
2.962868794,21.30490479
13.91359582,12.61391014
-1.82682395,26.24193129
17.12886726,15.71268583
14.698471,11.65955191
3.325857529,17.91856639
13.58935036,22.71271681
9.553382518,18.29642423
10.86857167,19.08941862
8.906748011,31.31969063
11.36622531,17.95215563
15.30003364,12.88970832
6.099422577,14.52013266
-5.215210469,14.57615537
18.20076857,28.37973801
-0.126275789,9.961280416
12.28809363,16.64639037
10.2040765,23.2321073
11.77075641,34.01346477
15.86967247,16.61214745
10.05198145,17.29281829
12.27108469,23.54240452
5.188419694,24.30029956
11.15221734,17.03169871
9.603474036,16.07460484
13.41895979,19.64948753
13.84979345,19.95725046
8.218058876,22.03696175
3.654059825,23.02674582
4.117682331,14.91323964
5.833427639,19.79590724
11.17385186,18.95180169
6.260515236,16.19454085
10.5105722,9.949318308
15.9117043,12.02360259
7.622994471,27.74826972
13.32656709,27.40553077
9.01598114,24.9787525
8.182648803,25.02052508
7.65293097,14.00878526
10.25617723,18.42550131
7.563360385,22.37594492
15.29386542,19.70883678
9.869934282,19.51233134
13.24977249,23.66917563
18.00654123,21.05745789
12.54369723,18.31606749
2.206117458,21.47179421
3.598821985,18.35121966
8.112804042,15.81644507
14.40611607,19.39315661
8.408486505,26.80991324
8.516926344,20.52927518
12.22999612,13.35755195
10.22926101,17.91996479
10.09389618,26.12523768
8.908992419,20.89072716
15.49847808,24.3154176
9.595547749,8.694722162
11.63197835,24.0872484
12.47016212,26.18858957
11.6165385,16.85479118
11.4931605,20.25417396
4.727633436,23.58609289
21.37805655,13.81247776
12.57891131,25.65687168
3.869583221,20.19488492
18.14883727,17.04655365
8.82943876,15.86303419
17.35011267,23.19844655
14.80634661,22.03158062
8.578042204,28.32573915
10.29239011,29.64720192
6.053634042,21.76911502
0.389587442,10.21524505
5.609898207,18.59877682
10.2967516,12.86665221
8.229325148,16.07417148
13.66020021,19.87487359
8.415352233,22.71912275
4.272160979,16.89113814
5.706444603,18.32464999
-1.91454844,19.4067946
14.34623412,15.89301392
12.5166285,27.49304283
11.21727763,22.98331928
10.60444895,24.88762649
11.98243044,16.94245986
6.817066416,12.52985522
3.336180579,23.23970464
10.27686915,24.70188536
7.510232911,14.98219575
12.29559667,10.83112725
13.42735658,21.37951629
4.109336905,27.57720767
2.205063766,24.33987462
16.35344834,20.89408763
4.022096646,26.62800475
4.222804422,23.89348232
10.00833642,24.14190861
3.174487697,23.7766534
11.86076513,13.80700064
6.221145735,13.84868985
16.64201605,24.0338669
2.21819902,21.06594218
13.63733263,15.47559461
7.977729827,22.70314112
20.4582562,17.5594045
7.783239585,15.82254692
4.76568145,17.15800901
7.115263422,22.39076706
10.24959633,17.00377989
8.897059645,17.81630702
6.655506371,26.02979445
9.509901298,22.72963968
10.77923441,25.74674683
-2.305671452,30.86735914
2.08850961,21.61208177
1.679004735,16.77592473
14.08241148,18.47869212
8.657254077,13.36105706
8.933392942,23.60300105
17.30586306,21.10467526
4.411649974,17.93099998
20.75354171,18.55284913
8.732141774,28.08072535
2.694815785,22.38134811
5.491827194,28.19499171
8.547485485,7.355795128
12.75023708,23.18775679
8.84629998,22.46842531
5.55989473,22.80243183
4.569674826,14.46284611
13.39415022,18.67955352
9.381901369,19.84647514
11.44308903,21.92823291
9.159134363,23.01398605
2.602292937,16.32204326
14.98766698,20.78054466
10.56692125,26.45387771
17.65445442,23.11744879
18.67012467,23.79332782
10.72344646,29.02466525
8.784373413,16.31111408
-2.649810204,28.91796007
9.922083459,24.52284952
9.242652642,15.7224528
17.23406423,15.93074145
6.928162812,23.07541749
15.52551744,10.09242034
6.403588566,18.77973636
8.005898704,18.34247019
11.41469673,25.24142685
13.99931424,8.448538359
9.200518605,20.41999176
15.37052458,23.87840045
18.03923838,19.91407155
8.782923861,17.86097684
4.156201969,16.49568876
9.600285692,11.60147511
15.11154197,23.57427295
7.03142685,13.99471835
10.24584747,21.90056237
12.95329742,15.16185857
8.587080187,18.04700703
6.621047316,19.15311731
8.942050557,14.80234215
14.21852601,19.39935056
2.455801962,18.98881993
5.416794146,27.54352758
6.222337505,19.13185476
2.931343469,20.34039367
6.468032572,18.88738279
23.19954464,17.53660898
3.757717996,19.63867089
2.617772648,16.64631695
4.32687505,13.24272102
7.525845035,19.91162967
2.990451978,23.90199798
14.21133732,17.07963895
9.147838127,14.7802888
2.342301917,17.07796667
6.461847319,25.15572038
8.736309304,23.53044687
10.45711157,18.59168161
15.20003886,18.98146019
8.981657334,18.29383141
1.995886598,18.17237273
12.18251498,15.12579115
7.300876404,21.47840332
4.457899293,6.550974832
15.68292663,19.53994978
4.827281368,23.44211505
15.85283216,16.3682779
9.223609742,12.27896284
14.7452399,9.287683087
13.65312793,13.70740342
8.996923237,22.61026557
20.00700551,15.14960577
12.87211463,15.53209444
6.675372498,19.90625752
8.937536566,21.55570346
9.050555859,20.72642505
16.66091324,19.24907044
16.4747774,13.03761948
17.64449261,18.52389489
19.65703548,20.369495
11.57903875,19.50579308
10.43314778,19.83861368
15.25116834,22.97124797
13.19609089,19.27438459
13.31508426,19.18774322
9.295697931,23.5419171
16.55364186,17.98547778
12.98387433,13.25334084
15.26651642,17.2314355
9.425738364,8.954057957
9.989666592,31.15648231
5.483099018,26.95692892
14.30758292,12.66428861
3.658845972,21.12083295
3.231910517,24.36968143
16.3571245,19.54905335
-3.563763126,22.63711124
13.02220034,30.33575132
3.999513391,15.63050973
15.2919307,9.997152547
11.50781157,24.14153249
10.38906033,25.24907398
12.81154537,22.71556991
11.23274449,22.40421859
7.327490021,16.43117811
4.149707279,11.94315615
10.69428887,18.45578462
7.459617132,15.37978768
13.08434621,14.83771615
4.478893536,29.7908086
1.891642298,21.56199409
12.24517739,25.29215596
16.69233929,17.37206564
11.34817738,11.5880143
8.530202223,25.87754634
9.901419711,11.87381791
15.91182869,18.67734166
7.187124065,14.76032408
10.29335536,18.2615898
9.767936839,24.36955846
10.43885992,24.09715946
15.42660531,24.40698124
12.20195609,19.04066094
10.72506107,22.14371314
2.095318236,19.65190668
9.749376781,16.86116174
12.95888796,22.50185641
11.55614234,21.88855343
5.259355036,25.68411582
6.751663476,19.26140253
6.477289756,24.023631
5.038019003,24.81132055
14.64724895,25.38699473
14.57696002,22.30151296
14.14083679,17.48225729
7.009761568,27.78905024
9.184566249,19.35533986
12.22287974,11.07022999
14.55066819,21.28742776
9.855204941,19.16977185
8.368148501,21.34190353
-1.570120677,19.61889182
8.986436284,20.89482869
6.079061857,9.70909507
12.24435426,16.68658728
7.697992859,18.91112636
13.07095368,25.27734211
8.838782485,16.0363669
5.948311392,20.00626006
-0.692912685,32.49278981
5.632998433,18.75865589
12.0456833,30.80671186
7.677061278,22.41784893
11.81392342,15.0215259
-2.583277061,19.66037407
10.68979352,19.69177644
8.850185723,23.64414572
8.496695695,24.13059736
15.37315391,21.30855
11.67213151,13.08223011
10.91878835,17.0212914
20.07400657,21.47868084
8.94841229,22.01690749
13.5128926,15.71176183
8.269363918,27.06541231
7.317466867,24.52089563
14.24103902,17.12878328
9.259445297,24.68970376
6.361136826,25.76748145
8.365553468,18.35611861
9.085191232,5.401351809
12.41653436,30.70218856
10.0706608,22.06339516
10.61753244,28.34495068
19.18725673,15.07870703
1.179706195,28.49131296
8.194777766,21.06982424
9.478185351,26.80951241
3.12322275,26.69957226
22.98481534,19.77977233
7.372169663,21.01106979
15.14378226,18.10336909
7.325070894,19.24331113
6.152187005,23.85462491
4.992124542,13.44015549
4.725281885,20.02686365
-3.332852705,18.55854071
13.9282716,29.16402517
7.862631577,13.18472211
10.90836125,25.92346192
8.515863777,15.35685479
11.0365513,18.0819575
5.44730101,13.0953167
8.883867484,18.78878844
12.39885973,21.54636871
12.23184647,20.07999857
9.728074684,15.05051504
1.832033702,23.33161227
13.04933106,25.6462794
13.19449859,12.06884088
18.51518351,23.75633186
1.595213889,9.751465001
11.52921919,12.92787132
9.392679777,16.07612192
16.21155803,24.6493145
10.90058877,19.59599334
3.825836314,20.40508548
6.521768893,19.19501654
12.79508779,21.91389863
5.631339725,17.56900432
-1.324404873,23.75826879
19.30624211,24.21814732
11.7182781,17.8431131
13.93216559,14.96105572
6.141585794,17.38917948
8.369462362,16.66837799
-0.556913533,20.0668961
18.30950236,15.04665412
13.74219762,14.2946939
5.188286662,22.23235422
11.22690533,23.69583002
12.88015087,22.37726981
5.04353837,29.79815035
5.175834295,18.73380025
13.0547345,22.35403969
12.21877358,11.57228458
14.03318586,18.64932175
8.747138306,26.80252522
7.62365338,17.38534308
14.96689595,19.07211765
12.41845163,20.38210701
12.71747804,20.1096804
-1.01134089,23.80801561
0.858033723,24.66440174
7.65511453,18.92751407
9.058407537,27.06324373
14.51987071,15.65529116
11.01104093,11.85049176
6.674781765,28.14245634
4.901154058,14.00507979
21.81709988,15.66552767
14.52719242,21.73569649
12.33798039,14.19264491
14.98710664,13.47610123
9.306298802,19.86686463
4.61629956,22.59227287
6.434036953,24.97176433
4.68646537,31.25662361
22.9635923,15.55213369
4.187318316,31.68517916
6.354226892,14.45497243
12.2547748,17.81648582
8.544645824,22.36474879
1.53153811,19.05481064
11.22335126,14.70238985
4.859657087,27.93031553
3.497150707,26.75244797
4.428714965,20.69787023
16.1696474,14.07090568
9.219032166,22.20150711
12.62065598,26.44216449
7.206660538,19.00136711
9.617158874,29.74077185
9.048347971,28.44690746
19.41027273,25.01580027
25.04184883,19.52311644
13.08572429,23.38954713
4.334697527,15.54896873
7.909553276,17.66953238
9.933128623,15.08494652
11.56325571,22.64394404
5.328068446,23.49889015
12.30574707,27.85010362
12.81745616,19.40175118
8.405196578,19.87386806
12.07556622,11.04270525
0.744115868,24.04844783
10.42194288,19.80092276
13.50804012,22.6093978
7.607885653,24.86897681
6.764404695,20.50574248
8.753458025,19.29561284
18.95227479,27.00791843
8.2037818,18.0310009
9.426821843,22.93169489
3.365373579,24.96370596
14.92323105,20.52007454
7.592277944,20.37406493
17.6906193,23.56747345
4.173542898,23.77797718
12.42983723,13.16939163
1.944244208,23.94220766
17.04123825,21.42699236
11.49399408,14.61041323
15.25134717,17.64603174
13.13488434,23.96807787
19.2616585,21.0079538
19.72424971,26.12444618
4.016284154,27.67789434
13.29585421,18.18916093
6.115705119,16.77830231
8.944263586,30.7867643
3.414045138,23.08609848
10.23427662,23.08449858
3.058847344,25.62125198
6.530079038,16.02190083
9.955755937,13.55361798
6.346051232,19.7593365
10.03103305,19.8762042
14.9832438,25.84143025
7.62641917,21.67847746
11.94473213,23.74719603
8.544681002,18.2453763
11.26219204,27.54252196
11.26715885,29.20627907
13.37639292,24.18516276
11.42086852,19.45785529
1.894125549,14.92717158
3.364006884,16.14718451
15.97583591,20.02008311
6.273269648,18.05856563
11.3480147,21.75032293
9.475516654,20.28174595
10.70525314,24.05976921
19.71340653,18.43557361
3.090396082,23.57451044
16.57350427,25.60546711
11.99038362,20.75479209
10.85251441,17.77705684
6.445368584,22.80023849
14.68869115,20.72159573
12.14169738,27.2903888
10.92586606,16.74249709
4.864600162,20.59317565
14.59738497,16.80222146
8.316621636,17.0452749
8.121223741,19.90853236
15.77916069,15.09426913
13.30172756,24.76088414
7.118124747,11.69531483
12.74605863,19.45376241
5.697418989,17.71630783
13.82697479,22.74938802
5.971542418,23.99603263
0.938265077,22.0018984
18.51770565,6.670955484
8.071536154,19.98127315
13.32082936,20.21988173
4.343252672,15.97593982
9.298553148,18.53605269
13.30620539,14.43691845
15.0212723,26.02002121
13.35402646,20.19847196
12.91652149,19.27982281
8.839698886,13.55892913
11.90616535,19.70742248
13.75177637,19.64696338
3.307725319,19.61459084
9.028039865,16.54054991
6.49081428,24.31717883
3.171306797,13.87967929
15.93033477,21.20563357
15.66184658,11.68074987
8.570641023,14.40038191
6.573639722,19.31390356
15.33527659,31.75403497
10.22153928,16.34570038
6.224528391,14.72678246
7.730414815,21.60518697
-0.552598805,15.75148221
8.271350673,18.50769279
21.29432111,32.48096602
8.398201545,20.89436502
5.717363384,21.88363762
14.30835761,30.7497484
11.91332825,22.64392506
12.1294953,11.54875047
7.121564283,14.05445249
8.380982777,20.92940529
12.53097427,12.03946065
4.612427275,20.69006172
13.36399168,21.69422455
12.31866998,11.7000294
5.23232072,24.09997461
11.37349037,13.39555927
5.749922742,26.60706232
10.31888661,17.14444725
11.15635314,21.49904731
6.867987893,20.00600256
4.800483299,15.81096328
6.766233007,21.62742673
7.888562712,15.67929793
8.741298506,17.11835929
7.232240278,16.11600284
6.548972969,18.54089587
13.7620691,18.07664502
3.844643619,31.04255888
14.22849913,23.41060763
13.00705303,15.05932143
6.750899941,16.77441306
15.67579486,34.93635382
9.198974347,16.44268398
8.718261727,28.2647609
7.998085625,22.63032095
10.5982567,14.81907073
7.105641056,9.560576212
0.278931415,26.08495145
4.934810289,17.8373414
10.77694845,16.10702667
17.80262379,18.64622709
13.65784005,14.25219389
14.68376803,14.06548281
12.32811065,23.57632284
14.23122021,14.11838514
17.20199299,23.08769465
4.812736873,29.44524768
1.846742116,17.77923447
9.720914434,16.08798092
5.074309188,30.82331821
1.436550295,14.92167796
11.79713544,19.73341929
3.428115218,20.29707028
25.59951683,31.22091706
10.28877655,30.46589725
13.66100505,9.712494463
13.79668024,20.5861354
5.074441141,14.67524649
9.706203567,18.89028568
4.601939011,16.07817561
11.9962515,21.40006019
13.97701943,20.55245505
9.334364064,14.96628953
-2.108737373,23.16614053
14.42138833,18.9579193
7.174545084,29.92810374
17.64544516,23.79353259
11.58598468,22.75891166
7.520476444,20.96409785
5.853568287,18.83462404
10.94732489,12.80555771
4.055681329,13.12925345
13.18701106,20.12075397
12.777898,21.89511195
10.96128551,17.80966475
15.1341307,18.08653943
5.082610845,23.24673829
5.336524043,19.28627112
5.185633814,25.83540997
5.93143946,20.92775726
9.027438032,28.67565193
19.58006295,15.0112484
13.50884608,12.67598555
14.85274719,22.62422568
9.358017601,16.34830158
3.026474371,24.30357559
13.54276707,25.86530086
8.971940174,15.68458673
11.36202889,15.68697198
14.82744963,12.05425935
13.44011611,26.53768587
-0.326359538,20.69405082
-0.787472029,20.77274987
18.51864125,30.86453713
4.400105776,16.75738341
5.040576517,17.75791309
4.41013078,23.4429218
7.002648978,16.89867692
6.743077757,28.27673842
6.626952564,15.65636421
5.122898196,15.60959843
17.23018736,18.81544472
14.77843802,25.40479477
13.31210593,17.03734967
7.156692376,31.20525646
7.62747139,14.02605121
7.673125234,21.03564523
9.823253007,15.11797815
7.534664482,26.04052625
16.9834558,25.00316484
4.872772245,29.82973592
10.94536349,20.1715745
13.5933788,11.33964007
10.03883065,16.84099107
22.45726301,18.07597859
9.148594823,15.87537203
2.816984267,14.98859802
5.969470259,22.72216616
14.95986872,19.42787763
16.71676716,30.67552337
7.977956171,15.883841
2.356450238,21.05595818
16.9442842,14.39529153
10.26862941,24.25350611
9.688069892,25.78807025
4.928218021,18.89249719
9.914684991,21.27082364
12.20003807,18.04284808
15.60502613,13.86971515
11.13650991,19.26094575
11.51171483,26.79406621
16.58136171,18.54314471
6.667706062,12.4634276
6.534335802,28.53195067
7.326268337,26.12516137
10.64906295,20.1797174
11.05939625,14.80575326
10.59726606,21.50647076
17.61220333,14.46853518
10.03021618,19.79360232
12.18770868,19.895761
11.63612374,16.19953236
9.829544949,16.5722291
13.39815233,15.84922807
10.05148697,18.42933289
18.76924677,14.43150463
6.621356816,17.33643426
13.00253752,26.49251039
15.28290351,4.673215644
7.053336217,18.20910488
7.398727357,11.39988028
13.52531444,20.9883105
9.501801317,26.20036289
6.157348008,13.56545882
16.4506981,18.32927101
3.21949789,15.3817964
8.277257643,18.48381938
11.19449074,26.93754178
-0.334467701,21.67919729
13.66005048,16.35109408
13.27609694,15.26649288
12.54644044,14.13549865
5.832484493,21.71493573
15.60733492,22.80081102
12.83615504,19.30555186
13.0351957,24.97158387
17.96945387,14.70379435
9.131762438,15.35315974
18.65035949,22.64960036
8.53864222,23.11292033
14.60362714,19.17385871
12.34691596,20.68848407
9.556229452,12.27871906
7.721275843,21.5136663
8.774515687,17.03135048
5.022704336,22.60797312
11.30031265,18.88377164
12.17152176,20.55332585
20.15235913,20.80941128
6.202489944,13.2686489
9.725562149,23.10815419
5.293601722,22.27987976
6.421300434,14.97084876
6.145614556,28.65428391
8.545646765,21.34621097
20.87028869,16.82729102
15.090631,18.08597802
14.01659767,28.05379781
5.973832995,23.04897413
19.41158976,15.38716201
20.03092534,19.90032604
5.798554986,17.94890266
11.02961953,20.64152967
11.25027911,21.805746
-0.566377695,17.98915246
14.36392692,20.02547888
5.785790026,18.47155916
14.0893004,27.88226966
12.46845548,25.72293704
12.07803356,23.18341628
13.26001268,22.14810083
13.92543893,20.94301467
11.80454411,21.2092851
5.631486287,26.26663514
5.648277573,16.03235475
5.62335478,27.17308116
8.666785882,16.39550187
11.0065299,18.43388562
7.316465649,25.14097892
14.23780506,16.74412587
9.142682826,24.49002397
0.721730192,16.7743695
19.4602263,21.84153991
16.71738022,7.189029754
19.08012217,14.71671948
14.89379452,15.0417034
1.106951448,12.93736521
9.72750846,22.66737469
12.76849735,19.83167769
12.17701811,14.73019755
13.65241189,23.08943581
12.75812017,18.85960676
0.731565696,27.66658433
9.70557791,18.25017606
8.414651288,27.75571332
10.49975785,22.47839325
2.638131227,21.673969
9.053626646,25.79839689
13.18098597,25.44473789
6.662774832,13.68107332
6.888980527,12.98289871
12.0287278,25.25940576
14.79512634,21.49305601
5.235215229,20.93044936
15.89132117,15.31694718
9.922483771,15.74402757
18.45184542,14.6669975
21.0426865,23.84319287
15.91348905,15.9499601
10.91661741,19.00276819
11.92540545,25.03367339
4.335140056,23.23153226
16.09884788,18.85164266
18.88890931,19.97443373
8.844474811,30.49318963
10.7868439,23.93361278
7.683583884,24.66974508
5.682637159,19.79901739
16.39984859,26.11254812
2.980782772,13.95443577
15.57830408,19.36987581
3.486468911,24.92238188
8.860772226,16.69253024
7.89833765,25.14157984
6.740012346,23.0484151
11.23885271,20.88361127
8.74746384,22.04075548
14.77998352,24.14752925
14.38592284,25.44965471
18.60072594,30.63626373
15.8712606,32.50815021
8.696329317,9.58849717
19.67460134,24.92697873
2.144383206,29.48372034
14.31791086,25.64982349
8.35822682,15.70000517
2.731872566,22.62552654
15.05509251,29.53919468
12.91999072,14.90105861
10.09051227,11.88648271
10.5149517,21.6703839
8.344740361,13.62966652
8.48127692,17.01374562
9.012637376,19.22970615
4.645798192,15.17654424
11.02883761,19.5566116
7.683178916,10.48829215
13.51824113,24.93885598
6.198432912,26.83465593
5.587425093,24.9285272
14.69235194,21.46206309
-1.608383235,21.49683
8.703706678,20.70878101
13.63427008,13.00726657
4.101877831,16.79418705
10.14387918,24.81454598
12.39865721,17.80882353
2.04145113,17.11745537
3.073007542,17.46082196
-0.545589899,8.40821449
10.51869172,22.16069476
7.824086553,23.08229176
13.94083724,22.22661636
-0.544999688,16.4181978
12.51610124,8.459236663
10.01423936,21.06912575
11.34392148,19.64401652
16.49455047,17.64793956
13.4541952,19.16996129
12.926403,31.3960033
10.20976748,21.85583238
16.02445299,17.83966387
12.28171577,10.75479282
9.908172119,24.65544196
13.29667655,15.56572464
4.998741823,19.91691918
14.28600266,16.38577571
7.09312043,17.50874524
9.028026925,22.68815344
9.210897495,19.88080427
8.852391593,21.88981156
-2.199575562,24.76284506
8.374282406,22.04206514
7.7552646,21.63329744
9.348801122,19.96775084
13.17095996,5.724177838
8.762574467,10.47860101
0.946759226,12.94903979
8.35079557,20.86215582
-0.755992353,17.20461501
8.207021502,17.31123026
-1.875385443,20.70491076
12.47919817,22.06762249
12.36870723,10.43535089
9.330086226,24.61299668
12.68037512,21.63253746
2.853715397,22.95695283
15.24020465,22.75666392
10.13745679,26.3074165
12.07528412,25.02115223
15.88753235,25.82491196
9.332339684,25.91575729
21.87814361,26.84675447
5.228038863,22.76108958
12.9623864,24.76902742
16.05104299,11.61036927
3.755581783,20.96668677
2.734568513,23.73991204
5.294428025,17.40588613
2.892895765,21.67429375
11.21266675,23.05305501
13.36556562,27.63790057
4.72323944,22.58554938
8.621695783,22.05054087
5.429901288,22.50950687
5.151236992,20.36823352
6.220497535,11.59876294
6.68363012,17.4311944
8.817270182,21.29747617
6.571859109,13.21547919
16.05866235,15.25989333
3.536478586,19.64585128
8.827434488,13.70059279
9.588733185,17.08906475
13.77234929,18.3306123
8.022310673,16.80630639
5.021889132,12.33767424
12.01065941,26.41489765
8.458398953,22.53985353
16.07694951,25.14576616
3.631504633,21.00083278
10.82105233,21.66881078
6.74926439,21.70740883
19.16122167,15.58221552
3.541983673,28.20072368
14.67927379,13.66362571
15.07946855,15.28607542
5.249739682,16.55488127
5.196274961,26.75666978
12.96749896,22.04996118
10.62254314,22.8007523
6.89312775,23.65487529
13.88331925,16.91371644
13.70283963,21.68803994
10.38714408,9.937683325
10.73756267,19.42457802
8.150635195,16.57061398
14.01933858,17.83166443
17.8939332,21.58208124
14.30779406,25.9682908
7.568537948,27.33960315
16.53271936,27.16462104
10.22494842,13.76482088
11.12496485,18.49139757
4.859601762,13.53664407
12.85409306,22.71149503
9.507560703,12.26413907
-2.357937218,23.09968878
12.84197336,21.81568445
16.2958543,21.2161608
9.372287017,13.15736262
13.56749688,21.9896847
7.68542898,33.51000491
1.262583839,30.72478253
5.281858765,26.0917216
10.88740643,18.62465169
4.335356762,20.13515899
12.47685137,15.41541458
11.58799503,19.68880427
14.82970847,20.50755985
3.777093446,21.84091458
15.82865864,20.4226576
7.777297789,16.95092268
0.497966963,16.20642861
10.04030129,17.61955856
12.86334877,24.02334969
16.572449,28.2746538
8.159800584,22.89243921
13.11347865,14.58184489
12.64751083,14.20831335
9.938456281,17.76063429
21.07133805,19.19727354
9.584684693,26.12896572
8.08270205,20.95640749
6.393800383,16.23039644
10.08871623,12.97886147
9.190679059,19.40311507
5.323996135,25.45503699
5.970595934,30.23028224
15.47378757,15.137236
12.46815057,22.06744725
6.522290874,11.3956913
10.7036385,12.29594288
8.828004171,24.95170635
8.284158308,15.94375474
8.746983445,22.2391926
7.920341119,19.72991286
12.60832236,24.40353744
3.081913656,27.53757384
11.18404157,21.00737152
15.56402001,17.23707362
9.335507807,11.24350478
10.05424679,24.01672095
4.260824062,22.69078921
16.392977,20.40881661
12.44621884,25.49648235
5.591955161,21.04629968
13.80521985,20.07775831
7.003193275,17.09782278
16.363848,24.15222067
17.03761055,16.07897505
15.66064228,21.04837491
15.68801753,23.86529009
15.38155482,15.07872724
10.09291551,22.80001877
0.905181269,20.87414246
6.329684373,22.33028178
15.2549854,17.38606141
5.815114634,22.77208516
6.706507058,8.503848465
17.76810574,17.98625459
6.289150276,14.83599921
13.5164462,20.32230683
18.6623947,26.94704429
11.91431778,12.87739475
14.97369502,18.89016077
10.54255266,14.18931955
11.13849627,24.29635404
22.96388631,14.58568259
2.764745202,29.41205828
11.71679031,19.38947502
3.185017036,22.58504952
17.60319472,22.51042872
9.797503096,10.84022528
8.233940646,20.8132037
13.59837643,17.19171225
20.29296765,17.15527727
0.97436201,18.7631921
-4.226041337,20.73942563
9.407286739,25.43093595
-1.67806973,19.76485961
14.07063508,28.43416952
9.212049944,25.06920957
3.602009598,16.21874857
8.158791972,5.914586689
15.17052518,17.30820787
7.609700266,22.20262539
11.94536439,25.04849697
16.2190778,25.62374448
10.58052102,21.29192843
21.14774754,15.29837548
11.8088637,13.19677485
6.844549567,17.72619033
18.23389095,14.45683027
11.86893245,27.17408455
2.280550377,13.9350871
7.445478457,16.81043952
15.74350468,18.83386133
6.405651397,13.67865705
18.68911304,8.144850777
11.33737875,19.95862326
7.247378983,15.15440151
11.95814927,23.09620054
16.64617913,9.063089037
5.991985261,19.03780077
13.33657262,23.79766939
12.95844395,20.2733395
10.61793491,18.31807477
7.68881219,19.28045599
6.555372336,28.55982045
9.732393661,23.41626706
7.136467488,12.53735002
11.06878168,24.32720052
11.79901594,19.94524593
21.38478661,20.05743003
7.798542941,12.69691028
8.405143254,19.47569565
9.236939121,25.94085057
9.340553501,18.74370661
12.23098609,14.40360128
21.24884599,30.30669368
10.9090926,9.463401723
8.645682921,16.88036309
9.814633907,9.392541726
17.03187815,21.86400011
8.666548932,29.11539766
3.519022373,19.06365889
8.754972678,23.22423593
4.056297367,26.70550189
8.453697282,24.92232393
12.94599768,23.91867655
1.582039426,20.98962816
7.346730907,18.89557884
9.91657954,23.90946392
10.94868429,23.72642368
16.73788459,14.31273923
15.97660124,16.67858228
6.8991414,15.94030578
9.124054995,9.062738032
1.764260992,24.84183677
3.3396355,12.02602509
4.951597222,21.47783841
11.1375642,24.61410699
6.050542151,20.32210515
14.71824033,24.43094576
11.73130486,25.42674432
16.81883197,34.96101333
15.5241223,25.58041837
10.50941174,21.36546839
8.492071835,19.25961801
2.446803043,16.4612147
12.64503538,23.24732706
9.351270467,20.51956008
11.62972689,15.00060522
8.921096361,17.99529675
17.58001842,30.4727661
13.45628099,24.2630203
13.28093581,23.36625037
5.723867256,20.7954835
8.604698619,20.1746319
6.288138124,23.70580164
13.88746419,23.82132088
8.553798237,18.92788534
13.33122995,22.41167522
0.367684304,30.2292522
10.8837451,21.5580157
4.526576416,17.84079251
10.69698846,22.01948138
13.53932821,20.32778944
7.196269762,12.74020923
9.974064703,17.30144166
3.701334134,24.03236023
6.502797449,21.32086299
0.618713877,14.64577571
9.235155752,14.2429251
8.325888688,14.04647742
14.93325354,24.6197941
12.27972361,11.74422331
9.903822278,19.76561822
12.6469072,21.56688324
6.098849087,18.38294134
10.85898683,20.13858596
1.954716042,17.12681363
1.624244546,23.73193944
14.71257464,20.27121108
10.39787277,16.05939123
17.05701034,21.91280018
9.148195439,22.39665654
3.115948274,20.6624397
5.502898194,21.03162983
17.71791694,13.3015017
0.904288198,13.85561804
5.826505219,24.287135
16.41082923,25.16540353
9.223420642,20.41241854
1.058102674,20.83897308
8.504513918,14.80517784
12.23480756,20.66285417
15.33654206,15.27606572
5.065199384,22.55181112
19.28538829,16.35083648
9.930586697,19.6927745
12.82779667,22.71828906
6.988512978,16.04133233
16.42561835,30.42518666
16.68008425,27.84671579
7.218053505,16.84404609
6.416744115,19.1725689
6.204891575,25.50259819
17.84255448,23.09341594
12.67731785,10.91091091
11.047061,24.06366861
14.96236621,11.5302084
7.313749389,10.69837513
8.659135901,17.31277314
14.64503778,21.94782812
2.208665476,19.64715933
13.24959133,26.42582864
2.442369263,23.86350275
5.673400668,22.40933958
11.73842319,20.06705994
9.069524817,16.32216775
12.97673149,26.71312248
4.558654028,12.16613371
8.103196134,28.26622294
9.33097425,20.53160467
11.46946872,24.47574481
5.993928452,18.11071603
21.52866827,17.05687127
4.924589716,23.21492738
5.287408682,14.21225691
9.464328628,17.10817548
4.343296407,13.75093356
7.40713152,27.26686955
11.59677029,10.75994438
12.99584986,17.07827019
12.8304443,17.98407497
5.926222748,19.10350703
11.96692507,17.54273012
9.191463344,13.83605167
5.647054681,15.5840209
3.166067981,28.43492911
12.00284267,21.13729768
3.175752539,13.02402172
22.47761866,18.18715879
5.801535624,10.14256587
14.77111091,16.3263413
16.25346718,24.0687303
15.32874476,17.72583074
15.79721184,20.49914669
16.35993634,25.80301247
14.63670708,28.02991571
10.50804711,8.845076772
12.78884419,19.9056672
12.31707206,30.58033844
6.696527552,17.38736179
11.99480626,15.46099916
3.470864915,28.31156049
7.78399458,27.37709818
3.912997385,17.14806867
5.800850814,19.23170334
6.61340798,24.66796106
20.98027324,17.94376342
4.226640113,20.90012506
8.833001481,27.86210877
8.051277782,15.62193772
10.14367723,27.27380685
1.45815146,23.16507828
7.192974449,19.99530839
4.303285188,12.06061824
15.47528504,15.23007111
10.8339347,19.11293657
15.86243946,17.93998587
13.44088011,23.49118531
17.57737122,22.84025846
6.819746464,22.97325987
4.181871439,18.66959081
7.864176022,23.57047364
10.98045667,25.04674737
5.014760978,23.17156999
12.58733199,17.56490998
6.6412151,22.1028696
11.87659013,24.64468141
7.921991582,17.94268315
15.798343,24.91596639
5.719790156,17.0315167
9.306230521,5.826831678
6.912690445,20.97419629
11.32334586,23.40090183
14.06215193,19.93528719
12.86704449,24.1957333
6.941219025,19.66892388
14.63791018,23.59353786
12.29816084,17.64946513
10.3885471,23.64557625
6.029936614,17.33987492
13.77823848,24.86514845
2.549762951,22.89493153
0.239490275,21.1829609
7.73800625,15.42694805
3.156869324,18.44441832
11.47905443,26.7659511
18.11741763,16.12589106
7.351550723,26.5901887
8.714058698,19.85615326
13.7547775,14.39549349
1.820515412,27.1420765
2.341727807,27.13932136
19.17278171,23.91446617
7.36237699,16.38016402
8.883798852,24.14269078
16.53180425,16.14205338
13.86453566,20.61503841
0.742130427,13.51079659
15.84361631,15.06660217
7.641384505,8.489028739
6.059942989,24.44952678
1.626046211,14.64824204
0.151214423,18.52812942
10.43682964,23.15740851
14.22453592,16.0737687
1.435732877,10.51246521
2.12165728,14.91087806
14.29357565,18.04262213
11.63749751,19.17787834
12.41299638,24.72374025
5.693802467,18.22740738
7.672461368,15.0218213
3.057951487,21.68777224
12.47155442,19.40319572
7.761126311,18.03926746
5.773784871,27.17472594
13.4606363,26.93561566
7.227998243,25.13062496
14.02572058,21.89344979
8.280766374,16.73822135
10.84659021,24.97368863
11.40210983,15.42522911
13.58827295,14.72884047
8.006696419,20.98761564
15.14002982,21.56621261
12.66764607,21.55679576
19.91689217,21.39524284
3.996314719,23.87830222
7.927629547,13.56926363
12.25568245,16.2581684
8.687747197,25.48510372
15.1021336,25.7466537
7.829837598,16.55795366
8.320295305,21.97769778
8.909538092,15.52711902
9.426465968,21.68417322
10.45186979,21.10420691
3.548640678,17.67168863
7.773487841,19.35855498
15.29798059,28.98356712
18.0088194,12.52697188
11.45352482,19.91329012
2.300798678,10.84363615
17.15760966,24.22724438
15.73794516,29.46423446
9.815339962,24.09310172
11.95344374,14.76845713
15.56043714,19.84485628
14.26176599,10.97442451
15.74664781,24.51871147
3.132946887,18.26491111
3.326078684,16.5713892
8.37626071,14.44220415
5.388558825,16.80786321
14.64369851,17.16505552
13.52543155,20.05761348
9.704895386,25.91914197
6.296120656,17.41680161
1.641345013,21.78156079
6.937293921,12.74801803
2.585657324,21.46763518
6.43934408,29.39918764
8.614312771,25.6695991
9.963860351,24.46474148
12.52996168,25.34874551
16.15816376,26.6301332
11.38342656,15.9163519
-0.498505857,20.47166991
5.981122847,22.31413511
14.02041353,13.07170584
9.111625658,23.98469188
7.529216152,19.10020685
14.90060771,24.30622639
9.49715932,17.60539262
14.85424243,20.79573265
8.448165601,18.34853421
13.27498155,22.55895255
8.115434221,23.27969059
12.55255765,17.68562413
12.18114204,26.04808869
9.431810919,21.57481936
16.69704428,28.06098903
9.890743207,31.55003781
11.86582264,18.62637656
14.87529283,21.68178695
12.14345476,19.94541487
8.643929168,20.68752401
2.676351707,22.64784994
15.60681186,14.53214293
-0.454666868,15.7716795
12.97406718,20.8316415
3.88735721,18.34900762
9.660615587,30.06619287
9.582736597,13.36897944
1.127250991,22.94660648
6.744243094,21.78978224
3.610188946,22.56850246
4.634755394,29.38951364
8.970062744,18.60032976
7.627729703,15.14399036
13.68032828,21.49352432
4.909038746,13.96945401
6.066854886,22.03940711
10.1880809,25.48041257
0.714292925,22.94609975
9.155617196,20.82615025
8.764376105,23.47892817
5.227829032,13.96241222
7.246947113,17.10904371
1.793012779,24.60666812
6.092120392,24.66891601
8.027043965,26.62787607
7.653083427,18.32282885
6.320004358,23.29035425
-0.745619485,24.52176923
10.66446236,18.26655186
3.857974478,20.67916627
8.761625935,18.73963924
10.23280482,15.5805256
12.01242352,18.73077111
9.439192866,24.89006667
7.163629413,14.72937203
5.03831169,11.87017085
15.19684029,23.53777447
10.2992136,13.12657364
4.253304693,28.32596849
0.647242958,24.39662773
12.31062305,25.52231023
11.43260732,19.10139214
15.40942219,23.83586602
15.45674201,18.54423482
21.28849203,18.77661855
3.564866932,18.93858466
3.895984821,23.48509511
2.497602175,25.74266521
7.046364701,29.04513143
13.83979826,15.82863685
12.04889974,10.6388648
14.86700471,18.75302732
3.180388064,16.77748862
9.942101924,19.29083658
12.41454187,15.23004989
10.77500061,20.55255972
16.07544875,15.92680117
5.811070778,16.24538563
13.10797422,19.23674327
10.7776245,17.26199349
12.04491395,18.91869637
2.112227554,24.01638235
14.18418047,13.02343132
13.6175728,15.86788542
10.6573937,23.96932441
8.263724087,20.75014504
17.88410831,18.50915087
9.015818015,24.85780309
12.05461641,16.50967303
7.230044824,20.4017109
9.124612857,10.82053123
-2.875386036,24.36233276
5.065161727,25.51750871
15.90154306,20.35632418
8.44199551,16.87455848
3.553580499,28.64980958
2.221323617,12.46641047
11.75932097,23.73095873
4.881906407,8.791173126
22.91584645,17.86919715
16.13161884,23.09661237
15.42255911,24.06672055
10.63371599,13.06249226
4.392789917,22.18730328
11.44603995,14.16114156
13.19077444,18.40511898
9.523163818,17.46007767
5.965103984,23.10700906
18.0409784,19.49211435
12.05776652,26.28064963
7.987578377,23.85539833
10.55481179,22.14987006
13.27018034,17.0151418
15.34532873,18.3480271
0.582949293,16.15125031
2.785365189,11.76721787
12.30514923,21.93284112
12.9913996,21.32651222
5.577618525,18.21906706
11.80353941,24.20272311
1.529879722,18.73143088
7.688001862,26.44766156
15.126256,19.61410319
10.61715471,17.22138481
13.78408066,19.66967919
5.063382538,22.33440452
10.70035468,22.12066374
2.312565274,16.40541182
10.12885916,18.51067826
4.884847663,14.45348113
1.204710009,21.0641574
5.55770605,30.39755302
19.81402046,20.35407145
7.529709667,24.68204356
7.554736416,14.58305639
7.341638952,26.6485897
6.471081009,21.83376992
6.063772007,25.82140902
10.20353142,15.16264451
9.198712866,21.65879581
13.53718038,21.66700613
13.36298235,23.57601124
12.22434746,20.97568478
9.335519527,22.57211357
11.18291228,17.16339866
15.56940283,22.32406071
9.450012996,19.85520032
10.20592526,11.52241173
1.003745788,26.39289542
4.748412774,20.49350628
11.90332614,13.71365696
2.528033416,16.03576229
9.673330258,22.56904852
8.179150235,15.29628098
14.22764663,26.44337255
12.17714651,15.19071089
7.329310533,21.21534105
14.7161968,25.96496359
11.50917731,11.14130096
10.28722745,15.6480228
15.891167,15.85628582
11.47228459,13.92763993
15.72631518,30.06781916
9.229086607,23.78127424
13.18238096,15.30121102
14.55386933,17.75425303
6.685968747,16.66043363
8.546848226,10.26259559
2.680871204,27.04506101
9.454834013,25.98037186
6.408150387,16.95693936
8.509095684,19.75032915
6.973522246,21.13126245
8.110080233,17.35050532
7.391275392,17.93789411
6.908969914,12.60001601
7.817960077,17.67120049
16.82054587,19.29774207
5.258768677,17.86091738
14.50714567,16.84403973
5.996674329,24.09660785
11.53945028,16.9408652
5.445006147,11.40268307
4.620397143,31.27342346
12.22769541,18.05183468
9.008289146,19.76348388
2.467616554,18.58497289
13.62869704,34.63580358
7.082854041,14.19426821
10.70241003,14.64573726
11.80225157,22.95678851
3.937814571,12.60927826
6.621343258,17.08912109
17.84821737,22.83164643
13.09748641,18.6302818
2.818854198,27.57098399
8.426105713,17.91240307
4.274513956,27.49960495
15.22256466,11.0629495
9.965547354,21.00411648
8.545061904,23.65919895
15.05428051,18.13588643
15.5582182,24.17576177
-1.469929861,17.14036789
13.27942383,21.56987866
8.000457803,20.07800814
13.5345012,18.07530114
5.791031353,15.82094335
13.13922337,26.49756416
5.671029946,22.16882256
11.57554698,20.6286093
3.819348324,17.45313475
10.38523136,21.117778
20.43492711,20.54539133
16.06767939,16.75719793
14.44344542,18.00126772
4.795241025,19.30238438
16.55502717,19.85965922
14.29282832,25.24173863
7.25097878,21.57602418
8.34085387,17.66609149
6.953824576,31.52613341
14.14072662,22.30322284
5.677343429,26.71465893
8.288496346,21.83962038
4.36309787,13.04104515
13.62831781,18.7543726
2.477859264,20.35608872
3.862974674,23.81582678
2.326232876,27.90239049
6.841279189,18.56103373
11.43780301,20.96444781
3.187660656,24.7557648
17.40916117,19.70739496
11.03310585,21.32478002
7.758486727,17.67040019
10.2944758,21.3887691
12.06102406,22.23475786
10.86340854,20.47511853
11.27133158,19.35772583
10.02336176,17.02262286
11.89891035,25.64233352
9.415168633,21.04695982
8.822736568,20.41703848
2.49360294,14.92149128
16.11552943,13.38695041
7.045185206,20.81197138
14.19059698,17.75811318
7.033727151,17.88967566
16.32588856,20.03820701
5.478220965,17.33523111
7.473923361,20.51095497
9.572430877,14.80568733
10.1994365,17.66975896
13.45828835,28.77249803
18.01738213,29.18916528
14.17650441,13.75367379
9.481783103,22.42742329
9.563793334,19.99435401
0.887847315,22.95540397
12.60301084,17.00761807
13.2922527,11.61455291
17.67373524,16.38400521
6.95573454,16.22542635
3.749871072,13.48544974
10.25216894,21.64497465
5.914912407,8.600978968
3.974195469,21.73036378
5.93895641,23.55090864
9.365297984,25.49470145
12.12991376,19.65183512
12.63148324,19.73060167
14.20318046,16.00194039
9.384581653,25.98202472
4.02391292,25.21777283
11.48949455,14.82977777
11.34986517,26.28139417
7.563370454,16.71347126
8.911987355,22.57016092
9.123174532,16.185598
11.64311193,13.23166215
3.700668368,22.54558236
10.59224207,15.44918251
16.44854179,24.45202711
1.877375219,21.4561487
6.87435767,15.93141571
14.49240283,20.85673602
23.49320178,21.05229945
7.619943641,10.65969459
13.8403545,15.8482359
1.993162796,21.42714131
5.52112893,15.33191842
10.17197633,19.49183385
1.582105604,12.93543278
12.99140314,22.51510965
17.89734396,21.64176036
1.434903163,28.89726911
17.29385096,17.0597601
4.342556776,12.17191163
3.934508301,25.68286688
4.017844517,22.17379473
10.70725782,18.59943895
8.030837839,23.28203818
9.690208519,16.74591515
8.560995679,28.15094091
15.04913476,-0.439313746
22.0830093,3.223994617
14.47944233,4.759714214
18.27598121,9.305170933
16.69321825,1.901530203
25.09187384,0.249055838
27.82107802,11.87528603
16.8282001,16.79056854
24.57770395,15.08999015
30.74186259,1.654278638
23.0939206,1.661205329
23.05973796,11.86962195
25.26520853,7.341026815
18.16904372,9.105772012
14.00827384,9.068986276
24.67830466,13.46494501
18.78526502,5.775144954
20.34615593,18.6191092
15.29327639,5.481836004
6.171328715,14.94794293
24.23507111,11.33794479
21.71162173,5.812983899
18.88868499,4.783872644
10.80285936,6.459594339
20.19801966,9.111159776
15.86080714,4.157666277
16.03777396,5.04892291
25.33316383,1.231358952
25.27165368,4.982699313
22.20190863,16.63467291
18.1698995,9.520621365
20.50632191,18.39180678
18.09327793,4.958369461
14.70350939,13.54931735
17.47920892,14.40046665
21.27063394,14.15752438
21.07245541,-2.458748582
20.95946636,5.621381242
34.04133668,1.171033139
7.498136659,7.822132399
10.04752022,0.112922668
23.51908522,2.899237284
19.94970705,9.026763693
21.58044807,3.87037487
14.82814631,8.599299886
9.0412304,9.447999801
20.94610816,3.192242572
22.74696854,2.072159651
9.13113374,9.350330635
27.01954491,6.669655381
28.17821933,14.47749238
18.50634336,1.781483284
26.59618677,13.58708762
19.35469104,4.639971469
20.53660354,17.346135
23.63796392,7.22212394
19.51714721,9.758027147
24.86535277,4.7495322
16.87588816,14.38342679
12.12963904,9.821234795
20.8356138,1.076894735
32.30168797,6.34450111
22.44818087,9.433102887
21.2300201,3.828434933
6.482787686,12.12432514
16.60757754,11.69048376
25.70128134,15.74303447
17.76317115,13.34411867
19.10472414,5.652027818
19.44669384,7.647292748
16.55302028,3.220090353
8.232640157,9.513770711
25.82795225,20.24768551
15.72080531,12.58308043
10.92092328,5.803562052
15.87725637,0.787592318
20.07103725,9.32601733
19.30139013,4.291700132
19.74663499,8.232688881
24.57377504,14.12309044
15.64342944,4.34626299
19.59321652,8.262705977
12.43352478,13.51705737
21.24135224,5.027830603
28.1864639,2.993543074
26.84574722,3.462036716
25.27267769,1.637966027
24.85881749,2.223534628
25.4140274,14.19830407
28.30628225,4.108420032
13.10312708,7.529866312
38.24822035,12.27720769
21.85023516,10.37491541
35.83885178,5.608523037
32.95251222,6.458500679
26.15328692,8.466514761
15.72418353,16.76196528
23.28531349,5.818795035
19.45277534,6.753169208
19.49167844,3.186207945
36.97351281,11.17573878
22.32044066,10.73035379
20.21451783,7.895406804
20.57194055,11.44740182
8.742359141,5.823244452
14.9799197,6.091020365
10.45411099,6.675388646
24.0776552,8.281239556
20.23641982,4.084858331
13.21336531,5.820488272
29.25477699,12.634487
25.87629757,0.116245361
22.87797997,9.071750189
23.84019872,11.50700435
13.20107417,9.07260474
17.77469133,14.73547727
22.67709721,7.520157121
13.41114138,8.985942516
36.26668887,5.088713375
27.95273641,4.839648722
26.75541235,8.570664239
20.3243837,3.50673479
11.49639346,8.818453731
26.69470499,1.410897261
28.56126969,5.67997443
21.90678262,8.000305018
17.02235953,10.83691676
23.59818143,10.82982695
22.84055308,-8.971712953
15.26403552,2.283180061
16.34056826,9.473057886
21.31798482,13.34670252
25.95468465,3.845024256
33.56253305,7.960241658
13.31086018,2.474431064
16.56608166,8.311826569
28.1162052,2.876596858
20.64721238,6.417672057
23.80059352,-2.723925749
14.72090403,10.43534674
18.00268174,7.530770824
21.94995545,12.27603563
14.3695075,5.575065673
27.27890922,10.70911548
12.38708198,3.216160983
25.04093494,12.99759735
20.99080152,11.208687
12.11022391,7.872699349
30.23623264,2.315101076
21.0650221,8.093297845
17.63973481,6.307424588
23.46983622,8.907800853
18.84942854,6.883902642
18.30665436,8.330157235
15.89863055,-0.682802608
23.48116808,9.98211726
13.58038655,8.14688681
20.88271805,10.56451159
18.9394142,7.708408451
17.94935186,4.906676991
24.06517549,4.974718566
22.52501141,6.047496754
18.48908773,13.63800012
23.15113348,10.16438673
10.08350243,1.834185267
14.22397762,3.652453492
20.51014805,5.741776508
29.11427391,8.453014164
13.03299216,8.989271805
10.34037239,12.95625488
20.51776761,2.0384823
20.06469432,16.05057118
11.48782272,6.146470594
20.00008905,1.681467636
18.32401765,8.471478138
21.04090578,1.808154285
13.57617536,6.588914835
16.50073672,15.4362692
15.9315847,5.492907891
26.87593002,6.544165628
16.91379739,9.231136748
17.77969042,10.62094463
8.969465445,12.99802447
20.26050551,14.37012456
16.2581851,4.37631723
25.30079764,6.68248487
25.96898638,4.515452538
17.71137602,8.271935267
11.01439698,1.815455587
17.87146086,6.017898437
19.98081857,8.718635047
14.40545664,8.67658091
15.98353316,11.12860562
22.80389417,7.909250878
28.66146282,9.867449784
12.39247925,11.316712
16.68317586,6.87742424
6.485809748,14.32789475
24.73487125,1.573714484
23.78482246,6.135716402
25.49276842,8.437460807
20.1306656,7.631179324
16.76784573,13.18654569
7.802710368,10.860237
23.81245809,7.116378217
27.30767757,5.324354583
23.82779711,18.72086224
16.19061192,3.862664319
15.41886585,8.979922924
19.38805568,9.098347267
19.60762695,12.550603
22.52897128,18.91357039
27.46214501,7.867781344
26.68475339,5.245802854
22.11204584,5.177498786
13.43493821,7.882869504
14.88726678,2.093698415
12.94011976,15.61249706
26.30909149,12.21298992
10.14979586,14.42923459
14.00406767,10.63563149
21.18308631,18.90135034
25.15143648,-2.223701303
22.27561289,3.226679927
24.14763573,8.31892795
18.00279992,5.961220203
15.78519887,10.07160439
9.690368668,7.618873038
19.6798435,6.414222034
27.98198011,6.861649311
21.10659935,10.93080355
28.4262413,17.89013815
22.63915803,3.158853678
21.29407982,11.93135431
14.96261636,14.04170252
21.0382292,5.360660708
14.08818157,10.38651162
26.62928026,10.01190266
13.95853481,10.83058176
16.36540842,-1.63891143
27.41791547,6.496371032
15.99237029,16.06174078
26.71428649,11.09831831
18.96233967,2.840985062
17.75016598,4.836420346
17.82365505,5.624170953
25.27821402,9.539154594
10.99257828,12.94526223
11.05934428,10.62158514
23.16460919,8.47554201
27.51022479,7.900681965
32.49483641,9.938709336
24.95461613,-0.277032613
24.98865648,10.7444145
26.73595329,12.50459667
15.76844447,16.39546239
18.97349212,4.77096097
20.80580576,8.455377224
19.67558979,5.642570162
29.03102945,-1.135057273
27.36282543,3.302020785
28.87578565,12.91777561
27.23787232,12.17800167
26.6501213,4.986186251
11.00370316,5.127480659
23.65939854,3.710456364
9.073090856,7.421232352
20.46692215,7.148794618
22.86944792,3.543687763
15.55884249,3.916976654
28.66686787,10.01324682
21.94312267,8.926270053
17.86349471,1.914976122
23.31282264,9.652223171
22.69505072,8.879274901
27.384448,7.31865582
25.7909277,10.31320855
29.37010761,11.13472547
18.10332835,19.9676019
14.49607603,4.781308979
29.34332903,4.876991633
17.60319067,5.061531594
22.65293278,2.469439437
24.68725541,6.381774843
11.12203991,11.46235816
23.08457904,9.817344891
15.0500227,11.35874701
14.80437338,0.330193534
35.4804671,7.805295502
10.38031593,13.73865283
14.40706583,10.16289262
10.1950122,11.8326961
26.87157195,-0.345223983
14.76037712,3.352165105
19.05426324,10.74161404
23.07144925,9.393611754
27.10864586,6.730772625
29.97574964,11.33180327
11.35977999,17.69413849
20.43102863,3.299425346
29.60156765,10.69169248
26.54145695,16.33681976
23.1772996,4.374837982
22.63921431,5.584256159
33.16638703,-2.9752212
27.27558871,2.690506033
16.50001873,7.52565709
19.26381921,13.05807165
13.30563063,4.913187055
18.52862739,1.982645935
17.99121667,-1.517560087
12.30402197,9.530812224
24.77626275,9.263424429
24.9407384,7.786401009
30.73281621,9.501122618
25.85344621,8.638794127
22.47215122,10.93902731
31.849624,11.79786707
14.29314243,14.38591765
23.40771412,7.743311606
17.3480504,3.981729079
9.427819462,1.138173758
9.429043274,4.361391529
18.80416169,-0.460112114
22.84815606,10.97711301
22.15997231,16.51057413
19.20578884,1.251137798
20.72647065,4.728886788
19.77083712,5.963593383
14.76256416,-6.709305502
15.21735293,0.430479999
21.94082615,2.138174096
29.93634989,0.741042511
20.38250091,6.793616444
33.51793692,9.516105423
14.33679591,7.159770552
22.05906815,13.6213553
21.10471724,2.597295581
18.5614478,2.096730601
25.11083379,-0.216638281
12.38623249,11.2602773
19.10687635,7.115023545
20.14063314,8.125255067
25.16379581,5.456704561
15.20435612,14.28400296
2.98080367,1.936213995
26.43347518,7.895496976
25.8448318,8.192622805
26.32313346,16.16068718
18.74357052,6.922832691
4.796487393,15.26972032
21.94628827,1.660597939
29.17538561,1.616800828
17.02984676,16.38824654
15.50047669,4.904524507
19.77139634,14.3151866
20.92219508,2.455161641
18.32188877,11.92617763
24.43232621,6.030575594
27.44329156,11.08601293
15.32226769,10.54846213
21.59029754,11.93230518
20.35486716,2.272536299
13.1609397,5.684994411
28.43145074,13.79089635
22.466083,0.749026005
26.79795995,8.568824955
16.73983061,0.224240808
18.72372934,15.79380175
18.56644404,12.23723675
23.53308265,12.55857508
21.42963516,8.428150776
28.2115144,11.39655998
18.05928561,6.109595649
18.76518435,10.04107293
15.25935157,6.303767894
18.19483879,2.058432722
17.60715408,8.607048781
30.85822584,3.287741072
13.30591432,11.87627489
26.22026858,15.52361668
27.0414475,7.481435472
14.79529588,0.775953739
15.58181769,10.47296278
17.79083655,11.69747382
23.76994376,6.891139696
17.49679134,8.782613599
13.42395272,10.06748943
26.89297857,6.237828266
20.66117729,2.286821171
12.94859037,4.666694546
25.02853008,7.933324429
18.96973255,0.39027733
20.87144839,2.670288788
17.11944259,12.97691186
25.22315383,6.919010424
15.61754804,10.35430362
18.74293964,11.06780139
26.39354956,16.15384014
28.86399949,5.37319615
15.84658307,5.39946711
22.02458515,4.380399906
11.96807198,16.38957502
16.93408491,8.463738156
24.64389176,12.61560767
12.37076366,11.09795685
20.37780484,1.44198699
20.73321687,4.251785345
23.75229609,3.139091283
14.95540932,7.978516383
16.61458764,-0.436525697
26.3308848,-6.03904551
17.29492269,9.373006678
21.12916175,8.558391525
26.19579251,7.979448725
16.67187716,17.16924819
20.71309695,8.953067852
19.43667746,6.351772421
12.25507525,11.28776978
17.6229866,0.584557611
30.08465668,10.30799148
28.20244367,6.597543109
19.99180669,-0.844422697
9.904327761,14.11732788
24.76380071,-5.474393617
13.45005129,8.84925665
18.13643365,8.124032294
14.1352716,9.132391679
19.48381032,11.76751341
19.79613475,10.19045085
15.2193849,3.214294735
22.95353983,10.1010702
13.76760507,12.75058853
22.65417483,7.67598341
15.11846119,13.6995228
21.93206041,5.518319123
21.45944725,8.361672735
10.55575202,18.85104163
18.44600792,3.459606539
13.79217713,1.978670672
15.6077519,3.476940906
22.5768333,11.07881229
15.35783178,6.035541901
23.28017275,13.6428624
17.41457043,9.062271139
24.89745174,11.69307811
24.85450719,1.633485046
28.580069,8.36989276
41.36464746,7.982151431
21.4010194,2.075053565
23.86224321,1.768892745
25.94764085,0.180757481
28.64507795,9.318249381
26.5253278,5.971920981
12.18614988,14.87861378
20.4967224,-1.86922796
25.76931028,13.56598763
28.02520122,5.712821977
18.14600997,2.289959613
20.67519638,15.71778911
7.991632995,7.828200312
14.0462603,3.968174031
31.45244863,9.815282184
13.9030066,-7.52005395
26.74257578,5.407819112
16.75520085,10.14038067
19.43787858,5.68629193
19.60544805,10.56045483
16.37523814,14.41792496
12.27853558,12.82881764
26.22826258,6.05495258
14.27029094,14.39400995
18.90023805,4.240037244
18.8721862,4.954695709
26.25478088,10.34844944
17.0639742,2.679487489
23.21661677,14.1422497
20.31893257,16.08721834
18.46795065,3.605191903
23.72348913,-0.498537312
10.76762091,13.27662691
19.99775906,12.33845766
18.07969023,15.77980658
22.24043832,5.787097844
13.74923115,11.77377401
22.58430986,9.810917533
14.85008502,7.449566214
19.01017552,2.257183504
22.81078072,7.197948677
21.68017696,2.453057635
15.24547108,18.12756059
4.971093069,6.048603253
26.17360915,10.7338899
22.50365314,9.911095375
23.07260484,15.80158456
23.96239972,11.33421096
31.30283382,9.900954093
21.33322682,6.983850463
21.50017317,8.434102457
20.9087438,4.865330107
17.25562134,4.212619064
19.58580507,18.00954093
18.20368692,-3.477681722
17.25856367,4.436116894
24.16737765,6.948484271
20.84947743,10.08452902
14.59540169,12.08025765
19.44613937,6.449116291
11.31250799,9.00846638
15.53298075,6.054182676
22.67968119,9.281021308
24.89524446,14.61225058
24.47168559,4.624172426
22.63631839,5.470455452
23.61971281,0.509772579
31.32447443,17.25129396
16.02328636,5.247292459
22.41306376,7.25987892
31.22920502,9.743397935
10.91562439,0.173017694
20.55388252,12.19931699
20.4972442,11.57450069
17.42924322,9.540750944
11.41373336,-2.902564404
22.18685813,10.20939699
20.26215725,4.122103405
11.82721155,13.37363708
13.98649931,10.01111953
21.13191447,15.75358577
25.92763686,-1.589917902
17.05102795,8.251917432
22.80886938,9.490758264
13.2344917,-0.929811198
17.8702455,9.226111133
21.65291552,2.949303717
20.77897849,10.90881963
9.825284051,7.69628501
20.64202277,8.190506255
31.67590092,15.50018808
15.37719827,5.491586687
30.15491164,13.3408673
23.34958009,12.37580871
32.39813518,9.547604426
20.02341201,8.761119043
27.7542709,9.951886127
28.07808473,15.0456665
21.243615,5.007564992
30.78676305,-0.614221416
17.10153737,13.88082785
11.84668154,17.34466998
25.72203386,0.866506896
30.69724318,9.513928151
18.66278895,1.432300826
28.86153088,10.63507105
20.42980512,2.470841432
24.74227313,5.52945241
23.16524547,3.565277072
24.32358686,8.953973135
21.76127662,14.91839347
19.47171306,8.269594847
23.61895336,1.851361651
9.848399337,9.620008464
26.58028918,9.057222265
31.19843031,20.03978617
14.48019154,10.99094544
22.11377001,15.99676381
10.58336938,2.584801528
13.7802956,1.345389831
14.68230557,10.95650851
15.86946402,2.184240408
19.93081255,3.032868466
24.57413571,18.57668335
16.76595393,16.77557035
24.09882637,12.55424717
17.64774337,11.57802422
15.89541986,10.20448627
18.90606077,3.486672924
16.93484859,9.326499198
14.53492669,9.044344112
14.95005022,15.77466346
14.41716512,2.862915242
12.24704396,1.107485098
19.6083767,0.928256374
28.22129702,12.67054452
14.51595635,9.699845302
19.09205816,3.157564306
29.81012001,15.07483172
18.14762003,11.15034992
25.51400874,1.031558594
24.67249228,14.78966891
8.43227657,-2.072296337
16.26479678,10.30272323
15.90526541,9.793285726
22.79152089,6.864712304
27.7542238,10.30754063
25.4338688,10.88224877
22.37616888,7.647222641
9.433057512,11.06508733
23.68624517,16.76317536
13.7564614,4.607371119
13.37368268,12.96263325
15.52319661,10.28824397
15.91923606,13.6261025
27.33015742,7.200659758
16.44154025,13.42726454
32.2992661,7.114810532
25.23069341,15.24160241
17.45906329,7.375546883
14.31278729,6.555818944
21.48112418,6.493668846
19.07876535,9.078663758
37.73405369,7.808057651
12.95052941,4.794749136
26.19292143,4.046519615
17.3177502,11.03834528
35.10539508,9.920948893
22.04774977,7.086907713
20.05898191,1.912280338
21.31421755,4.248785219
27.25023325,4.072247378
19.07045633,6.481502954
26.61425727,3.402316925
30.49103527,5.468593712
21.24501068,12.67704718
24.68802166,3.800009082
16.47844748,-0.919874562
9.323614516,1.28288276
20.80756246,7.788276725
17.68357937,2.736598615
25.49689372,1.202108659
25.25701243,11.14082664
16.05354003,9.10563525
12.34034009,5.849157006
22.99065373,2.609173282
15.59905717,7.085367442
20.15606,4.385432648
19.84175355,12.26980685
15.04204738,6.961783908
15.14415291,20.2911472
24.99336549,13.53962535
27.73195009,13.23215399
12.1478553,1.900173505
16.36547887,6.772887469
18.20633213,-7.227618382
23.14300629,3.531551848
31.8632119,-0.897185509
16.43821475,8.248751687
21.33962897,13.0951175
14.99733192,9.272824014
27.94098687,11.0247591
20.14788832,13.29349037
24.07764789,14.85905638
16.64536107,8.966192305
32.73673287,2.871715885
25.25086995,13.84308842
21.48312247,11.36892237
28.94547183,8.631162723
24.88440039,4.434599375
16.37287988,1.157628497
18.18210056,11.30430384
11.80747035,8.182748357
21.48137564,3.665269791
18.20992272,-1.004621032
23.71975604,2.076865469
19.13194834,11.89753855
21.01833496,4.122382326
24.57098969,7.139840443
19.83812494,17.01376519
19.5459754,14.29030082
8.977588481,16.99876839
14.80637859,8.204504139
20.12855056,3.54167493
27.60021618,1.685455379
16.05804078,15.15734838
24.51933933,4.026737512
22.50630776,2.993310527
7.275234677,12.76729718
20.66897698,11.78769888
18.42532588,11.75603186
19.69502009,-0.018445426
28.32164181,1.505684967
9.114177495,12.28903559
24.71591115,10.45124659
10.7294495,5.369144652
23.15425193,5.858741798
25.98139349,10.18763661
22.87469876,4.409693916
18.92196769,1.823836086
33.03886693,6.764407595
18.83471447,7.81906837
14.20621458,8.444046417
31.77743634,14.44910385
24.05366449,9.203562384
10.10144001,5.877795498
18.43887189,3.572544061
14.32357857,12.84182751
27.62820462,9.40354966
16.73066974,7.235751304
24.0806026,2.346087901
19.61824225,11.50791671
19.5172564,6.031929859
22.75538872,10.88018533
17.97639485,14.1831597
18.39683758,12.67231372
20.00653224,7.445564547
13.99291648,7.736888103
6.094804026,3.483023538
13.78627743,8.085141719
29.91200679,14.93870197
27.54601242,3.496161471
27.04714034,10.18504651
18.54558273,6.145567975
21.17757592,3.087364334
11.77498978,7.767759153
22.9880764,5.251391727
9.926397982,6.720903059
15.87054076,12.28786229
19.15212431,7.912960125
22.9487949,7.563745535
19.63059059,14.10404705
18.29702063,3.680202085
19.68212701,11.11776253
9.399205885,9.658484278
11.72524295,6.043116418
15.39395179,18.25030887
15.66537358,12.34743128
18.44680076,0.143064586
23.3755665,5.7839233
19.5130358,11.55258683
14.14756307,6.64111221
21.78643567,1.431737193
24.32439446,9.572759586
12.96455745,5.249607481
20.2414135,3.516784164
29.29688804,3.455086296
13.30177978,-1.694425877
22.86743439,12.27097386
15.48443826,8.927067212
13.38519626,3.160477829
20.68294634,9.708049992
30.85374069,6.86765179
18.54502512,2.723896006
9.241088757,6.081072537
14.22877655,4.232281803
15.46997214,0.167493802
17.67573568,13.20269099
16.71033273,11.27603101
17.46839504,10.26823105
26.58438683,8.676291409
26.29287844,13.66329136
16.62273601,9.217192651
21.8302235,3.970219548
27.13607869,9.058344945
22.00581135,7.623418152
20.16992549,9.120541757
27.80889604,6.01695385
17.01175719,10.13941489
16.64376226,14.44160676
22.52315023,-1.685934637
14.11976216,7.981891974
19.03049873,17.96403015
29.05860373,-5.197194201
33.9326456,6.291904767
20.73815542,3.197985596
20.77759727,7.509878898
8.440099595,7.886567456
24.09199151,7.341868246
13.51462011,14.00280537
19.37692095,3.372610904
22.54214166,-6.883364039
12.51937454,-0.85369461
30.6019414,2.033707884
22.50708552,4.333244122
28.54556089,11.59857858
16.30512799,7.88130484
15.38185001,6.920216344
31.97943162,18.1971913
20.76433201,2.332586947
22.37728886,13.57087611
29.80474695,9.154885541
20.00908808,6.234367374
22.19627296,15.68795944
23.95641682,11.50303955
12.53219383,9.273414278
19.16925614,6.423184441
15.52560757,7.761081746
30.35268895,6.816155775
17.94313106,13.60070644
23.57292715,12.34059383
19.74867491,6.509672835
23.02857389,6.355033559
21.66635198,12.18916331
23.11513453,2.182002443
17.22983583,4.079015272
20.1626371,12.65304694
14.65360359,7.527212831
17.12048619,8.4952937
25.39713275,10.70215598
21.90162763,9.385814491
19.85182657,8.063051053
17.78784215,8.800337051
13.78665341,6.419849289
26.85414753,3.997434052
19.5798545,7.061681233
20.90034753,3.059566512
29.51725725,15.18614998
18.90027966,7.298024259
25.6742235,15.81494189
8.920177359,4.830587988
24.4764884,3.589072902
28.09317942,6.657189362
17.77222044,12.10484729
23.92282062,10.36068616
20.49249867,11.34961421
19.34018579,16.7281985
22.24270636,16.4037453
25.78732319,22.05226136
24.46808907,4.535430068
17.46821789,1.327351361
19.17505247,4.660047366
9.491555321,13.35299327
22.41916688,8.597935065
24.09283016,5.896156055
17.76472331,8.164646295
19.04935726,7.039130182
19.01938864,4.943731944
20.25134893,-2.566830674
20.83863909,4.249521165
30.62531768,11.63700083
33.50007771,8.490054354
16.3736679,14.92901095
25.13439862,9.788201502
28.39035627,10.36404774
18.06355019,10.5702757
27.88891997,3.445245455
24.51205994,4.696191592
26.73188884,4.919217826
33.11443684,4.568734642
21.72282192,5.244152809
24.65773433,7.704979106
24.63999767,5.846846688
22.72220535,9.692723123
13.91563341,0.858353376
28.2320066,2.815532785
25.25477927,-1.820011478
21.90519538,13.29818883
32.2970301,5.700260202
17.6534225,12.45237764
16.52307391,3.89885286
22.49917254,9.690123795
10.41700461,16.44331373
18.99257215,6.229839676
20.3687886,7.674709358
28.49838134,11.51733356
13.46345648,8.284666979
20.13574538,16.6529346
14.30182881,6.351981338
26.07403074,8.532391977
22.77933607,9.628229593
9.255290537,8.651387239
15.80776151,13.51860616
27.85908842,12.60600828
24.44367031,11.64540286
19.5339474,9.125385392
22.3221452,-1.328566996
21.59694725,18.08830679
24.97632322,12.32802453
24.32342959,12.01575269
13.12596967,4.231383063
25.62334865,4.247231473
18.63384769,9.986513538
27.77489547,9.100826854
21.50846496,10.73860188
18.79679539,8.631255251
13.09982477,7.161332783
18.87592521,5.367627111
20.72774473,7.464293843
21.59518608,12.957621
22.98689283,16.42853206
20.56677684,5.150827791
24.78227592,16.26598672
27.15334536,19.3521921
18.69253048,4.010739077
22.98155777,7.036120816
22.44213361,4.703683272
15.75295437,2.979234936
20.5197579,0.423346489
18.84434872,1.559029992
27.22404335,8.511578307
19.41581677,18.41041688
21.73133765,2.576028118
22.67218544,14.32039167
26.57739693,10.62180582
29.11624211,11.75380985
5.73223384,14.14768894
18.66061268,12.16489651
19.47583537,7.451562804
13.60212669,6.269515754
25.30680439,13.65045779
23.52174857,9.44222125
13.21999786,8.600177274
15.09063259,6.940776616
20.51635264,10.01982022
13.20312137,7.589925875
22.4824679,6.232622911
11.87484945,10.76652546
17.1627367,9.42134477
28.85241833,14.95622119
34.92964872,21.59415443
24.00334911,6.23444785
25.34811738,14.24149406
30.38362277,12.23027263
22.52643734,-0.227468222
15.05540458,4.431898398
18.22820372,6.372627922
16.62754535,4.989535376
13.81988932,7.333024122
9.564528434,10.94405058
20.67508551,10.3611343
17.85958415,8.304424183
21.19864261,3.429023342
12.38755953,6.138061927
24.09944967,5.474165486
21.64080518,0.541812901
16.90036674,12.38675077
19.58544778,12.81763377
18.27630856,11.84213492
21.58535066,4.580994211
12.95321353,-0.680424354
22.84858313,5.77487049
13.99445096,14.38506178
25.44748835,6.621154642
27.38588509,5.335445196
17.6849241,4.39440222
25.24813417,11.66220308
20.21417733,6.68250248
7.496097561,11.76436133
21.60127862,5.594842591
14.49409566,-2.887153913
13.5468871,4.249090115
28.15939676,16.47559314
18.82247836,6.740763758
30.57098008,4.566802545
17.05402866,2.899034125
18.82843491,11.44573369
19.64321789,7.27807641
17.1706249,11.87979279
16.64069665,2.692353293
22.60684419,0.60229751
13.77122053,13.21274009
25.93522718,4.639184734
8.200101418,5.830408873
12.50254308,12.8200813
14.46658392,6.42689277
18.44317529,19.76441196
21.72645109,8.28904914
9.637812618,15.00062051
18.8481813,14.30298627
17.28941929,7.396693959
27.76551123,5.446827843
26.49750588,0.16967014
22.11396396,8.211854973
14.45986773,4.192966801
14.10042233,13.23742831
16.2334866,1.223020817
26.11499027,10.00343991
27.42641057,9.715275014
20.89106738,9.085209658
13.27846738,6.124732632
22.62918601,13.03597869
16.23415805,6.976653146
19.4018196,5.694610792
16.24530208,5.036995593
19.92543358,11.18905611
21.8600629,2.241944439
19.38197447,13.65943187
17.74410716,3.771424877
19.31576483,13.02139202
12.3964375,15.04360458
16.1996419,2.690896469
16.81915042,11.52350495
20.94392709,11.79715782
9.70790708,4.122836788
13.58950485,8.888171796
20.25926147,12.18909117
17.53131739,17.1853792
22.90250634,3.903859687
17.5672182,10.87115669
19.58293496,4.732395429
20.78400168,4.116963619
13.91379516,5.661446894
17.20604635,1.933110097
18.52211861,0.025101838
12.90388732,-1.238400346
19.16200447,9.950477083
17.86602038,7.947150714
21.36683461,16.49660594
16.63193897,17.36782822
17.77257469,11.41653871
18.63050569,7.557943086
20.14035146,5.699356313
18.77059003,12.83704161
13.7035904,13.84039952
20.10133461,12.00771059
18.1619426,0.626432811
20.97141005,18.17405368
16.89551164,2.017449647
22.36008944,10.27474317
31.56975675,9.934419455
19.52629173,7.70131095
27.66060662,10.92653177
19.24946088,5.007165227
17.9920906,7.184551637
10.31531389,3.190029325
12.51149975,4.714066731
30.3691577,8.713993847
33.78976512,4.769589316
17.65202418,11.1657748
18.08306383,12.18660173
12.20916397,8.118496225
25.05445855,8.721352696
20.38277927,9.497859654
17.77190512,9.824738561
12.09647987,7.451183246
25.91960387,-2.700002695
20.84410155,8.871830685
22.83226851,7.382559718
20.14674244,9.703433347
26.73822576,16.92211802
19.22007782,9.243820361
22.6594995,8.751384533
22.22386802,19.0622581
16.79764245,7.085956272
16.49517511,1.120301367
8.796088438,8.013106226
27.92816806,17.35802887
13.37931538,7.73740643
13.45244506,7.663323141
18.25420109,10.61807548
16.63757974,4.546610928
25.41788805,8.769396822
20.49158215,13.79811815
23.87859902,9.232794151
16.34706087,5.171148357
10.2863884,4.123907087
25.70045603,3.630429148
14.60841017,14.93287573
26.70470492,15.73260904
21.75127211,7.171101342
12.10278068,11.68812206
20.23914403,2.17018423
17.15890196,7.350626442
17.04005944,8.114854953
13.53479178,12.477778
18.9159411,12.20293344
25.62752312,7.365421219
19.45445107,10.09312168
14.59594135,7.123026625
18.0248436,7.26363251
17.54407725,-4.232937904
19.65856288,7.292393517
12.34382035,11.06832248
19.8344435,-0.718036696
14.25508325,9.828939377
26.41135776,9.419098514
18.99441409,0.536980441
17.51737252,-1.837456443
10.71541925,17.65293266
29.04714074,10.95200408
21.65002178,3.504171661
21.66040888,6.841473309
16.39083548,7.205462262
19.47499056,4.440638096
15.11971323,9.050229211
25.63170591,9.288120139
21.21400632,9.275611383
27.25986526,5.084628557
24.42639496,7.716327081
22.7846537,6.632983672
10.3316037,12.08309911
26.57223426,5.300124173
14.10798252,6.081720855
20.2497676,3.803685855
34.17363109,11.35758884
30.86006799,2.630577084
39.7699635,9.876573911
17.4282268,1.08338849
21.76686534,5.700276402
10.91964117,5.841291206
11.75627793,12.62009659
20.65665223,7.465731023
22.09173325,6.67507521
30.00919799,6.666182783
25.08084179,2.128602822
28.04261071,5.320377978
19.13964018,12.1269101
31.05856085,15.23839793
15.97220107,1.273477252
8.855937139,14.58283841
31.9582585,10.49740266
6.976081627,6.121550571
25.09979167,5.590324671
9.640836505,5.77533464
31.02710178,10.28102051
16.2430251,6.883343766
12.43375086,7.234307061
22.24877539,17.00755394
17.09515804,8.605652714
17.57762168,14.67660421
16.81265812,9.996628552
20.8022591,16.53400315
23.52769471,14.00102947
14.1895045,15.53877772
11.83385116,4.834115327
29.93800928,14.24034512
11.7071997,6.913166677
31.4175063,11.97536418
16.99271828,10.76239072
21.46526297,8.899930462
18.66529797,7.625117831
22.75416717,6.207982904
20.88777666,10.84420652
13.43585833,8.187305592
21.8896456,11.16496895
17.87123173,7.317035019
23.30994672,11.62097008
16.66360046,12.07223391
20.42543982,10.65982054
32.49212644,13.0311382
17.66551148,19.70970874
15.91648966,8.391166656
21.13174023,8.946340366
19.16871417,11.60204528
14.48935933,3.768723819
15.85096963,8.597358419
28.96335198,11.17376053
27.58827998,0.550523059
20.76940517,5.240970342
16.18953047,1.919554656
26.53414795,4.345644473
20.74098427,6.258263896
18.81013944,2.178810016
24.98147412,6.033175047
24.49160132,5.795948061
20.53400426,11.54565936
24.35895159,10.16868603
19.91753229,5.819124472
17.16237917,5.527843996
29.9326653,18.39556687
8.509648208,13.93173867
20.23927115,4.059170635
16.6801994,11.16392871
17.16702024,11.15637395
20.13558857,12.60155193
14.1555183,1.090531597
23.83249612,5.290341722
14.76878838,10.05693109
27.74880994,16.72649812
16.85791981,-0.415675041
27.06215451,4.872864717
21.8352581,3.052407469
3.808216506,10.11766205
28.93034808,9.33535613
29.42089766,10.75136493
17.48635764,13.83216245
27.21164911,11.45249859
24.00099458,7.959902955
25.19755941,13.58491631
10.36813359,8.390507437
11.29464533,8.412935358
11.82807404,0.965464871
25.8858668,14.40264479
22.70633207,7.819062334
30.63824691,7.98851023
12.83055974,16.61413114
13.81658781,0.983435759
23.7746903,10.72302102
12.9720571,11.12847955
18.86916669,11.72962507
18.9680929,3.830997106
25.28592107,6.39150123
15.02165095,-2.267080838
21.31504694,13.25567532
24.84669184,10.21540969
22.08078115,15.49658121
28.81264097,5.529246602
20.12522939,3.462728395
18.28267069,17.12527434
21.15668257,8.180383502
14.18126858,14.32828049
22.69305093,2.821900895
29.77787715,8.429930053
29.30902815,6.623976572
13.43901877,6.970132644
15.10330703,10.12854052
17.80002349,7.607865112
20.75594465,16.2061811
21.77450393,12.54945017
9.389939935,8.521943814
18.1187471,7.400987666
24.78630552,12.34412932
25.94387428,5.975031798
29.82741235,13.93780286
22.69613969,2.021697115
15.28517736,6.88165582
20.61407524,15.16096775
21.23192747,2.986649543
23.28095884,6.226327705
25.58499757,1.310772508
23.76257916,9.178183247
9.032016617,7.683309134
26.17904934,9.897509556
27.40163739,9.74812746
27.19098937,2.280119815
13.53044533,5.620980463
16.76362749,-1.971583628
20.22278343,5.775678448
13.14176968,5.82076109
11.3456503,8.0015465
29.38329871,13.88746956
16.32552229,21.77508425
23.41910261,11.56022552
24.01752787,9.310865948
18.84550695,11.1158837
19.84391537,5.868157826
5.722505644,11.71043198
21.87094397,4.206242704
27.51182471,-0.766830863
18.8781717,6.580002063
21.40430778,1.944254829
14.42618034,9.500875924
26.5837378,14.19074261
23.73931247,6.106620697
14.56714436,16.31833018
20.93865891,7.597266128
17.21653007,8.080826223
26.47057089,11.86105298
14.74392842,4.173686443
19.80476758,12.4455989
23.6960091,13.01150707
23.94824414,2.801575187
16.15887468,13.14320057
29.36812221,12.54922863
27.86853529,17.75059285
30.49575707,11.64265227
11.6790278,9.881857321
18.67244548,4.675151161
17.99221442,9.173676284
13.44391955,12.68327946
9.925985696,12.83031132
18.52250337,5.501372229
14.12792744,4.47501215
13.77063565,10.65120042
20.32533299,6.781569054
14.59172932,3.561780274
10.65249441,7.072367943
19.62031865,10.8055338
17.51345973,15.12055773
27.09158115,9.240366416
15.18047067,10.57927347
17.01465293,-1.489939837
24.96591644,16.27564303
11.64240718,5.552263162
26.72712016,15.145622
23.31734007,16.1991885
19.26036412,13.83353682
26.66514601,11.64094615
25.77544006,5.194689857
20.50213435,12.63659372
22.84929741,6.009868105
18.90305964,8.896467693
13.23569652,9.919294307
13.39250439,10.22761796
24.6859418,4.058811168
26.53084822,11.79099945
25.14483352,6.227189988
13.412518,0.362516416
19.5056814,4.734531973
17.15301283,4.090168763
21.56011814,11.85533704
13.64714647,2.124773877
25.73548146,14.4519159
27.99805252,7.498503956
22.59250632,3.670248917
13.56498183,11.310045
24.52691765,22.36051564
17.50256582,15.95133438
28.28101132,8.211706696
19.05707266,19.87915307
10.12609081,6.995518043
22.52433392,7.335756703
22.9812669,-3.610189446
21.95146987,6.957798763
12.91589908,4.893043492
4.137037204,3.22626161
15.19427936,5.714356772
16.27097793,10.12928781
23.57994271,7.314070866
15.54589279,12.22520558
8.999778598,8.976109521
17.41591011,4.19930759
22.91409467,7.712848087
20.90939219,0.148933081
27.61872895,5.238573775
24.23473026,9.369317281
25.65311493,9.761086325
19.0335627,10.87742993
21.09292674,-0.296340543
27.5403114,6.073401746
22.50961475,0.507687806
27.13527779,17.07047742
23.07197882,-2.241844294
10.36875739,10.14182389
19.73159145,7.216924696
12.31155812,6.500811579
23.83371284,8.144613012
11.23530302,4.942026093
14.71495686,10.64720463
21.71205166,6.74577651
23.7838127,9.688715272
15.53165581,1.704629301
15.71882174,6.038867347
15.9077635,3.97295226
18.6377869,12.05648226
22.67978312,8.924726614
19.98282427,5.969063344
18.87320101,7.041209978
17.20671057,7.778450997
24.0093462,13.02104174
24.68860264,8.071120482
27.07352672,1.542719041
13.0788375,12.61483601
19.90832399,1.817677189
17.73122658,6.797652477
16.08760491,12.89142531
16.02370533,7.601664376
18.69721677,2.380871715
26.41529161,11.18834308
19.94977734,6.628866341
29.3686752,16.91683839
12.26241213,10.15265535
9.410365462,1.029574729
28.52346368,5.530882848
25.14316778,6.561883041
15.08007874,10.55213863
22.61891962,12.38452153
18.39563932,10.63927246
11.51793244,1.03321969
20.79509669,12.68164285
31.86214075,12.78066262
21.98281039,12.93237319
16.85012016,15.22545808
17.24915668,7.467159811
19.64912626,11.62362044
23.20011901,3.641620404
19.43408978,13.11790529
6.619908839,8.917188209
2.241157194,10.20405919
21.20258241,0.714252303
15.14005618,10.39284627
13.94577094,9.325549158
18.58564965,11.09904942
22.89924177,8.22526982
34.42024116,4.310462354
16.12020076,13.42624007
30.66742866,1.920534617
22.77621099,10.54257939
25.45317047,23.1287636
22.16486051,16.08784017
19.57083007,1.748503671
18.63629138,-0.885573644
25.37758427,6.445630111
9.484196467,7.181487832
28.9912798,10.48341714
20.35161491,4.241251492
17.00053132,11.62169452
23.97299812,3.194260477
21.69090251,6.110667912
21.07767416,13.31273785
5.53293956,17.1264112
21.81100831,10.95692204
26.52150854,10.43535781
13.37924015,-3.060018856
25.74959614,10.18073386
21.63478897,10.52076319
18.96305976,10.84851447
16.58441791,2.30489686
34.25811943,7.821332844
17.88583798,5.42455673
17.47381105,10.45025248
14.05998786,6.986741492
19.89949834,-3.234519858
26.17146452,17.12709233
21.4838852,4.830058445
12.46070242,4.36082
7.635801942,10.24536966
18.4983047,17.01723858
23.19422949,8.984220573
26.12909105,10.27248485
19.00258231,12.46483136
22.67207963,4.811142063
25.84974675,8.000168007
22.48793943,9.305315445
22.98914723,7.58227772
18.09101364,1.691259549
13.22075727,9.992479182
25.63245218,13.18387867
24.40221292,12.39100277
23.81155925,4.229641776
16.43027827,11.15323175
16.89824288,1.176342069
17.64034578,10.50057005
21.87431899,4.413278422
30.05390237,11.21027298
18.89068668,2.016677892
6.857086783,12.45594319
22.07196994,7.885446825
23.76251871,11.79157568
9.291600919,9.379981024
19.74003387,12.94503633
22.94853863,2.73089649
20.8079166,1.155905826
6.94911735,6.860099315
26.48847341,6.665535686
19.80632727,5.569506427
10.8469736,4.825282594
19.82858633,-5.381010141
18.80049204,3.032000147
9.579055467,3.790391369
32.00252126,11.12435935
18.65533391,8.641410532
26.68771635,2.481686454
14.21817903,13.66919628
12.67755719,10.88522831
17.38886978,8.939286013
20.60769058,1.56815508
18.57170175,10.1018392
8.039814153,21.05901116
13.90077446,3.542854354
24.23409717,5.012203284
16.29322558,8.647870304
17.156455,14.06292556
8.687512599,8.481548603
16.99177408,21.4162239
11.71986194,8.671174578
26.28657357,2.580411299
14.53360456,3.366105978
20.73718197,17.38498071
24.19607816,7.350842993
19.09635651,17.6405299
16.0829233,4.157793039
28.78588922,8.730989548
18.30540222,4.314647251
17.91694908,10.89477997
13.75734756,9.400639475
16.43840791,16.6563509
27.41764,13.33069124
15.12028943,9.767409433
19.88887537,2.46819117
26.05536402,6.157174504
23.81145231,14.43607083
20.64923582,11.90441726
25.89451872,6.788300558
11.74622442,5.546990855
21.95469463,11.78299289
14.24609343,6.694145625
13.29957124,9.951434838
23.24950521,7.957431629
25.69027228,18.22958316
22.33559023,6.125882213
18.94548257,7.548989678
27.29529286,7.265400571
19.04410512,17.43519615
22.04404227,10.37705057
23.77610632,9.303429489
16.84734678,-4.287727447
28.07846704,13.85450138
17.15199043,14.56899049
22.47520631,8.259681342
24.93179053,11.11829966
21.28320753,5.644832785
10.56546071,11.15326249
24.86327901,5.126616312
2.80274236,6.458583859
19.97459632,9.730739923
21.31239126,2.582133217
10.68878259,4.440905621
20.35170111,10.48601697
19.46279311,12.92372559
20.5248487,8.984264666
14.7596627,2.200933967
13.58870824,-0.147807004
15.47404851,14.20325634
15.19093762,5.113777934
14.25116809,15.43404395
14.07619488,12.41576222
14.51274085,13.9534902
18.56198506,8.13082039
15.76441896,8.520028807
19.89400904,10.99741668
20.60001518,6.482927442
12.11458506,2.628513874
24.64651034,10.04748316
16.97971831,5.570736743
26.63748157,0.85932096
10.04522012,8.166067946
21.3268076,9.854905211
25.27591785,10.79012085
18.8539177,13.70659516
14.04256503,4.44853839
24.29323798,13.06420674
19.63401614,9.266517025
18.09922706,15.24927017
31.46830484,8.514221459
8.431362358,11.92027918
16.78745382,1.552453886
17.64940566,4.745412447
21.48104234,8.610888556
20.31896562,5.318952293
35.3239137,6.859767845
20.1125025,6.618988124
30.40562695,7.263912197
23.58154102,19.58015925
26.37467072,7.969031789
24.94962867,3.509929188
17.08656835,3.916934009
29.51230379,-1.434516355
24.70439048,6.589208853
19.44913134,9.074474776
23.46282118,11.08205958
28.10432992,4.410756604
20.68651578,11.41654783
15.71627718,-0.203164078
13.9199204,3.616477606
27.6003089,5.433703544
20.40141779,8.786208345
23.30266642,9.339794109
11.08261688,3.400565976
20.8435696,8.118893792
17.26740189,13.46823129
17.24686951,3.627752455
16.03618424,2.968173549
24.19800541,8.315563444
18.99224055,8.637239135
22.38401245,14.71822658
25.63030816,16.05415241
27.29825423,15.5159334
24.35285166,9.284274961
19.12787339,8.210814051
20.66816212,9.496991451
19.9228342,1.748198496
8.363525302,13.16958975
17.92893098,2.571244088
15.12446112,7.137799938
17.74738724,8.12792859
10.40031519,10.05022331
3.351790799,7.333386426
13.44030807,8.731984269
28.70879455,7.010806451
19.77015582,4.091111419
21.53279517,2.274551534
11.84523043,8.38888943
14.34089287,6.893482914
11.61152242,5.148951503
18.74841852,8.511721464
24.82646958,-1.402451255
22.73587016,10.25804863
27.7618801,19.19894262
16.8136862,6.201528131
15.75526727,9.949393937
6.355061611,2.271364199
21.95732256,2.520234648
17.41721193,22.16000495
14.34914232,-6.763510173
28.11816435,2.646198985
18.76337781,4.283085688
15.35162724,5.41657733
27.51497281,6.822542272
23.50527668,8.9650447
25.29782321,6.62847064
25.13802342,7.995797445
20.08483182,1.063344448
27.86918295,5.458124114
25.75249498,8.09243327
18.6175797,7.442391703
23.41581874,1.769022052
25.59374815,12.51276146
18.49930139,16.55297012
18.08285222,7.176824182
15.16959926,3.682772637
22.15796788,5.084454568
35.00991421,5.053936595
18.26513052,7.725159707
27.55970192,7.0095598
16.13983965,2.439956393
6.371437915,11.9518437
19.11324511,0.864435825
20.9994467,2.508982319
28.03271738,13.56288541
25.35638041,5.820574512
15.19800178,3.626692228
18.66237772,10.5697529
15.55578676,13.53906659
14.03612152,0.303464546
14.0549145,9.403910393
12.41370035,8.369328935
13.02669628,11.58639205
33.78666579,9.193685679
23.41226077,6.120862298
14.6826993,7.113473674
19.77309833,9.239658999
19.32844655,5.769806238
23.49527932,11.73119274
14.65636758,5.726181885
7.268351432,5.810720739
24.93525947,4.300572144
24.61585936,4.641738624
17.77106721,-1.324382166
30.4629041,9.058006993
17.30494763,12.75043239
22.65512975,6.183230069
6.955747486,6.046677723
32.72617046,5.740130682
19.58863896,11.94956638
11.64112943,6.615523142
23.10371899,11.47857958
21.23033922,-0.221654203
30.25210557,4.486598371
21.88479372,4.93514251
24.78250399,10.80268819
20.05934315,10.12402284
32.17037587,3.187008957
16.85721336,4.27392018
17.39514374,9.667995797
17.91392888,3.696743549
25.81699556,7.787830059
26.59300341,11.34626532
17.92508222,7.338099636
21.99559358,7.553983039
31.61797844,10.14966261
31.73287904,6.583458924
35.64808715,12.35458344
20.23699087,13.95178619
29.3402075,6.448683291
18.55592698,10.23422924
16.32222546,7.396371447
24.21649605,21.44666277
20.71702029,13.6828829
15.42770404,8.409566336
20.76735138,12.01381281
13.18897661,-1.684972495
20.45163886,10.67535552
21.5159727,6.198782591
28.95458353,7.435344901
26.03289392,6.484072365
21.79976914,6.390447614
30.35535272,13.09535353
17.2850649,3.52516778
19.45324948,10.83044274
15.17277508,5.433157427
22.33980373,10.85452151
13.77812676,1.729510649
22.57858376,1.17553905
17.63882015,11.58318
20.88189966,14.10503393
6.685142119,26.2765655
27.96082313,9.290741983
15.53036562,6.455560376
16.52219315,11.21553654
14.23659256,9.510374485
22.89796923,11.30684985
20.25574426,5.465443676
14.84558281,9.659809023
18.65161819,8.159621129
18.01311058,6.607001201
26.25880534,7.392689993
26.76488869,4.602209392
25.17476038,7.362675978
22.25381912,10.66719617
17.66797162,9.585585247
7.911600332,21.0192292
18.54029633,10.74365241
19.99029386,16.2544009
24.41968805,10.15887467
18.17341237,0.965676174
14.17043455,15.79509198
19.59956548,0.027699767
19.81851027,3.681222002
18.74925215,15.2702774
28.19346834,4.600039355
13.49275754,1.403027022
14.9025983,2.838276097
22.28043278,5.383110124
20.99691486,15.11861176
10.31655208,6.465907435
10.08261554,7.308678513
19.24082497,7.804036488
6.049083597,12.99082936
22.95349323,7.257791805
21.17056462,10.65057893
24.61929486,9.025965568
22.42899814,-0.230292054
13.68027689,5.04878448
21.64000464,13.79467043
27.63411674,9.205720919
13.214799,9.211978077
18.73279322,13.87784303
10.3507571,7.629640987
20.03501542,4.96847232
23.86593091,14.14768008
12.83049599,14.76166395
21.71726437,21.2246967
16.36096456,5.478889555
15.53627884,3.098644826
19.50985208,9.173343989
29.33078705,1.226259609
14.98089628,14.75632379
23.51466174,5.859887424
20.96537559,2.868681461
28.04823148,14.89563299
14.6369595,-2.273852731
26.75031608,4.251457664
19.78402838,7.550636354
21.82747337,0.956204628
22.0304603,7.227430405
12.5823643,5.17519641
18.73835269,13.33432301
15.05067668,8.727924055
21.73526053,13.70738935
25.58253795,9.050355504
19.44553692,16.41362446
6.020752651,13.34034996
10.48449281,5.602948607
23.61098879,10.75884681
12.67205324,10.13254856
25.47496468,9.305573166
32.26984115,2.703694027
21.05322671,5.380599364
19.70781055,11.19400684
14.02747809,12.74876813
19.77919257,17.95682971
15.83218196,3.612352219
13.62126076,11.68560757
16.58136126,10.02939316
27.52323459,9.568285631
23.41257647,7.733484529
13.25956453,3.088893548
22.54618223,6.915249334
17.80253247,3.507994163
12.31865586,7.399721115
23.13174025,9.325399826
21.09254176,12.20801358
17.08715368,2.340766825
11.38274768,5.461316021
16.30914759,6.745161166
24.52865421,11.86068851
25.25776838,6.045923413
31.05155118,8.14511275
30.5872442,11.38920307
15.23742179,15.13021836
28.34102587,-3.62075301
20.19672372,14.36113163
15.78957741,10.39013781
19.34652628,3.689647299
18.17679907,4.504488897
6.157343227,7.057635338
20.95969793,8.891975731
24.94386433,4.173059522
16.270553,-0.281582391
18.56813503,5.298373551
21.26968535,8.006330093
19.18951805,12.39319632
29.672892,8.665664331
14.01423362,1.04592022
22.85174447,3.082463093
19.08265947,6.884629417
15.12023838,17.64943103
8.298367908,8.164813532
18.25915452,11.61841043
25.46884252,7.165085079
27.87297239,7.365660183
15.67358256,14.10925997
23.1085825,12.51041459
25.77267082,15.82759629
23.75042908,8.18999759
13.47984226,10.30951801
29.812146,12.59554769
13.24836296,0.752307672
23.84992867,6.032734894
32.04793328,10.62937176
24.38219468,12.3471875
11.35439028,12.97520386
22.50768505,8.968728739
14.12184692,4.624776327
18.39303017,8.416364907
16.9442248,0.765657435
26.39138485,4.848419536
16.69157293,7.455961154
24.51549741,10.85635309
19.51801335,13.27563925
11.92206311,7.929559649
16.04470835,4.213780252
22.2941754,17.28784988
15.62595008,2.944889259
22.87076608,6.25399122
18.08585831,11.05159029
35.40368182,6.225440774
13.38512657,9.554527167
17.67785743,13.76569359
16.32244022,8.150346179
24.4971244,9.786958298
26.82287942,4.113434528
25.83164704,5.165107411
13.01658327,2.216591827
30.06017908,0.290832555
15.44953728,1.247283928
29.69773275,8.318225947
20.94573391,8.821793789
17.71536359,18.08332841
29.07686737,16.07233064
25.80215443,-0.297710014
27.51116483,4.300661082
26.13280241,5.485662997
26.27610857,4.93108304
21.99268218,8.150181088
19.32400059,7.970962091
20.61058915,8.509599359
13.15739847,7.283243394
23.6944007,10.11923956
11.67747548,11.79603413
20.73713935,22.27416226
20.96302564,1.410329829
27.30652002,0.829397213
9.232594758,10.71646082
26.90783511,13.83854099
23.83621972,9.439171147
18.36759922,5.468426621
20.20782567,3.797259251
11.62520994,12.30698451
8.91047463,1.598983927
12.0630456,10.15872307
20.49319925,7.271285899
22.87953733,16.81706713
21.56325232,8.881467647
15.95116721,14.27698909
15.39842616,6.960944737
12.58681219,11.4922229
19.85712273,9.086020519
13.56290413,8.955168487
24.21015121,7.955900605
24.77605074,7.183511214
19.70377138,7.252148536
21.49504571,14.42975975
25.66384974,23.25167812
29.01324982,2.875682336
20.72834255,18.1872161
17.59231305,4.837466914
25.88459913,5.060565459
23.78419638,10.60663637
24.75770944,6.985060965
29.05187787,4.125983857
15.79713229,4.388729449
17.53294438,11.33602839
15.54820002,7.867483103
20.92814808,15.6113409
4.960552857,12.04899682
27.87060685,10.70870518
26.2707075,12.30142516
19.91774466,7.24830864
7.845736257,5.862334728
19.07497841,4.339647503
24.071291,4.347181674
31.08761548,6.82815689
31.11961401,11.0547884
20.03936972,4.293688235
14.69606549,14.62583536
28.85092333,8.041151683
28.24141473,8.706405545
27.99574787,16.85978594
25.89121405,7.391443371
4.47270072,6.406090138
20.46503538,11.06081261
17.05000805,6.64403884
22.25189245,8.485847818
23.32491714,9.741584155
22.40246281,4.821522628
18.21422533,6.930241111
19.32461997,9.624554422
18.19130403,12.89627094
18.38061479,6.165546454
22.23513368,6.460151918
15.70867591,10.012026
12.36402031,11.23385613
17.86390591,21.9494354
14.9142255,13.98721238
22.93441133,12.87295834
16.55646074,8.943992694
24.31299204,-6.469506597
15.87910138,9.004895419
20.96128993,13.60959806
16.75239298,7.838949237
13.03077445,5.488896817
21.37395893,11.18233454
21.18502563,9.513810445
29.42151815,2.109325998
22.25048921,5.622995756
26.94755361,10.10784333
25.17967617,6.979771938
18.53504168,12.71757642
10.74536087,1.505533662
19.01555069,6.729105938
16.51526198,9.825424165
22.88582333,1.745472585
18.87737042,1.54723156
32.49888319,6.91932872
11.44765365,8.34777245
23.66528718,6.049823692
24.21338346,16.05588131
26.82320397,8.006226915
11.9732536,-0.896459275
26.22150018,13.36991153
22.4687817,15.47433706
21.37985279,7.944520379
17.99757001,-0.254243611
8.935779885,6.037058644
14.26444756,17.2131944
11.46991259,12.47190189
24.29437597,9.107296906
19.90343614,10.83244887
21.81168535,13.74073554
11.66039581,18.44642843
21.41723371,9.695044935
24.93357453,9.603497227
11.66225971,7.663877651
18.86924417,3.674053891
12.83996524,8.803145087
22.66178873,20.18284653
23.84514686,14.89503372
24.38224402,8.960601458
25.06511851,9.868658553
14.68491738,-2.286225286
25.15728355,4.212747742
23.19098363,4.643650783
19.24481547,6.463665082
16.63986808,10.37663331
25.24503089,1.650973115
22.42492738,15.06305133
22.75821816,2.257241711
10.74536531,12.45308683
25.92302508,13.18189018
29.42285541,5.388070237
13.46333037,0.944600141
25.37815065,-4.532136422
13.22534641,1.260649063
24.02552856,8.936421652
17.12764792,7.877849324
25.20314449,0.788000866
15.49337391,8.025259408
28.66362924,1.638185996
24.72696671,7.16147
15.07908369,10.88281231
23.94273512,8.214505058
9.716994087,10.32201247
17.32713958,-2.274588522
18.31500452,3.736067377
18.60395786,9.214135842
17.36929988,8.793767893
23.08119542,7.473397569
19.49054855,12.78241566
20.47513835,8.496489805
20.02758416,8.038890355
18.74634064,10.64244208
7.563419619,0.20873192
23.49083999,8.643802697
12.90505289,12.93010554
18.66105766,3.635706778
21.0406857,1.421284728
15.56357701,1.739665846
19.87269186,-4.491512344
17.26021316,5.270248471
26.12182226,-3.237220735
25.08690189,0.899285323
0.795606096,13.37092966
22.6806126,1.080589921
27.12644024,13.82605933
30.07593733,14.34082336
15.73433731,10.11042618
8.033183578,1.91571838
24.80523181,9.213711079
23.12679086,7.142158082
27.9765089,11.33855147
18.94468445,1.51793637
23.59472621,5.002637952
29.79247362,8.833438221
29.81103559,5.290649513
8.19972171,5.884429625
24.26409162,10.93189247
17.73958808,6.462860261
21.73613614,9.650511657
16.54703209,11.14199262
21.49928433,4.500410301
22.89151938,-0.207454551
16.49569538,3.933878257
26.25627576,11.13022111
28.30726159,3.82468028
18.99041441,6.740459451
18.22012796,14.24626683
28.31181846,10.69704336
21.30347951,5.173511004
20.88418776,13.0069311
15.87808731,9.901500063
19.15148694,0.676235456
33.25232516,-2.893284663
25.44745875,10.65839649
13.27994944,11.05088426
14.11021137,6.729831113
10.37724276,5.919786859
18.03652366,12.5963033
18.65034455,3.386693155
24.56887632,10.15164356
26.97401256,15.30507468
22.45503584,6.318034688
20.76271653,8.867615926
11.84624633,3.048894255
19.62009354,12.95039766
14.87758134,1.208532249
17.19844012,-3.416178369
24.34453079,5.201262214
24.66684874,-2.137258229
31.16351988,8.712032731
25.68894972,-1.294294344
18.41402798,15.18962554
26.4225576,10.32571132
24.85877804,0.446773627
17.65033245,3.296899328
23.58831572,13.23813864
23.32897104,5.151684382
9.726403546,-3.042481991
16.17033449,15.77316101
18.80181115,13.55402302
11.87759519,10.24684176
11.96776614,7.342044662
25.5541492,9.451105417
3.331520557,0.446599246
22.39074705,7.433254385
25.12277479,1.677469105
21.55091238,3.845551635
18.28536276,7.513529223
24.15062635,14.83434124
24.85075278,7.451094625
26.67785031,10.71592794
11.71304782,3.884117803
13.18008821,-0.312799791
20.03054865,4.573646767
23.81853114,10.9645199
20.39912617,6.115846211
18.54098361,11.2580219
16.99377607,7.77132823
15.27855277,2.498264802
25.88741384,7.372001096
33.62409123,1.033645508
18.17811576,12.58930885
24.82884215,14.76625451
26.38357758,11.91767852
19.77111611,18.85552141
24.8625204,6.302872035
16.7495206,15.13323512
23.86904016,10.25565324
18.00477087,6.128112659
9.929342862,-1.468118469
12.93156408,6.621916922
16.70539958,7.64317694
28.31684247,14.69195916
28.66744316,8.43613683
21.2780804,10.88370908
22.96395969,7.073608042
14.43668564,9.395911734
7.529825971,9.258446928
19.08197974,5.61602523
19.80617875,3.963451085
18.91290044,11.35306992
14.09892811,6.106015807
11.89776853,12.08686375
17.82714139,20.57849855
27.12665126,8.822259602
30.52799171,10.49088912
15.34797523,1.876874148
24.0942908,13.58637903
27.52386654,18.68109654
13.77435934,9.27784735
20.38385994,8.575184861
21.26598318,8.144703923
23.44518894,13.16980355
28.23278737,7.143722947
11.25704191,0.080497906
25.03612619,13.56506365
22.31926637,11.52580423
16.9498677,9.00828124
21.12728455,1.468971085
35.05773094,13.1795573
20.21942048,-2.046244618
13.93658057,3.868894668
12.1286358,9.984756694
10.94890985,13.9307829
15.42206593,11.63996866
41.70863929,10.78566659
18.08478482,2.847895949
29.66755827,9.178377138
11.90140941,4.330748597
28.62118108,8.827521386
15.96940469,16.43138992
13.39336703,15.7886497
15.23010811,13.69502951
18.61512027,10.73863378
13.94512547,7.071207125
25.38445923,8.117071635
24.31750493,9.483234478
30.93273404,5.615567431
21.92358667,1.37723054
20.65249086,9.078703033
21.81065488,10.49455295
19.77435078,13.90077464
26.57266789,18.84304255
23.32877878,17.77230342
26.44669158,1.283136447
27.58066036,6.187773246
21.12561146,7.554805585
40.12421667,2.893158724
21.1518751,7.279652261
15.00004824,9.930913907
16.24476338,14.94413186
14.48694529,14.88472921
14.763087,0.799567582
23.8720022,13.44692396
26.62549937,6.451737033
9.21992231,16.06238796
18.40216867,11.1273886
16.21871168,5.760274586
15.78739225,11.51830197
14.87611963,23.54020075
21.59940975,3.709551759
22.30527889,8.678599466
21.1989913,14.93867815
24.44582074,4.643826618
23.07493254,8.174833833
20.81715385,3.15160423
10.51248049,3.678248659
30.13839386,4.431814708
28.74464073,4.972080366
19.32914947,7.820197151
25.87656521,10.08928675
17.89460846,9.612468313
27.85988858,2.963456052
9.9613475,4.729924601
13.53852348,3.03874715
12.8857674,6.493201659
22.34443492,11.51342616
13.0858634,1.996675845
22.93246849,8.310750133
29.33593525,7.551993429
16.52902345,9.160941843
33.31566393,9.775322636
17.26137728,8.847378693
13.18529095,9.587556201
26.76060765,16.9910379
17.12964967,15.23702928
25.07717785,11.42091633
20.63990326,13.88871374
13.77122099,13.37880177
18.00996079,13.46552185
23.63214031,3.598488961
17.95467434,10.85057798
10.36178799,10.58249097
11.57958681,6.330503827
14.88142049,3.897668269
22.35912706,4.587239136
25.56941258,10.48912345
22.11179233,11.15103578
20.21801091,9.825893222
27.99047622,9.694977259
19.96610318,5.015866476
25.2279531,-1.101664798
23.43851849,16.94003489
18.00949139,7.33847345
4.968144387,-1.715040432
30.01318224,12.93041506
24.95023004,18.19934451
17.96699965,7.840828748
15.9219001,6.694729081
28.39095514,3.533089105
17.91500619,18.57217871
19.14518868,-2.246417351
14.07521726,-3.557670673
19.96649769,7.017582775
35.23773238,8.547592131
26.07331211,13.66071935
27.83661529,0.450281736
13.98793247,4.76881422
25.33106005,11.69743331
20.08515178,11.82984584
18.18528281,8.751277385
23.13172678,16.45573211
27.04624268,4.254295112
18.05422914,4.160125099
13.95115501,1.014531866
25.09188878,11.56347417
19.85086566,2.695021907
17.7650594,-6.497512647
22.19770506,2.606399218
14.30463987,8.012149702
21.20848817,2.132654252
18.37399315,5.663062065
23.40675961,5.806029874
26.04408454,18.15412074
27.08346739,11.23789724
35.20247021,7.314699706
10.97404859,8.385089778
34.77148872,11.17102847
16.82647672,0.919295014
19.91280768,10.0765993
23.10487479,7.487326032
23.53256749,8.959230962
28.36199539,10.1419838
10.43218005,2.490496988
17.37100541,2.581755573
17.57125778,3.837163273
24.91492756,12.11399783
27.42772422,8.692738562
13.88568224,11.88442256
16.52299431,1.076364533
19.40245846,16.86881163
27.99678741,7.880772281
13.20244359,2.385153423
23.55472482,3.857711322
15.73525188,7.28298698
22.72238413,5.63267964
22.67354936,4.733949427
15.6589171,6.90725859
21.38375137,8.15210738
18.97474175,-0.784111218
21.01338578,17.3244184
16.18623384,17.49855833
21.62286498,0.942012526
33.120426,10.69391221
16.76718833,10.43004292
17.00477186,2.725523429
23.14444076,11.54925946
19.29395845,5.806920024
14.86133403,4.670924936
14.74237246,20.16577019
20.04828595,15.8935295
19.56194023,8.214736623
21.95471713,4.726916811
12.79682283,12.86147986
19.27175945,13.6531565
10.94591279,3.953263824
14.0292648,9.536079221
11.54364026,11.54953408
28.02260894,5.412532402
22.25050748,13.37730753
15.39974106,10.23418689
16.05813875,6.682434818
22.60703092,11.21822632
16.96066324,2.280667301
27.40971022,3.845471449
20.7534844,6.482546265
23.38501774,1.024479118
26.37985836,17.19134259
24.0485907,12.35457296
23.63560949,13.64923181
18.51455024,1.977037846
20.41842287,7.434218094
15.77732206,5.183321904
20.52976083,8.546180934
19.35888326,3.216102786
15.69580738,-7.717539608
19.96076914,7.633826924
17.79854746,14.12538746
20.10309019,16.00916745
17.22670159,1.922086082
24.74589873,4.04652474
40.74183124,11.82534461
16.67597352,13.62592478
19.8029785,-3.336273022
21.56396935,4.190081027
15.60293413,8.175829146
22.14491544,8.041921138
20.60543894,12.53225158
36.65130713,12.57362244
18.30997204,12.03865334
30.59318184,3.746764699
21.295876,9.337056715
24.04248907,10.81004356
41.63906164,6.370030728
22.09899234,6.800679157
14.74224563,15.5660384
18.70338973,2.497442914
14.85608983,6.386091312
12.60155839,11.58712697
21.18258132,12.76820497
15.90379786,12.49077842
25.67137269,-0.495626075
25.01542451,18.43265803
17.02851601,3.158729698
25.05375831,7.173282426
19.32086311,7.876671007
17.57188069,6.280770038
18.27692155,13.54766378
14.65305965,5.065715943
26.84949861,7.05357669
26.36776529,8.158681866
13.58233002,8.302395073
20.304571,8.435024713
21.47901249,3.820950933
28.35046489,10.93323006
16.12378584,15.81895759
31.93880227,11.57247511
3.114910212,10.63559827
21.9847406,15.57171181
12.80065892,-0.203248245
21.84796131,5.721502479
24.08722383,3.033050766
25.46514914,5.469289141
19.10898946,9.382503879
15.49231965,3.635558494
26.12892308,3.07432251
17.91722711,12.35666418
23.6124512,7.886404459
10.53720436,15.94466192
14.35056589,10.79369819
25.06701217,5.889029557
20.07743157,7.77820646
21.37554156,7.709673388
15.5664638,11.58102207
28.40554747,7.117950928
6.687613147,15.57859831
11.46365737,21.66097538
23.63758117,8.452990888
21.02299833,13.63841771
26.18172746,5.795439641
12.33920585,2.77478487
13.16463114,19.30969612
23.85423671,0.190149421
18.22849778,2.135016578
17.66979429,4.834631227
17.48576717,12.09115324
11.33164118,5.932930502
23.64539392,7.526786558
14.13577339,8.963144813
23.06734941,13.91839214
25.5317741,8.93451716
9.287289903,7.857521509
16.82521261,4.459823041
26.0424582,3.383094573
27.05853181,5.04053609
28.22151305,9.813117415
19.07701005,8.956718324
16.07269177,-0.622590405
29.86085882,1.483420238
8.904579946,3.938221168
21.44377156,2.564599155
20.18408254,7.727983137
33.6594808,1.801210783
20.6179351,5.001403052
16.02420559,13.4966508
19.05434052,15.35062778
19.48439134,12.96135049
24.35167339,0.094090193
21.39757458,5.934246891
12.43471269,5.997145048
19.64361727,11.86493273
26.24035523,-3.964016101
21.14849351,8.881663009
18.33162958,-3.426068068
22.29440542,-6.258083981
13.13271564,2.582934274
18.32593902,5.965267878
26.68024594,-3.504400862
27.29703446,3.131322915
12.93650739,13.02493991
28.64996584,12.54847327
15.06727865,5.713663083
25.5812339,8.88292625
0.96938366,1.250609388
10.45049923,5.514141705
21.90662435,5.062756886
20.58932191,9.048912939
20.08361852,11.28332597
23.80700573,13.22924437
22.23792329,10.95423913
12.78437238,4.020291104
26.05195171,6.785461483
19.71798482,3.636952509
17.2562004,13.56246959
24.55877504,9.756955355
18.36212374,1.164867677
31.43961497,18.0342942
27.42374676,7.863731853
22.52662963,9.445688268
15.67334223,6.925294693
21.55762352,7.034745312
18.56779511,10.08480394
23.74741376,-2.387574815
21.42437438,2.535392204
29.40717745,9.898616908
13.21249552,12.77923427
15.84024057,18.56582675
26.82759052,6.180728474
31.21812885,9.705685518
34.21538294,12.07328618
20.00584323,11.66386927
22.97566011,7.969389372
21.46633071,13.05330129
17.14297849,2.91149062
27.76519108,6.542493372
19.52591131,4.012259974
23.1453687,6.647902327
20.91483292,1.448700137
22.98202288,8.741861332
16.31916119,13.40807351
23.35921419,2.159207166
19.33168269,11.3180547
23.32278536,12.02771892
19.09176,5.462147767
10.51507921,-1.411280207
18.20684977,10.87221781
21.22044467,17.29437575
16.64437357,8.236169388
20.2905236,9.003773544
13.08311867,10.12990348
17.15588874,10.60883774
10.76727673,6.6613959
14.43550209,13.54473416
21.77249402,3.478404791
22.11696601,6.779218787
26.22463645,8.118616502
22.65852163,6.325058905
12.95636693,6.384236173
17.70770855,4.340638233
12.46365886,9.818248987
30.69599381,12.97978605
25.29291499,10.71169534
18.16052839,12.21435441
25.83185412,11.096618
23.15402429,4.691704846
11.36575264,5.736617526
24.47071396,8.793663064
23.58459908,9.666211202
12.44718084,-0.214657874
23.65704498,11.68873725
21.31280299,10.62046432
7.65186134,12.82081881
13.36682514,9.19412055
25.58722704,13.12499954
26.10755418,2.722621696
22.8226307,8.248337155
21.97114752,6.356228945
9.089432068,11.66052992
11.79281642,16.05685873
17.51410181,8.347515838
24.01085027,3.549693976
23.72732793,4.093995312
17.65008021,8.452980573
17.55337341,6.13269734
21.70241939,16.47522177
20.88882182,8.593001248
10.58214406,5.83740861
28.29795016,9.80341181
14.81027778,19.24050671
22.66543033,6.417295638
34.55324785,4.41067056
24.5511644,2.602006623
16.5262799,11.74198627
23.01940909,17.40333378
10.27109793,11.11992211
13.6311681,17.43953732
18.94385926,11.78295726
7.624208842,5.993632198
9.797124437,11.3435574
25.46360662,12.6415768
23.16547569,15.96284065
22.94546006,9.804667728
18.23731931,6.742971641
34.08597725,7.693753829
16.84973081,9.318220143
21.65292316,9.73670542
18.13398663,11.74505673
22.64418386,8.723930551
12.52561817,8.715665906
21.19132839,6.231964233
27.37431875,13.23808898
29.08459727,-2.872494964
9.803625357,6.114504957
24.29380114,5.317207604
18.95533184,15.37626358
26.1968307,16.32700784
12.40981556,3.107304381
5.034013458,6.792185653
19.60708801,8.746531712
23.51792427,10.06876711
14.50834459,15.47988064
13.70407556,8.675927207
18.97906544,10.21592509
14.25624781,11.30697914
17.46011689,7.085685417
18.66552248,1.959732693
20.97921747,8.507642111
13.49448622,4.590616413
26.68936818,3.977025634
17.44621462,7.672704317
15.47822455,8.930256088
13.16306563,5.117324184
16.74289467,4.21778347
20.22863432,14.43890053
23.55018249,7.325914476
24.17306412,14.14748678
25.65504386,4.291444024
24.76379592,10.69339528
26.58720771,8.735007898
17.7727056,12.84355474
17.7993747,5.050134335
18.59473716,8.06640538
26.15682491,11.94484002
17.16758078,6.157851233
21.84360776,8.861250857
17.5715856,9.030358281
21.98116987,19.1082043
23.17372343,6.499055802
18.26935752,12.44294552
11.53810216,25.81550503
17.3689543,13.11254869
29.04629918,11.5700626
24.47119815,8.470528468
19.32041757,1.286675782
22.21399281,11.90689373
17.30916171,3.220554334
16.67113315,14.94449352
11.8720226,13.02101825
23.24791427,10.51570731
7.851354951,12.4239513
13.58709686,12.65941627
15.34356021,5.521978585
33.70397892,8.61215728
28.35026139,1.257834801
16.63221145,2.595757777
13.37995951,9.070339778
27.85602262,8.803771943
21.19139822,7.061518636
18.15555272,12.59292208
20.03482067,11.26598015
28.32509842,7.964697027
24.05105527,14.03438989
18.05496312,6.684861169
21.53323824,9.980827794
24.01601462,11.60694431
25.1584062,-3.0361697
12.32895891,9.514612861
10.19753751,10.01356311
25.59805301,10.54950377
15.2751672,16.74880112
21.1969001,2.347037729
20.57937051,9.737462503
11.71225298,10.71762152
23.76484779,16.51470645
31.95908741,4.522047146
15.4158809,10.01275138
16.79470345,2.905876299
28.71215825,9.728140154
17.15620339,9.580108393
13.10666509,4.877534164
28.80160348,13.84507361
13.62053789,7.740982166
25.65078804,0.967851175
4.447689832,6.884262197
14.68226409,7.976430891
18.37708887,7.278016025
31.15659403,4.100098592
17.17791321,0.720138579
19.64674893,2.304599251
18.02056395,11.88437134
16.66071135,10.77138464
11.03458161,8.370330153
19.58914251,3.214733982
11.69329709,8.527420156
10.23587956,8.452100694
14.85186597,0.688043682
20.86954386,13.10215372
19.90058514,14.36883445
16.60710566,5.099563337
27.87815464,13.07077716
28.12376441,9.993938972
25.47057138,11.18715235
20.15690627,6.272503772
24.93253967,11.65450147
25.33280978,4.341272607
32.72108631,8.634377476
21.52861927,6.476833076
22.32241441,5.853909573
11.03823804,1.348184178
18.7331232,11.84359419
28.10258466,10.67208367
20.39034363,7.331919319
22.04426323,-6.045296336
11.26289214,4.461967087
12.41663203,7.440480252
20.14481928,7.033814695
20.32218193,14.56962767
15.00715744,-3.980046354
18.89080022,11.05152714
26.60458381,5.90523154
30.02135108,8.395508868
17.41729025,4.021043368
14.65494142,16.42513723
19.72667614,9.245026954
17.69175853,14.56001677
16.80347777,5.922188665
33.31306861,13.91935658
14.97511894,16.26645125
11.42035227,9.292041324
13.5264283,11.59016328
18.27743663,5.363725962
20.94895118,2.302919171
15.37574599,-1.056479826
19.70714792,1.819260218
26.8673973,13.24325966
19.55992758,11.58224836
16.46240108,0.125317276
15.79861192,3.847911619
25.86796198,6.29668427
21.45494731,5.916852139
24.32313677,6.232320323
16.67648365,11.92676408
21.32860339,14.67114082
5.956367487,7.879474158
20.87172499,12.48996083
19.35699915,4.899309062
21.20566193,5.292829165
14.76829887,1.409251746
23.49572554,5.760133169
18.95738692,7.361533497
19.08020277,13.71228695
23.17561003,4.372563281
32.53902539,7.171953955
17.65173817,16.33770084
15.06120062,10.62011944
25.51827385,10.04261168
17.27987136,-1.278936456
28.72373381,8.674028819
25.90013881,8.381839643
26.52663816,6.044508478
20.43987596,-2.228015465
20.21338382,14.98382636
18.24741901,7.664489288
20.73315308,-2.154465259
23.16363376,17.5923126
22.51821148,7.442266832
19.45809961,10.80339686
19.30057906,11.65793818
23.30113954,-1.278873122
12.90676384,6.960553483
18.59650034,5.381738552
18.31301355,2.271620917
18.63450799,8.843846817
18.83121716,14.32858415
10.80761447,8.024835458
24.07138837,-1.074852542
25.24964988,12.8493024
26.69215018,9.71404442
16.59003109,7.212199511
18.70925856,13.48404439
20.82255728,11.19463921
21.79060532,4.8598802
15.35467424,8.169203606
23.07364333,6.885033454
19.0085277,7.634394128
25.7090345,4.682962853
18.68166411,6.886149713
18.05875787,11.94939669
10.73437047,3.707534127
20.71769726,14.77707918
9.764224553,8.992445354
26.59018244,14.22471872
32.83919676,9.418914744
29.32775966,5.140654472
17.11591489,9.256779301
23.59310127,6.653754999
21.41974477,-2.73109106
19.0946029,8.722873757
11.31341108,3.71647134
20.50345679,4.710842813
21.48067342,3.130534932
15.44830209,8.539600689
12.62984592,3.74432506
11.72285638,14.91106291
28.51056585,7.755133079
8.256412016,10.71404489
13.98663023,10.87155175
24.00377471,5.735338049
14.50389787,5.959451885
18.2217673,13.86826681
13.29585073,7.692006357
12.77454491,4.028932824
13.76185852,12.07703289
11.26281151,13.51896069
20.23336986,11.56868853
15.46260387,8.712562772
37.86151736,3.22181345
29.01031714,9.081964972
11.3380177,1.366254563
19.08345449,6.749590187
19.80848877,3.850944204
12.03647539,15.29715055
21.01253752,-0.788794225
11.64815258,8.247256985
20.9058955,3.197629617
21.56900522,3.205543883
18.08069007,7.259061112
32.81057815,13.11389497
25.01006432,4.983495589
20.68205183,1.44178393
31.37170687,3.423336104
16.66497322,-1.201762956
19.26641824,16.15801831
24.88809418,10.52725762
17.46787956,10.87604026
22.74285044,5.488939681
13.43475268,12.71072486
28.69526559,11.78029117
19.00465086,19.76130455
19.63798288,1.457252827
31.22922903,5.940899328
21.41844719,8.215568175
28.91499299,0.588739518
24.54892644,11.08962033
13.55344754,13.0763173
23.59850484,2.232538958
15.07743245,8.132439423
21.46197227,15.29906877
20.49517429,-1.673628858
14.0898151,12.42836305
22.35427905,4.601958916
25.93466143,3.118338404
22.85894637,6.711282392
23.49218163,7.591479067
16.84523343,11.13592032
22.49364486,1.329974371
20.18879985,13.75986224
27.68797086,4.99371971
22.88027317,4.058705786
15.63158951,4.465400605
14.8473698,11.70992848
21.16489313,21.33204113
18.65390297,3.624996094
15.47364472,7.288154372
14.5062489,3.689009219
15.73669597,6.318121634
17.70623059,11.5389217
19.23829649,5.165647093
25.96925852,11.62986569
23.31152489,10.77765957
26.49418797,-1.457852907
18.48642572,16.24264089
25.63862445,12.94224429
21.11041748,7.150349161
21.67797901,13.62141967
23.19747767,5.517881677
17.13885665,7.113363356
14.56391733,5.26019725
13.27849449,10.69035232
18.90303816,9.771400073
26.07900338,10.09577068
26.67333993,9.119583491
20.27735854,6.256655666
24.00847338,12.23873678
13.03396514,10.21495166
19.86442989,3.828568242
13.71073121,6.684601088
22.89536337,3.630777522
26.27924942,-2.036744608
16.399459,-1.502994775
15.91279605,12.39765824
17.14727161,10.4666298
23.78422326,7.344361547
19.61479883,12.85310516
17.3748594,11.6581636
20.3575082,6.582529555
22.93778057,9.312414379
20.6999711,8.121742419
24.93104591,3.297663133
17.67884599,10.45315593
29.8847558,7.139877819
29.7569554,4.694698069
34.72981858,5.10763555
24.46269925,16.5616807
17.39520693,6.617973204
18.5677063,3.69684949
8.212267169,11.25042828
22.94926572,13.18081494
22.49234702,8.322265404
25.36842572,0.774584852
24.75766517,3.060235474
12.06013876,3.736236134
21.5039636,11.60410896
22.23335002,7.16000315
20.89751431,4.176989959
22.55789141,14.9362653
15.6834054,0.394530054
15.3335347,5.826062142
25.6797995,11.01860748
23.51140285,9.1458344
17.51811773,7.174942709
25.4002711,7.165760818
14.87647073,1.530687624
23.78266454,5.748599792
13.6143778,11.52072319
24.02520676,9.673258647
18.9822522,2.774931608
17.75961455,9.621704352
24.68410455,5.138247711
21.74425118,11.24519075
17.32455725,8.116470031
24.65935537,10.07410119
21.33824507,20.64115108
17.89647433,8.071884269
21.41083083,10.40703064
17.9165054,11.78746917
14.71060783,0.886539415
6.066295851,13.38091898
25.51494858,11.9816627
20.36473661,10.92511612
18.31667281,9.5202534
26.42327104,-1.636207031
31.09730812,8.309645902
8.643886141,6.737513988
26.62569739,2.441544309
8.775864692,13.94405269
15.77965248,13.686571
21.96152781,10.94852349
24.46535701,10.34402571
28.55940005,5.589194172
13.37407401,19.83759131
11.99773956,13.58955107
21.8850165,6.797527573
14.07593548,13.93804
26.67740955,12.56719107
6.812704264,6.34290179
28.78745603,14.92530486
21.38439599,11.01122363
23.85665088,6.275411382
28.6091074,1.476244855
21.06404313,14.50375403
14.96401056,15.96272181
14.95215887,6.679992831
16.87249428,10.90744423
21.8959921,13.27246004
21.79020155,1.954264618
24.26167206,14.60787005
17.45581525,8.032906758
26.44179762,7.871559086
21.03867864,1.288971934
25.06359657,8.611170575
19.19378085,6.089297625
18.36506793,12.13443645
26.47316546,7.82733012
31.25116002,4.254585774
18.88044706,13.43289429
12.62765998,22.42749857
30.18512842,2.387897139
10.5701702,11.67880632
24.00678009,15.43123233
13.98436699,9.973418622
17.98271435,12.20933294
18.00066353,6.381194443
14.21638569,9.783486054
25.28244024,4.871953333
24.41613088,10.43576571
8.530696966,4.265663621
22.66925295,5.119975016
27.91983541,4.845802575
17.42947735,10.94053549
22.93283167,7.746410059
24.1806844,3.822955741
22.50895421,4.682346411
9.194175718,-4.984715432
22.77001611,5.284047114
20.34066351,10.23667054
12.98213285,5.533831212
14.3202389,6.768037983
17.55006463,5.19615987
34.53667554,7.169257144
21.68118383,18.18518566
23.18330498,11.59093083
16.89055506,1.036018257
28.22613446,10.15298618
25.72705175,11.91124005
23.65878765,13.88940741
14.15505088,10.7200115
17.05253397,11.58741349
16.60190421,-1.109370198
16.04606897,6.569327352
14.34392989,14.45293927
19.37043224,8.638060687
17.59377988,2.197971732
16.11273744,5.07696206
23.21150792,20.67195378
2.662990843,11.35165664
9.99744601,13.24277769
20.38897348,15.70244377
26.04903732,3.923459367
24.05334741,-3.161356305
14.50960625,8.6328062
19.68129304,11.10236057
18.34891797,9.47237509
20.09124374,3.425756132
13.54082101,8.580571266
24.0813876,6.450605433
14.11573354,6.839153385
19.61110094,2.901751818
25.51812779,13.50482094
23.88559668,12.77194552
17.41292537,8.890146569
6.571685962,7.508158766
21.75129455,-0.086014872
16.09924601,5.603054018
21.05313538,12.21774263
23.82981485,16.72613886
23.45877207,12.35165422
21.06441674,8.429015746
20.30064987,19.12747661
22.29406242,5.143925729
29.01694435,8.166891363
15.2741141,5.538950156
17.97465365,5.492172063
21.67685643,3.420999603
23.78379213,8.746411114
29.89184369,9.552732335
22.77736403,5.507513714
19.67165724,4.420829207
24.03263399,7.919590496
29.786341,10.85288297
22.0968385,9.320740624
16.09842208,2.466098395
19.96628196,6.316084369
26.35143368,4.156030239
15.84595111,10.54356511
30.21702288,-4.730920316
23.77777114,11.63690115
13.78702356,8.626607549
18.23990101,15.00322534
23.60203232,3.661734264
12.68407709,2.813502428
6.848214852,8.02889075
21.41547918,2.276383885
20.02986324,11.93510592
33.18087021,12.83315296
23.45332399,5.500824392
19.73560854,6.33019213
13.04832709,13.92489668
20.36072387,4.972450373
22.565932,9.660267427
20.0988565,14.14410393
12.02276565,8.957140922
31.53155281,19.15518751
24.88472427,-2.207969384
24.0580943,18.88175142
31.20005828,3.622070116
18.00978234,11.17036314
17.77002603,5.797322386
23.64397795,4.843153954
26.96779194,8.853722601
18.65877973,9.674500456
23.47006378,6.013900272
13.02296969,3.718268784
14.46827278,5.649249043
9.086929619,5.456675402
20.85405734,4.239818119
30.01048345,6.067934871
19.10223017,4.119123688
26.67691157,6.820071014
14.12775357,5.894396422
15.65662676,11.1494874
17.30499055,3.660265603
28.36178707,10.01515442
26.64468721,9.949027821
32.65501077,3.615935182
24.32124508,8.16952943
16.02822304,4.776525635
12.79672353,9.453713535
27.14346349,10.68066238
12.73372329,8.788099538
18.40339866,8.900715939
19.61423409,4.707519103
24.90434556,4.04019513
31.699194,5.763199141
9.135082957,14.02195611
24.73224406,7.654817244
23.64741997,0.735049913
15.59576658,7.101404106
37.0495823,1.772456194
22.69232657,8.388156613
18.20405255,1.83122988
17.82561157,7.764692631
14.45077271,4.76420603
22.37455759,4.656940763
21.68848878,9.316118178
24.85645817,-0.61020702
30.81764527,11.85552957
16.27341804,1.716261509
27.2043036,13.9270612
10.63444054,8.99836706
12.90439643,9.337792657
20.12738981,7.985004117
24.3760014,5.718691521
20.72916121,2.826406361
17.22353377,10.12825047
16.09705541,6.138371241
28.3849492,15.25527166
15.89456448,12.20330001
25.89479164,17.31871976
17.44998075,-4.426793238
32.14929654,8.620756361
14.59177944,10.19627784
16.43325154,2.27392266
23.9385179,12.75186962
14.01458405,4.964191615
16.89286103,6.939732651
24.3894977,13.91157
26.22354274,9.588002962
22.04806027,-2.958155931
22.47305983,10.11460556
19.14103515,2.88427933
17.04339278,7.541076941
20.33175131,13.88758056
0.918175752,7.625675042
23.7966525,10.55535293
20.31395235,4.132850946
10.65062249,1.633557197
24.86149041,13.92064705
21.68908923,14.91797876
17.36545624,3.038913353
23.55941091,0.810281001
24.88112454,8.63066544
27.98956146,14.80984653
20.86039387,4.215150161
15.72261211,11.05717669
21.88112489,14.48060436
21.97414847,10.84235684
19.68183461,3.944649686
15.95085978,-0.128062573
18.77471133,9.899330565
24.51986215,9.550214707
28.10058065,4.888080757
19.3026172,11.3590027
17.49327239,8.545394328
14.83642893,5.984008718
22.16816511,9.500564198
25.39904266,9.65965404
16.07342753,-0.547070376
26.77429372,7.862454676
15.35193465,8.583406229
14.30929423,4.218345481
19.73113424,8.986232342
22.72251438,7.16705141
30.02764316,9.746082839
28.85911819,11.17261332
17.92608064,3.45721241
24.05955298,18.8156913
23.4419034,4.980655032
19.12780552,-0.091672499
20.31743129,4.239081298
16.37679271,9.875987812
15.33612369,5.802309855
15.07956972,4.598967142
21.83435539,12.77228949
24.59846961,12.91210472
26.81324801,16.73702744
27.69474661,2.680780262
21.581507,5.184465876
25.22263692,6.212366452
21.85639128,15.26479277
22.60458569,5.808829415
22.45864227,4.636951644
17.56036392,16.089656
5.202484436,9.252820175
30.72351025,0.607138164
29.60181734,11.55019132
26.752157,7.304186905
22.33496746,10.67273122
25.18604598,3.739330043
12.34156543,4.261582513
15.12753455,4.88129316
8.156542041,11.25076957
14.46688565,8.692137393
25.33721981,22.59443688
9.789939088,5.969698785
28.74773137,1.962757259
25.5190374,12.961811
15.54613444,16.79949708
19.185755,19.68658757
9.706651502,4.851379551
30.48485031,5.721358129
22.33816413,13.70500033
23.31311943,9.613924433
20.15878721,-3.23974194
23.88442334,5.085673645
22.91772345,7.289917245
24.36194714,2.300542019
30.76102699,10.42795449
23.20285555,6.64680005
10.6084267,12.58500683
25.59146923,2.280283506
16.11482392,16.22707966
11.07845842,21.45800373
30.76904663,11.08420625
21.52827008,20.80013992
28.50172337,7.709803243
26.47881134,4.958701218
14.3908489,5.465211465
24.87445427,6.36358529
14.03222782,4.172581503
21.29027756,3.778114451
18.65400879,6.844460794
18.43249025,5.046199879
27.64836923,13.5709878
22.24076373,0.380439719
8.642381122,13.39597957
24.90383814,7.176549778
24.66909449,5.942108712
17.46564148,11.14205893
22.63665393,7.461455038
16.83454341,18.84240508
26.59277473,10.58367187
11.87340665,6.920507461
17.19887266,10.62566491
13.93240298,19.12196187
19.820426,2.959313463
19.68691238,6.743498948
34.68768171,4.658853237
8.861114474,9.600728268
19.20097369,7.961384895
15.13422862,12.02536359
14.20277162,14.31192131
28.02285717,1.745258717
16.08319222,1.708009325
12.12491131,17.37078519
23.51215901,0.031658074
19.40373972,9.459645666
16.87151824,10.18502629
20.64863922,13.69643828
20.38286376,2.645726703
20.89663889,-4.273901123
19.77035243,14.07187222
15.00179941,6.140886351
22.07546192,7.086800037
27.66456264,3.455545537
19.70805093,11.15309821
21.46646267,-0.823450506
20.35655228,9.939805033
23.41786011,8.98466448
18.24886308,3.61437185
12.44799562,13.76103512
24.67450259,10.48201073
22.4199685,12.52837904
26.13233245,9.432174079
24.33977089,2.350174454
13.09835669,6.797085443
26.28233739,8.080045139
14.00626639,7.345098072
18.08555337,14.63459978
30.68789679,13.05895481
20.03590574,5.214955722
7.574723786,0.180236628
15.38918791,6.430527404
17.97737585,-2.81704673
15.65439386,4.439737319
28.67118162,3.21120313
22.07004817,11.12716853
19.60125123,10.86468015
13.12814291,7.718951019
14.51405822,10.59065412
22.4346854,7.044338996
15.22834541,7.281121224
19.79818258,3.028183119
23.21461028,1.462361663
24.69484383,7.749204529
19.42155626,5.294597366
14.91361855,3.296401629
28.39222689,8.752616938
23.69721833,12.66478344
20.33597211,12.85831998
23.64736754,6.96133946
9.691561312,4.774412596
23.1830176,1.618775926
14.90889683,5.210623929
18.68056473,0.384317744
17.94263168,4.818125054
20.64984525,7.881867295
22.78472528,6.503608488
21.05319856,4.582767669
10.04492906,11.5824848
23.29210887,0.749307981
22.16807804,7.628147212
27.68648043,8.081861131
18.92706466,5.377474508
21.40178311,15.40383683
24.86287313,5.418808257
15.04165349,8.835654942
9.038876905,9.405382764
25.87168521,6.723290677
14.73445434,10.02142141
30.64256445,7.462344964
25.86600123,6.388375011
14.57964324,16.91748689
26.41773806,9.037223116
24.33707046,10.42297112
27.14666959,12.79139908
18.3384873,-1.215390667
28.01204169,13.44775086
24.80197343,6.244798237
24.92300133,8.511902677
15.63664255,15.45772719
15.47552681,14.93906596
25.53563883,3.486953251
5.289226691,1.09649763
30.30199775,13.66250755
13.02477884,2.373635613
26.31796847,3.519958742
31.01768055,0.426288838
18.78202205,7.365210393
23.90765845,7.431985762
21.42106751,7.495923852
15.99805975,7.508452598
21.20563711,10.34994305
13.75755704,5.298761709
28.86124121,5.320752285
16.30635484,11.09654125
24.72829965,-1.442538609
10.43605818,-1.02680516
24.1598699,-0.386938463
15.55074387,7.092821976
15.91183165,7.488689139
20.50300792,15.66470612
8.98109248,6.770480753
18.93943425,13.33167883
27.52846102,11.51088918
17.2686659,14.71404889
19.60911163,-0.64840108
27.0297513,16.22219011
18.69506625,13.00392827
29.40196,8.337473926
15.85992696,8.265760774
27.34622141,10.39687921
13.96484137,8.217794133
18.89196895,8.0814542
22.69719582,9.84551142
26.27248449,9.707119529
20.39662033,10.96844399
8.574536697,11.66820313
17.98573114,-0.461071569
20.63958411,13.4485788
9.58905695,11.03976196
20.42202174,5.559290059
31.07177626,10.40543965
5.389832645,6.316338842
19.06584555,3.376317889
34.09279019,8.391926651
23.73817105,1.331253627
24.09308646,8.157729607
13.36016007,17.04213233
13.13043854,11.29596667
25.48568532,4.342654393
26.41779947,6.725164158
23.96788163,-0.036767093
27.00822023,6.061656207
17.21805985,16.46915153
22.76222045,7.458209656
18.7900842,7.436138616
28.28257115,10.54184391
15.39231834,11.89359118
15.49057369,11.79405734
14.52498233,7.301281774
14.19842704,7.899874976
8.884269459,3.455172949
26.47385534,4.08692604
20.20412157,6.435147955
19.65715825,1.153827867
17.42751336,-2.623281106
28.5111361,8.58992209
22.21218239,-1.75516794
18.96956382,-1.24907776
33.89302131,14.4937717
15.79233919,4.647345945
19.01023517,8.266773736
20.89134635,0.768136017
14.95565519,10.69698509
22.97650246,10.34121303
10.12855732,13.94316636
12.94392021,12.34143289
18.86825451,8.227950587
30.93189209,15.85956667
17.03387197,1.636893659
12.40052339,3.345492095
21.4170558,4.969453702
13.93763786,15.85838837
19.57115741,8.520169012
35.02873565,13.94869756
21.1648722,11.58027452
12.89043711,11.85013539
16.97632112,9.576181663
31.78240089,3.722249387
13.8786268,-0.100107263
29.74640284,5.309845984
27.13048132,4.370241648
31.01256518,17.22480755
18.2312985,5.820085901
12.41656896,6.714604056
19.30972605,6.241523134
23.87991283,11.24774944
19.7386014,-4.864054561
14.2980185,8.536145268
22.86236262,2.992842205
27.10423459,10.98857962
22.8025887,10.0673014
21.06573455,3.306092092
20.68318904,13.13037007
24.72148518,7.969993742
29.142655,14.99772757
19.12214132,9.732076907
16.28196082,1.214419152
24.9641699,10.5534848
21.13818889,2.272944211
16.64121637,12.06632512
26.03991817,8.527424446
33.39264631,5.887559892
8.656834357,7.575042119
20.0322655,17.76760337
12.47825329,7.630964739
19.54239287,13.88670469
17.72228501,2.369024953
18.68762324,5.649745266
18.13547281,11.80946837
7.740746197,11.20566591
14.96601186,5.850896471
17.92365476,11.04980743
28.80764226,17.40880938
21.73926761,10.52276773
21.5670489,5.529575984
20.21332465,8.102152428
14.1775965,-4.308852123
22.85653086,9.090135935
25.41136338,4.824475174
14.33117459,7.33401149
26.232697,9.298388897
19.20823481,9.752429145
17.00363296,9.492394936
18.75494216,2.850294079
23.34014018,5.980107247
23.16911923,2.083912718
16.52239356,3.309381921
27.82233097,3.255854922
16.6142587,5.860658889
18.86806775,-0.162306109
20.15343741,12.65798071
16.86553496,8.283558078
18.86555705,13.16702521
16.77710147,5.319714647
15.72840026,0.484375462
25.47741127,12.02873891
23.50386446,6.133242078
22.88506248,5.632154627
10.21712423,10.75080158
23.18055614,11.89206406
17.2497833,7.476155083
24.74639318,10.85946915
17.10340177,10.58514107
21.34995321,8.407750448
20.73118443,2.697089376
16.11720013,7.883926455
17.27855153,7.843968322
15.69438111,1.500889554
18.63312115,0.652320881
17.73217347,5.446677765
19.12372521,2.69214681
25.2135977,7.440360436
6.715894234,7.160433243
17.74170582,6.767737527
29.29922007,5.06100531
19.22609249,8.168715168
27.10162942,11.82859466
29.28631357,12.04470973
22.01897704,10.58290151
13.31512378,5.190716733
12.66986598,11.07463691
18.34959671,8.978090609
6.988225737,7.530914383
12.87394928,4.920880102
22.17313539,-6.03616427
24.69254004,10.7975056
18.91065059,9.176718461
28.19868587,7.618030119
18.26941277,2.22967131
9.573344645,13.20452769
24.17422762,3.597927064
19.64148759,10.88920368
16.96631471,5.983554617
17.17914306,3.824717154
28.26617339,7.02601204
19.59378243,13.18372801
22.86936076,11.09284321
22.45442518,4.440463038
25.39775169,6.883001633
23.25301312,10.05086533
10.02436432,8.053363851
16.08975189,4.215733147
14.46459585,5.159165718
21.46813802,1.00781704
22.17511932,2.689103146
35.06507379,15.25346613
23.36214649,4.481240733
17.55193532,1.393484393
35.04177997,3.440691912
25.27310644,4.957123933
13.59793489,-0.595369187
18.24146745,1.197645249
22.00879709,8.212247874
19.25564182,-0.953766111
21.88856724,4.517595722
23.64217524,12.55898354
17.68846684,18.01575912
18.72966745,3.135197603
28.26091287,8.744695684
14.73333426,2.186794067
25.67449963,7.761776074
21.57396623,6.523926967
19.40161912,8.418697301
20.78412867,16.40400233
14.1922367,-2.517605877
32.09868484,8.97602742
19.33978582,7.364437312
24.19022123,13.71621475
27.74943377,3.486426408
22.12566293,6.963052237
19.70798373,-2.366254135
19.97270472,13.32141794
21.741885,6.20338429
23.75661645,8.976945254
18.63213113,17.48080391
19.26226625,5.90835888
9.04907965,5.159194201
27.58378962,6.427264012
16.20756694,11.80091391
16.17004513,10.64973985
24.55997349,10.4291314
27.48594032,5.677586931
23.32899877,18.86430931
15.21521748,-4.020184466
20.38275657,1.349764721
22.58548044,4.666860424
21.78406697,5.962296934
20.43059563,5.385670209
23.47650552,1.43659341
25.44370561,10.15047025
27.50045273,17.93823498
24.70979004,4.361989206
21.18580611,15.56559122
14.29418338,5.834777586
25.14847814,5.25725181
18.94234392,8.584047188
22.71482811,3.076642337
12.7970207,3.323591214
19.79510113,0.087590173
18.35584254,2.279621764
22.43551054,-3.134176745
12.22386671,9.597038335
30.50497564,4.689086697
40.00132448,15.80374366
7.080523291,1.799038939
32.99020813,11.84451004
23.83003401,11.36043545
34.68108375,5.237969587
23.27915445,5.728183259
20.05000653,6.244644193
11.26334724,9.358893844
18.73102884,4.36240885
10.58339759,3.828309646
13.77322008,9.972515086
18.72498762,7.527792621
24.89339424,15.99679901
17.75332714,8.148230592
22.7911457,8.820625385
12.14787253,10.41846897
22.75865225,4.524447258
7.14398693,6.019163919
22.11138328,0.339253315
16.92077934,10.70023133
19.06143324,7.268536111
13.06157738,11.1316349
6.561163219,14.52238525
22.23703908,2.806388291
33.43850208,13.89179055
21.13433672,5.441254101
26.35313212,8.566360517
29.04836446,12.29992272
19.83543193,9.383786433
25.43553432,7.064657192
27.51240641,22.15012043
19.13034441,10.35964829
20.04664979,0.616217771
17.4860285,6.418024779
19.70791748,18.90159007
30.88593416,1.678490273
13.24583562,7.618453485
21.76984501,8.358483044
18.59643068,7.360430229
13.50925048,10.41252397
17.2547001,0.351382767
16.20096762,4.605540211
11.58188441,17.08812096
25.17347973,-6.383595243
22.02651659,14.68614989
10.36450749,13.7093171
27.07587589,13.74771981
13.69140799,5.782004276
25.9520622,9.50947705
20.2142354,15.23426256
26.93557814,10.11025372
16.49020384,14.50758091
20.15177957,13.41607533
9.3295771,8.105862588
29.19707945,10.30858206
14.42267988,7.531875191
19.05716674,7.518941767
26.26311014,10.4466852
12.63445631,4.109086999
17.38546474,5.792103044
11.80951249,4.986621823
25.31549715,6.581288541
20.29919072,13.52678135
18.40499141,10.6797273
30.72489188,10.76114573
30.79144759,7.367087176
23.09925993,8.114466725
28.08635118,4.967905779
13.80525232,4.725791543
22.01633933,17.10445552
29.28933448,3.950888856
18.00552475,8.547302971
19.27019618,10.5594322
7.762041277,8.991025435
17.10385577,7.383517405
22.11481394,12.06698224
21.04163283,12.62827873
13.34950332,-0.554330064
17.04783415,6.648398065
15.70546443,3.478036333
20.49973216,12.18223965
18.13229934,8.325741512
19.67744242,-0.076147007
16.47443688,6.563299115
24.33447497,11.5552719
15.94454183,0.934490818
26.1396452,5.655303036
27.63097455,2.591337585
18.4572668,14.67301353
24.78675889,3.47603319
26.61015251,6.951325799
21.75756117,18.21680953
30.45721856,1.892889161
29.59410098,9.327533016
15.88955017,11.23952517
18.06835649,6.700072518
28.24800686,8.945327998
24.16438323,0.769279329
31.42666876,8.668578008
23.64971428,7.084202036
12.22534335,4.829987638
21.1978487,6.180670301
17.99718537,3.495305364
25.21483836,12.48491203
10.06568542,14.38174487
28.13922594,5.78834078
24.08109559,4.828592947
18.90824288,10.3907267
25.68376626,7.13804325
26.76030676,9.33317578
14.90243586,4.134869158
26.21926158,7.809698706
20.81386901,9.451750832
12.85380524,3.726982671
25.01710824,-0.549610151
14.86034702,9.161958179
29.50619686,9.365407131
18.36660621,12.77202074
23.03927758,3.144975185
23.02401618,6.893327167
29.5001787,13.21596014
26.78322379,3.942129098
10.39613046,4.219370428
23.94948396,11.68037272
14.94232613,0.002029964
21.1295758,8.015275022
18.95798235,1.825045758
25.46089738,3.496402512
23.92570183,13.97454179
15.50898591,6.913813271
18.93592729,0.589121248
30.28813335,12.87225738
22.42080779,12.09650042
13.34594161,14.38917667
17.82060428,13.59747959
14.24923096,11.20632574
15.52832825,13.4074394
12.13756938,3.023448792
19.45680599,3.107157543
9.993122235,3.878151222
15.08716935,14.35442908
19.90457676,2.52235142
22.9796674,7.109672423
28.55546342,8.316746424
18.79298375,4.95577403
18.49055921,5.818035207
19.49626496,4.342922274
20.2843253,3.296365719
19.43734146,11.33223717
9.984209322,12.01131659
15.174114,4.473804694
16.53223378,10.76670524
10.62858234,2.270707811
21.93410292,16.82125919
27.51321395,10.01993126
14.17256009,2.52578214
18.67574867,1.243499781
23.82212029,14.6044237
27.06740507,7.504973065
16.65112642,2.509636653
14.46987126,5.322613153
17.14105563,10.37626959
26.4258942,6.921578299
20.2652869,5.062564204
21.21046995,4.827880157
25.14875104,8.432590123
10.43727806,8.280536104
19.27343712,8.005822549
12.84863374,-1.150656323
21.56980458,14.54653184
22.35622098,3.33997044
13.87965525,14.41472837
17.61176186,6.76993833
20.92288193,4.2782363
5.200116769,10.85186165
23.95753214,7.502563407
24.07515426,8.984304243
20.26045531,6.677297177
24.53844906,-0.480295926
20.19691024,12.31220866
9.780615828,1.669984642
8.606741845,4.203127443
16.13904805,7.753218216
2.408479094,-5.91567936
23.37466428,8.218886732
14.81788448,8.647112658
17.36834947,2.0879837
35.34902751,7.74157192
17.23571451,7.014376138
13.28945916,1.140946826
40.14212785,9.021133951
24.75485815,14.31649195
21.84796645,-0.70769275
5.951395983,3.251290828
27.0029184,3.890152418
20.88387956,15.44562648
19.24861673,7.697643041
23.99114363,1.4648974
18.77398652,7.148439833
18.3735573,15.11391831
24.3921031,8.493301161
15.3197356,6.777090287
5.050529206,8.518217583
15.62075481,20.11461866
22.49006091,1.176756312
15.79693137,-0.553795288
10.35754382,12.30729525
8.948010886,1.515349601
30.96519943,12.29922536
23.96253165,7.455954446
9.27575841,0.911011607
19.50114772,11.04630061
13.86856089,12.74220873
19.11667349,3.383506602
22.51234304,5.413927516
19.77072293,9.177768688
18.11672414,9.83575249
23.22076351,1.730347134
18.13647967,10.00585796
28.67567207,6.055311771
11.8784206,15.63846926
11.95964151,3.427897608
18.16440176,2.268472102
21.52525288,2.274527658
27.17905826,9.880177504
28.68308599,15.81243012
14.40854593,8.049011971
19.75353519,15.64882313
22.29207849,8.627936146
25.92523829,3.908099443
17.69272004,9.40022805
18.94647111,11.77870254
13.748019,11.67235243
17.43628355,2.725785745
16.84502022,14.98952996
14.9881564,10.6699568
17.63752709,13.67737121
26.17309896,-2.423037957
23.19932599,15.18213749
19.59794793,13.44926893
18.04090641,12.7724818
32.07283048,12.97884075
12.67260983,0.422067464
19.12161674,8.081663513
29.76318375,11.34807619
18.17623451,8.516748558
32.37197524,-1.260892308
13.23739428,17.99594737
34.18694609,4.057367268
28.96515106,10.33965927
16.52035662,0.422360574
17.53803009,5.292896102
10.61749516,-4.464480007
29.01817738,3.178856646
18.60855079,3.965516593
15.48261759,16.31541591
22.14155035,8.785182741
27.06171207,7.646807925
21.44650939,13.27204287
29.1099417,5.85330401
17.06354477,-2.896897412
25.5824885,9.795624061
19.02651778,12.12246333
25.69410287,-0.273658416
30.86872477,13.30512996
26.19943196,3.676981497
19.91682306,0.193015947
11.992893,-2.372790152
14.06827127,13.02104484
25.61038779,10.2420378
18.18126052,14.62760124
17.32982649,4.327208718
21.5238776,8.399112489
22.39916017,8.538620341
22.89569416,21.78168839
26.52597424,5.261280359
14.41678905,10.36394431
18.44682975,11.40236484
13.6632249,-0.318548327
21.63121304,11.08119153
20.89430012,10.1740558
25.23489903,6.18344356
20.07690801,8.930978614
21.74563751,4.188838518
26.81710891,10.02702018
24.69268369,10.78469742
22.81055887,13.56425209
27.62972155,10.19790647
19.77173192,11.72010324
24.13241807,10.39217564
19.48385345,1.667437221
23.85520213,10.41596628
24.03334786,8.520772202
18.74911264,3.854496604
11.96446765,5.762635723
9.899600897,9.353805254
22.8066228,10.42347745
23.92040874,10.46237243
17.87866131,3.511990531
13.67816869,8.184845832
20.13090553,12.68290866
19.04942027,1.914706125
16.69209038,11.44482998
12.73518273,3.773240479
18.9871071,9.695835056
16.34449757,0.225745248
8.736368628,14.08667699
12.54764625,10.17645528
24.27971019,15.44327082
8.680563515,7.272267637
30.14620764,8.440062601
21.41347376,7.059851135
14.42290146,0.94239866
18.48930685,1.790127358
25.34041366,14.0995674
15.60527396,13.01648934
13.32619936,12.7726059
16.50347827,9.182587108
0.886027637,3.585926069
13.94167207,7.366596816
16.93208357,1.834500686
19.82716171,2.404936362
22.58937391,13.57592301
25.04956179,15.8376519
21.66518565,1.312639201
18.90964388,5.000373905
37.50792769,5.262002007
11.42303562,4.043986299
10.60087823,6.486935446
27.49389971,3.235269335
6.544813939,6.316706524
18.10441752,-1.881139143
23.73625709,3.390554124
25.5586677,12.86746556
15.87743556,5.897537138
11.86914937,5.020508144
15.13921551,-2.339100455
17.82044912,13.64666123
23.41923014,4.033344244
21.18217725,9.405962149
15.60186162,2.910475549
19.29451597,8.646683716
25.71291964,7.407637819
15.78186057,10.36381471
12.20958764,13.76828558
12.73725667,7.385526645
23.61904824,13.69475777
24.54934625,9.098022894
15.18798431,8.227696507
12.00444658,0.694461699
20.30467523,5.993792138
34.61102611,2.487290765
27.45560884,10.04068756
23.37273124,8.205090709
21.36453131,13.92454242
19.79915359,18.20043236
11.0882461,11.03719473
13.57219239,6.758003271
22.19272316,9.738977972
23.94432275,12.85901049
21.05828672,9.535148703
16.72994798,15.30871327
20.14084676,16.36203926
13.83296453,10.42209952
22.54483236,6.513935151
18.25372413,16.23849581
24.94791382,9.114185271
19.23331817,11.30872296
31.60194753,16.84664602
20.45023245,14.40602542
20.79157069,10.56199704
13.26857532,-1.619150243
20.39266991,3.985199477
26.14453079,3.103212748
22.96281811,1.237490134
15.48135679,9.886814925
20.85191785,0.634803027
11.17707686,-3.472454892
14.78511541,5.348331213
21.00160608,16.14950892
15.67258491,3.591337598
13.48991212,7.932726822
20.96723955,9.755736083
21.83525801,9.966497079
25.68969105,0.115342195
28.74926846,10.89149587
16.22048939,10.82283119
14.32969875,7.490404084
29.28197905,6.294049843
7.537920205,10.299841
18.24522476,0.318967617
17.63880345,1.999734877
25.88859477,10.40041617
15.15496604,11.23353303
13.83785368,7.379611483
21.30208039,13.39242873
11.89802515,6.436085779
19.77011072,11.5072454
24.88075052,7.453941183
16.18391024,8.071760036
14.29534239,3.252057891
26.23027673,10.01803365
19.39071877,9.788676108
27.42636371,0.508242023
24.40547647,5.037070215
28.33433745,8.030424844
17.24609217,0.612906728
16.73732621,1.053566116
14.38831409,2.172543688
25.49335494,6.864017123
19.63327367,6.113221691
12.1575154,7.328779783
24.37508673,6.548225549
16.47329501,12.68760289
15.55588347,8.893306788
18.74953517,12.31605624
19.4727736,11.3599358
12.24259086,-3.140806948
25.74087441,14.28808926
24.42723117,12.79086391
25.4451739,11.02701195
16.94511591,3.466864984
25.17937142,5.032013455
17.84525279,10.31488547
15.71291541,5.473913769
19.59366112,14.60681088
16.16837497,2.960306165
18.55525296,5.925949821
26.33449475,7.537805923
24.78930773,1.374818744
28.62055237,13.92485215
27.23083713,2.426197115
16.26107255,16.25913148
24.71003782,13.14053493
21.19480038,14.59411924
24.37937645,5.175411628
34.27667724,5.211480969
20.51815506,17.27470614
19.80323109,5.530766351
14.70438082,7.515161001
18.78097866,4.244704126
17.32110654,5.024440387
24.49072117,5.810380324
22.38251751,9.473783425
21.44290181,15.91157565
17.57865722,3.016294756
15.9242005,9.94234062
17.09641176,4.931489146
28.46992333,3.93044564
11.9049578,3.379600809
17.39909862,5.180450175
10.89525777,5.711923028
18.34083441,7.733005402
22.07430855,-1.313173005
23.01523241,16.78440313
26.79141543,1.545101276
12.09666858,11.91259581
21.7027671,11.13345202
19.81626055,-3.650309506
17.99353984,4.526022271
23.55381635,10.07281777
18.57095737,13.13372908
18.81952215,7.271244477
20.97172954,4.925504621
16.60740671,13.95378527
20.5352137,7.789498505
23.53492648,10.54266797
20.66442414,13.17217815
9.825656458,19.94679666
28.08182394,11.54398086
15.73773965,5.460425817
17.09990725,7.104821197
17.33167643,5.643646991
21.0190241,8.418419658
19.65216797,2.626593516
22.54339847,17.79789263
11.20635262,10.88450423
17.65702219,4.973464955
17.52154601,15.46933549
21.41614946,5.38242403
12.44063812,7.540998835
22.37447613,10.53181131
25.97335549,10.16739598
25.80781217,0.682545426
13.05499503,8.32737436
20.16187606,5.884478212
14.38392667,8.824692609
25.36176891,10.07014643
18.05287428,6.725952862
17.48704227,5.712603825
13.6109398,19.41522808
35.06062273,3.874233999
19.81614982,11.16561921
18.56445454,7.105419031
22.33680617,5.712610679
27.26027943,8.855977698
21.80962948,4.69381369
28.12708561,2.460525029
25.04331862,7.655285459
19.36039787,11.34642938
22.556556,8.930204063
26.3756776,4.539586255
22.57235616,9.73196522
26.98415788,14.93774752
21.92247401,7.255858298
21.19160425,7.009474153
18.51538731,11.43723666
21.34313019,2.073712773
18.97196976,6.97531801
22.98026363,10.22232191
9.253762043,5.225802213
19.24255185,-2.394648862
25.81106571,-1.940868949
21.39066467,10.4818022
21.11099627,11.42141905
7.450221606,2.528947104
26.9428217,6.278689059
22.89887031,9.589087522
13.42163747,12.72414328
13.12388592,7.257320999
21.98178887,5.702026792
25.41715305,10.43322843
17.44319016,10.34900528
24.38713448,7.464793164
20.97309257,15.92069221
23.06318956,7.655105371
20.02962197,6.812444116
17.26791945,2.445212651
13.61569355,3.601966696
11.58994005,6.335484265
16.60112789,0.482315422
18.15287775,7.081636804
20.37709927,4.574005696
20.38640063,17.9503801
18.81505827,10.16236264
20.62530501,4.04990735
31.38293844,4.912217914
17.79877085,9.539054488
14.82916891,16.84610207
23.46935115,9.53065449
17.89245128,0.796271097
25.55957845,1.434266386
17.86372181,6.741188304
18.81606737,5.366850567
25.58208188,9.392554222
16.5015921,7.707231447
9.387456875,6.240908944
23.11227806,10.98369946
29.43163426,10.11619938
19.52255976,10.08952894
21.2949918,9.337929622
18.34880696,1.774766003
26.21004155,14.24849987
23.58949407,15.07450766
15.28275687,8.823487035
24.36669063,5.366305473
22.50425729,12.51423994
14.7255105,6.631501865
20.05152133,13.50129828
17.47959897,4.983045242
9.944129129,2.730388772
21.21624013,17.30635681
17.58029538,12.95338592
20.92287333,3.455017422
21.0998046,3.2079707
15.4089894,6.073508664
11.35629407,8.928959864
14.63923448,14.15120694
18.47781921,8.538279141
18.88093108,7.808276165
25.26972655,13.47796647
21.24092876,-0.733108575
29.14022265,7.738763288
17.18310938,3.314733676
26.04762604,10.87438102
20.48500857,11.27743541
24.64906094,7.87959058
24.16555207,2.545923179
18.64471151,8.373219865
23.78868645,8.15158338
23.82523555,7.063764298
15.13459283,-4.018683471
25.98417122,13.28722294
18.76705076,4.884573879
24.39928157,7.537152172
27.26667048,7.818510834
17.35968637,6.190416164
15.02948817,9.558237004
27.57979343,6.794651225
14.19205514,8.712643224
14.94099443,0.118496483
21.83952381,-1.358301422
22.69804146,11.92083025
21.76808912,16.02677456
21.45277649,13.00750086
32.28475099,23.94720161
20.93499297,5.379965489
15.97149198,6.500679979
16.21095795,5.183863007
14.09240466,4.947594971
19.2149763,5.464598289
16.01837171,9.854108404
19.7982401,12.02637707
16.30476897,6.033270331
26.63071577,7.851167968
24.47802995,3.972181534
18.7142082,-2.639039276
26.49677438,1.558498075
27.35458056,4.12940419
20.15430947,5.960310542
22.49944923,7.27430268
21.52294381,4.154451729
22.54789508,-1.687276296
19.81926975,11.27371372
16.72850205,5.780047588
28.59309319,5.144164117
17.50683568,6.566018162
21.68796201,9.215104118
21.22747303,5.034978836
21.89494026,6.381071228
9.109291353,15.32470486
8.462997738,2.976437008
13.54101919,6.948141361
14.01728812,16.00906978
2.861065861,10.17538966
27.44510434,10.45755478
19.23120657,4.509234903
18.30266459,7.772226159
12.40488003,8.448530516
20.73539973,9.823076411
11.02727504,3.564918368
12.43176535,6.447012201
28.78063286,18.62397329
23.34040575,8.289122005
27.35848623,14.23463549
21.14357038,4.467316971
20.31593565,13.11082815
11.13883014,2.756237943
17.0708699,1.729362895
23.48046199,9.995750028
36.4335155,5.360062168
20.45366491,3.050508798
13.87991485,4.015384839
20.58451687,-8.081453851
10.05998755,4.039340465
11.47497439,15.07317514
28.82786344,6.274409702
15.39507206,14.50372425
14.97244291,-2.190641503
22.49189556,10.90288681
24.37440749,3.163705077
19.15636017,5.487277538
18.27406102,19.32215653
22.70108437,2.089761034
18.07276494,6.085638921
20.17646734,7.36083179
19.35941108,5.982575929
23.15672601,11.82121395
17.33715083,13.34947192
17.58202527,2.37420358
21.19747208,12.726991
15.00788598,4.321241044
16.29554558,11.06698849
34.4190845,5.930813667
21.63772906,11.55301078
20.58991147,10.33843539
18.86320639,8.48438515
16.69454976,9.692604951
20.08518681,9.432656027
15.46680268,8.817726452
25.81675842,11.77494671
20.73554561,5.120386413
16.93274537,8.205083044
27.316139,8.2025175
24.30578675,3.28705121
18.67087492,10.9904103
22.19754377,8.715644515
23.31492278,11.51982158
21.82310234,13.21165283
18.39679914,5.010378954
-0.010650469,7.493395974
22.55013758,14.22691377
32.03798585,11.8404193
12.59623399,9.7711933
21.47463675,11.67419222
17.33802795,16.96718022
15.69248583,11.57381988
25.73162679,2.04957275
8.599173736,10.72584028
22.64583526,4.895472061
17.72063629,6.254327029
34.26055743,10.39843285
22.52079456,16.17872603
26.4037667,4.116928682
11.40962896,8.245376702
26.82551595,3.845501404
11.77327109,21.46066932
24.0488756,-0.415383405
19.63690133,7.981693648
22.86382153,17.73064441
9.466613172,6.966044099
21.86406788,13.59093669
23.25532338,4.274780919
18.97265762,4.460960591
22.84438252,13.38214813
27.2615999,11.36357491
22.72499001,14.87344301
21.7730041,15.75756543
12.82652315,7.550241261
17.07378601,18.79808276
23.5161118,18.35466289
20.14424462,12.22400239
20.28793234,6.265832477
33.04526444,4.716967828
26.09735245,13.21809217
21.20836861,4.491954448
20.65353551,24.6870582
25.84559862,5.830951028
17.1356009,3.230104303
22.81950258,8.264436708
17.74386342,12.80319355
15.6839927,10.24041098
13.81602871,17.27332116
26.24555201,6.577590597
27.87161046,-3.75749169
26.23044426,8.157753269
18.6816825,8.817899726
20.14843964,9.364165367
23.8156331,8.209050025
23.52550789,5.315908457
13.32277495,6.016920455
27.06643195,8.179473065
21.17044578,9.390742625
32.24833833,11.76718923
21.64038961,13.80826814
28.62569072,8.220655409
21.56324662,22.96709264
21.4344264,9.841861333
20.5447307,-3.188276159
33.59822787,1.804602934
20.36299026,4.261510511
25.13473384,10.77958358
11.61146267,5.733776961
23.01885867,10.93286828
12.15814321,5.387899478
25.5364751,4.278030703
17.78304959,8.258612163
21.28456468,9.79426743
19.74555433,3.537648209
20.02178332,15.58166576
21.01900885,7.819951534
18.15260643,15.39194064
22.86615269,6.96077875
6.194903188,9.812579343
4.599609761,7.273520109
29.63096557,11.84270317
11.52057474,8.640876596
16.10074614,7.872820528
7.282350679,11.53498728
32.46791515,11.18501991
16.9701877,4.645636874
23.79542598,10.7862524
18.83028634,6.107318262
20.90141735,5.465407237
22.78674689,1.244728136
17.2534648,4.193007303
14.62325143,5.369787687
22.56626558,12.42511275
25.43148268,11.30853276
10.64414298,5.50305226
18.60630306,8.114125325
25.05915901,12.07694103
15.94338078,4.731337233
17.63603786,13.35276756
7.148024282,4.917346238
24.85689137,-1.033767391
29.83957995,0.751149285
19.87511845,9.477335254
23.04130802,10.90936086
36.39719981,6.835477603
25.94477021,7.96243659
15.67588648,3.729496083
11.84803537,3.651014915
18.59795849,6.298022087
12.65057592,6.349401068
30.00833906,11.38060299
22.42512133,4.580224673
26.72765728,10.70147125
20.20113582,0.749277178
22.96717696,2.93433545
17.32175108,5.383474882
18.27023613,10.61358362
19.44967322,4.685606422
11.43208439,6.119289937
19.38591485,17.10809721
25.1231795,15.54130955
13.8006299,7.700545472
14.63877172,14.41143485
25.8723967,6.792663648
21.62974291,11.1685337
28.36484442,13.1495258
15.66311066,10.90274098
21.08734424,1.399012942
18.00786585,5.502837238
26.48268002,3.22437849
36.07054805,18.46022847
21.70865724,4.514130213
9.043654949,7.602331317
20.73718941,4.654587165
18.30777241,8.36780575
22.69119918,5.941083062
20.28184551,15.68383615
24.52251863,-4.780877676
24.61127686,3.850305209
26.00339747,5.171995762
26.02966242,7.330000096
25.4167764,8.228122769
23.54300506,0.275203573
21.12416589,13.39437914
21.56561583,7.562655941
15.26328464,13.26922096
33.62293068,7.345368273
23.06729988,16.06201554
22.1881759,12.26227434
16.25724911,5.090944016
19.7128802,3.002891247
22.87611163,13.92531553
24.72252977,5.964087702
21.29196884,12.17766157
18.59611561,11.87162423
23.11388203,12.8529545
17.67115055,13.83624882
13.47313755,-0.244543647
15.27784997,0.530051617
16.9159563,7.654024787
17.92884378,7.321840302
20.9483187,11.82664768
8.828797156,7.195431136
21.00495746,1.009818093
21.6212829,15.00091414
19.89595257,13.8811595
16.1581677,1.960275167
19.13800979,10.11618297
22.74271257,8.452700724
12.93762737,12.09309407
13.70609181,13.1952411
23.1860242,8.14962374
25.58229093,6.792634674
31.05589395,3.000900826
24.76945733,6.891020493
27.27336047,6.410999292
19.52114315,13.5295436
11.16644466,2.989671233
27.20289821,3.910678896
8.146015067,10.8752659
31.85091851,12.26027403
22.98561179,7.824990946
14.97571998,-0.530163964
27.79528832,6.07487778
20.29219875,9.240939392
19.55820005,7.74682269
25.00247824,18.92359756
23.91816812,3.004011451
5.11264089,-2.765851752
17.97417576,6.606382853
33.86109743,4.834571999
19.67277914,11.89096004
15.97780197,13.99472913
23.39256354,2.71197098
22.84390104,6.323670766
23.29402301,4.785915766
18.55864916,8.369164699
19.21780495,2.252229695
34.97335395,11.24848982
17.18825031,16.01594261
21.87554639,18.43103385
20.00487418,8.540817983
19.33366514,8.338484353
28.01438597,2.645625532
27.78435784,9.049446636
21.85219444,3.794585249
20.62683594,-0.267734349
6.301224462,4.950371048
23.64124754,-0.244368468
26.61379106,4.902530835
34.32843022,7.49958144
22.3513966,8.200973417
28.38317544,10.69703367
24.44728701,-0.225038067
30.27196477,12.0934593
21.58605836,20.55554727
23.41506017,9.621628024
17.08859807,7.621273376
15.32618238,4.886852777
19.8149437,12.67225077
18.80517385,5.527207147
27.13144232,1.731551804
21.36552074,1.17317439
25.2351809,9.281660242
32.71322589,9.259783957
21.24405805,4.650760545
22.36123056,6.883493904
20.17494982,10.48186013
13.6626157,5.745480789
23.34090702,8.33442281
12.03321316,13.72787967
18.39773167,11.75552194
17.4175415,1.776166122
22.33148555,3.139533917
26.11703614,0.922265477
26.94829513,12.06753173
29.36467633,13.37557497
22.00796109,6.942298261
19.21997586,11.80766874
14.19277469,10.1452313
11.45645255,12.75642761
19.12151763,9.039561471
14.24492485,15.08972343
20.39442674,13.6634505
20.60091943,11.06750364
8.338100729,6.875403577
20.95108462,5.015595781
31.31954755,7.322038827
14.90603474,13.80347544
23.33632807,1.533922623
22.75963445,4.46018672
25.0104745,10.10796968
18.64905359,6.093633252
19.73474081,13.930032
25.22240656,9.398506876
22.74118775,11.93248481
16.85951567,0.003926908
16.10238428,8.845674591
17.14059582,11.39562618
22.23503164,6.397054281
23.31128488,9.214097636
8.145974229,5.827615566
11.22864446,2.695868806
21.48005447,11.16323299
25.45278945,2.835544736
18.74003093,12.05039365
21.15771069,6.204538969
23.38470789,3.521543164
19.2002661,4.91878479
15.58891089,12.86856984
18.60187193,6.58968315
27.56274223,-3.193388768
25.58235065,10.97391249
20.69617081,9.363664766
17.18289531,5.26383352
17.41306261,1.191280235
20.41572467,5.270392528
11.96671351,5.491452915
27.17999601,15.85798763
19.61410981,16.85903579
24.82230191,0.405338288
21.13271171,10.05589775
19.80965136,5.284756927
20.16446167,9.30354195
20.7071266,6.45677327
19.33189735,9.343994346
18.40825489,11.54354146
15.13108817,7.758524389
25.2004603,1.496421856
12.86111847,7.12013929
18.66058408,2.390952092
14.15296452,9.796830755
28.13878458,5.759262025
17.57751264,-4.328697118
3.598601664,6.841439763
22.93119384,-1.360970316
10.60231896,7.132631504
18.34384064,10.45846726
22.8805472,4.4151986
15.22643413,7.217012655
13.20068085,17.92560268
23.67271474,9.132612509
13.6186359,22.62872268
19.89906946,14.14097719
26.37112751,4.542527974
16.59880125,11.03114797
19.42111452,6.988221325
21.11146359,5.381022868
29.52779631,9.758462519
21.936922,13.03159535
18.43849803,9.461750245
25.8947682,6.342157829
11.91732019,4.791095774
21.00581333,2.111795708
15.89556032,3.789096287
27.00831525,17.24417891
16.8160146,5.392895692
16.4007276,10.40932841
22.04825488,13.22325809
19.79939638,4.390517029
30.89626767,15.688579
29.82615972,3.65710238
24.28959368,13.96622153
18.8214485,17.36788273
22.4448794,18.78172386
19.05990747,10.86755399
17.35466837,8.069767167
7.23358052,8.457398315
26.40902422,0.542488307
28.37699296,11.00658091
31.66931379,16.86090535
17.17456998,-3.582154934
15.36742327,11.6482047
21.34781411,3.199817691
16.71315488,14.08903663
18.79786978,9.081892976
18.38373652,11.49281184
25.94139933,6.254435217
23.37302057,0.447898402
19.44399239,18.3955032
25.03207685,17.54951922
26.48349684,7.323751027
10.65913991,5.175070426
21.5008041,5.675282825
12.99009039,10.29230364
33.69342933,13.03046899
15.75247888,-1.086051802
12.13171109,1.182217386
19.26702545,9.566301669
21.26471226,9.47260367
23.40384903,7.776680376
12.92398305,10.25313502
21.06389902,14.74769844
20.56319725,11.26376806
22.26679502,9.451067654
24.04499787,9.616215172
26.76072128,19.55509593
14.02736277,13.54539509
20.40931399,4.450142349
11.58710051,9.121906107
21.30742396,11.84424906
23.28404705,15.66169973
18.88771028,-4.792326793
14.65543876,9.556424826
16.30175711,7.961161887
35.11139689,10.51543149
17.04064221,4.350326229
28.84897536,12.71037749
19.20238705,5.19361859
29.35224301,11.71257785
10.38493245,8.427857093
18.67115837,4.508024765
19.66393056,7.342700603
22.50729305,2.166829897
23.88739683,-0.236527917
19.9008054,9.349457165
13.93687969,2.577398476
13.21260201,10.10087902
17.76710926,5.80797288
18.82201366,6.750923123
21.98841241,6.477356883
8.852005068,11.62153171
16.73412374,6.004549756
19.95977775,9.38547068
21.415297,8.716803948
12.06659078,2.035393822
19.42274548,6.826355529
15.38659353,3.806485511
18.45891099,14.55670219
16.70608447,18.0313339
30.14791576,8.467114083
14.33017415,6.275440807
18.89934201,5.790292099
15.07786661,4.217139567
20.52306793,5.178750939
16.54932474,4.864929005
25.12198237,-1.189990991
20.99197164,7.803336171
27.28622488,8.118582208
20.08272639,6.860876232
21.86909414,5.470307238
23.82432271,4.465652247
6.661638621,8.129470615
5.951694761,2.447459843
20.82148545,3.655877341
9.711141028,5.460479932
23.13016821,-0.221190132
22.50710501,-2.893002612
29.67829624,-2.147996158
14.45971229,15.61612687
23.26800649,8.556948313
19.44080616,3.196752782
24.48530985,16.92459213
23.93592539,12.54760856
28.16112164,6.770085837
16.78843131,10.43384302
24.46222573,15.80364602
16.72648258,7.613356317
31.71767631,2.168683014
26.37519018,6.091498093
24.76740136,-1.37689231
26.1263801,8.158524764
12.43006107,16.43454217
28.4987297,9.606043145
22.85395381,4.047787255
11.30164866,5.890461274
22.43199215,11.951773
24.451835,7.158498941
17.12149305,2.344154262
18.25502583,12.41170776
24.17547284,1.930192933
19.43789162,14.64395743
10.58302543,14.60581668
16.92114955,5.180208954
17.0709198,-0.521747582
29.62454068,0.532058756
18.62436457,16.65703309
10.62451118,10.10234144
23.82048102,11.76004416
17.62010853,4.979992027
25.56462536,8.586403843
25.66588135,15.82030617
18.03202985,0.601778222
13.62471038,-1.667355485
17.08986544,4.348244478
27.94889764,13.06124295
25.22335901,16.6757572
7.62506393,13.64737094
18.18325796,5.743808906
8.528424817,7.721273424
26.15923718,8.007230911
17.03943924,4.1213996
17.60479307,4.488495905
19.01096744,6.23672468
19.38286889,6.380264662
26.58809278,14.99748856
14.14950584,-1.528244275
19.75487158,16.86000721
26.80101067,2.190441161
13.48225672,10.13240412
15.53209092,17.44575667
22.10924805,4.350576918
11.47555461,5.112600161
9.824312948,6.958285276
30.77347176,17.69940638
18.69966544,11.75735179
18.1118526,0.084535259
19.67694287,10.56801171
23.7903877,11.17607795
30.87749445,5.607435579
15.81776762,0.865045162
18.52704079,7.065968162
18.19920635,10.93980816
16.88880843,6.85005793
22.81066801,13.70060402
27.5086079,9.37759266
17.20730471,8.004261931
21.85418844,5.644585739
12.86125535,8.788216812
22.26694374,-1.276452944
10.89564321,6.235755258
4.907951628,7.266466195
14.59425552,8.361684288
12.11252528,0.548136751
22.60040736,0.646887155
18.38681001,9.069677192
26.61159339,11.99492487
17.59670055,8.499542265
21.1680896,16.71272556
6.854982111,7.841834847
17.50808983,9.018343509
20.1935693,5.496515761
19.47415852,13.12289459
11.83382679,2.813703127
14.12419953,2.44314606
8.924022417,5.180717695
19.71804453,1.872564514
31.7984441,0.913682962
25.65385037,11.27353872
16.10544033,20.59641899
29.89380933,8.950046664
25.25865781,11.2334827
18.02718223,-0.212121914
23.15681446,4.426385169
1.531694785,0.863383472
23.19080078,17.85696222
16.14139868,10.2491133
12.76019064,8.721019316
17.23214671,10.19991811
16.71863595,13.67955129
18.92829204,5.521526556
9.731217922,12.27274327
15.81186459,4.012592557
23.40903776,8.020897296
21.92848527,15.40277978
16.4013198,6.030420167
22.21510353,4.681574272
19.43627169,11.66974129
27.40067191,15.27622813
19.46562261,10.74448089
28.78944061,8.940023309
8.292284139,10.4129177
21.15404328,2.62346275
16.60711314,7.570048431
18.25159382,0.295304605
24.0678152,14.73957652
22.27041771,7.782599586
18.58520637,7.251107997
17.19904774,12.56755498
19.92023028,11.43195287
22.15962221,9.885910855
21.02475562,3.735242574
22.56991712,6.513823502
9.732781495,6.665694392
21.41849767,6.392171339
15.51315301,14.4035418
24.95585143,7.781646344
15.72555625,11.59916872
14.91992157,6.820034467
25.51088238,11.96068046
22.43753079,9.242566305
9.235279134,12.35511943
22.28940241,15.46157829
14.3016123,0.4815008
18.20009935,7.100002256
27.66912519,9.325425869
24.81405922,8.228517797
8.431000079,13.39166891
12.88109569,7.566146964
22.53732406,4.349714388
23.17208275,3.480115035
21.20626837,2.609746563
22.41180225,4.520975954
19.07424048,8.163202196
18.73648947,7.22785382
16.4307846,8.086230498
17.71856631,-0.10106296
14.07143394,8.603036371
16.06056574,11.18534845
20.04654727,-1.265386134
16.93514158,9.844494847
19.00762429,0.736184181
14.15774934,3.009267787
21.64057724,6.240988362
25.60499485,13.44123715
11.86754717,6.56874863
22.81439206,14.3075297
13.17311576,4.148918362
18.40935146,-2.018129819
10.95157509,4.235864855
17.25182742,5.706256134
8.404710596,11.87893264
26.10559946,8.359505385
25.61499284,2.991679775
24.97186352,8.850995294
14.03979454,7.300002758
8.876986951,10.72114245
21.85285201,8.194301154
18.22051872,11.08434589
14.09279483,5.236388632
18.59383761,4.612174037
13.88843695,16.38483525
24.86374431,7.259133813
8.340881022,0.400258173
21.47753171,2.318613425
20.92938437,2.039759088
13.14032776,5.508930236
14.62059771,4.457212832
19.76228368,4.43273616
22.74620277,22.02231542
21.90941088,8.36343564
12.48319055,6.163646787
26.95051565,16.24603912
18.07848057,9.375921241
17.99517739,13.0951004
22.57862777,18.80308163
20.43265871,4.931393173
23.21592559,5.642985381
22.67472973,16.3018644
17.71891258,4.97160132
20.48799429,7.275804491
19.53318386,3.459716027
27.23969145,2.357288148
17.037707,-1.554836057
22.90223775,1.840920997
21.48442555,14.80162281
15.81150563,8.091636846
19.97335676,19.02514255
24.17923021,11.49413677
12.9342304,-3.848493468
22.43360887,6.208832219
29.69762931,5.373613953
30.26282388,9.351960985
20.72968952,10.21334805
26.41639886,12.37716362
10.59207336,3.185816301
29.70287193,16.60044839
20.02730346,5.995567005
24.37602053,11.48356919
24.6762437,6.851086923
26.98433113,2.803884587
24.75805198,8.541726545
4.584099216,0.400163887
24.79657199,18.53800123
22.67274039,19.76140334
20.06554683,5.754253809
15.8301134,3.190232096
19.99132264,9.736487244
15.41838664,11.10016365
18.77673093,6.031025759
21.19293233,20.53663461
17.55816534,11.27694431
16.14227887,22.56248562
22.90118645,7.016141504
21.11284605,10.56311136
16.37434764,12.36235431
22.03315755,0.007110317
18.52727585,3.18496148
13.51831721,-2.52048343
20.52260303,4.533600946
13.60948577,20.12927475
20.73009624,11.35995651
25.84623905,10.38795625
21.41188662,15.09978681
21.45683943,13.78536451
14.44131754,17.26769197
25.81173003,-3.203843141
25.96248013,9.656558029
29.16404026,10.41445316
22.11133544,6.158561873
22.57526872,3.976390417
11.43584986,4.515648104
14.11790186,10.63217742
12.79921807,4.357855941
15.24474569,10.33796326
11.28595933,7.041362603
21.52918419,-4.707522438
18.92483176,12.59437519
16.09477149,0.682903122
18.11057076,15.13002948
22.00386805,16.36589612
20.07272625,5.596303035
20.60323985,10.4379932
17.70590313,9.533874678
24.76644216,3.768570252
18.86251377,5.723432445
22.04206753,21.01291431
23.61289894,6.05469782
24.48049385,20.58972474
18.84109002,-2.035838607
19.66934186,16.55478378
17.95972918,0.686772526
20.33983705,12.03525818
28.92642641,9.119209652
16.42578912,8.230432997
19.8296752,-5.079070439
21.22747385,13.22893877
27.17126834,10.25622818
14.13755485,9.098018731
22.87952566,13.94578493
12.34321622,4.407781893
6.918782029,11.0558024
9.470393981,14.23230491
14.89365967,9.507511066
23.11149391,8.851441946
22.74185469,16.49081217
25.56078854,9.523921595
18.8148915,9.41758005
23.98865208,6.035748469
33.07582098,14.87800075
17.93485762,14.10710464
19.30242474,9.451802901
21.34634034,11.37879831
23.17518223,-0.307390335
30.23090733,15.03081793
19.5938131,9.63866398
29.68450252,5.249217161
22.15946977,2.522760915
24.4838596,11.54671689
10.98106993,1.657131122
17.44866101,6.417160438
19.92266365,10.87875869
18.11516109,8.692573709
9.543240552,13.62548254
18.43549444,6.297281491
29.66118051,11.99900497
16.84360352,-0.632126943
18.5145344,8.60771303
27.70843179,3.189361009
9.379833795,12.01890252
13.66640187,13.26770667
15.34407038,11.84855846
13.95180248,4.030060548
12.77493847,2.804424979
16.39734849,16.5488097
11.4027273,3.25858563
20.03078964,8.447292588
22.34526519,5.253607564
16.03348724,-3.778604108
27.91839591,16.82335448
18.82382192,12.11948172
11.06191558,7.614951916
27.59583166,0.320696419
18.02319333,11.9637602
14.6714501,-0.074758721
18.77144656,12.55419831
15.55676865,9.54304785
23.57485501,5.732446626
14.78344086,9.917644265
19.46408221,15.74368656
6.297936273,7.036891213
14.28595972,10.1952758
24.66166183,3.2031813
17.52591162,-0.804859743
16.82969618,15.69932496
20.72542644,6.145737837
14.40223994,5.763298772
17.07262438,6.541245096
19.01169691,0.300399228
18.94589344,10.37003771
23.08018225,-0.843985625
18.77620289,1.687249351
25.39196486,4.61623061
13.23640067,3.528012757
18.26976794,15.18326525
18.79614723,9.728911518
17.34725368,11.11488042
22.90660701,15.4737977
22.76898195,12.09008469
17.97513214,-2.864628737
24.27824529,13.78677313
10.6423451,12.49955835
23.59684057,7.351215126
19.16345861,13.88437977
15.69249193,11.20722283
15.04350809,4.858707421
21.92705663,7.447111799
18.02413732,15.20689159
19.25227896,6.098150785
29.50993601,-2.056121036
13.99469015,9.635153542
18.71130763,-0.161384078
21.37640011,9.402666515
17.79486641,9.324662517
28.51882278,13.84786823
23.27973299,1.221573322
14.45118817,-0.294798849
15.30897991,10.8656755
23.03770255,14.15592493
25.07060642,0.705106132
30.16001282,-1.481997205
18.67179472,10.73246155
17.87925229,7.172631828
19.45551188,8.934353021
18.59446682,11.80146065
18.07531348,11.77653068
19.63437623,17.63232813
19.96720033,16.65028288
19.94415519,17.30773081
12.54327159,10.31920929
12.85313076,1.759600023
18.95680151,10.45151238
16.60171345,15.82429456
18.17516144,4.009339815
11.84503378,9.053708884
9.770379872,10.47482253
18.93611609,3.933040627
18.82708834,5.394680899
15.94120699,2.989902857
21.06050806,12.97104254
28.88835503,0.433278378
6.836846345,1.466616262
23.04356256,-0.641922255
10.81563626,14.15765031
30.33020598,14.10298491
19.95718727,7.854058415
17.04083489,10.15648631
24.22433548,5.450772677
6.444497581,5.62002583
28.01683303,10.91790142
22.48235946,-2.872486921
28.49022301,3.279495733
17.85872192,0.671769929
17.49071518,8.016438463
22.98612435,11.85905063
17.13172049,15.33000517
18.62289867,9.18527581
21.25717113,2.08466967
17.41867713,12.23128552
17.80371795,6.763251714
2.068173581,5.94999716
12.91345895,2.815498739
13.19607659,8.16920124
10.69554082,5.581795873
23.91129436,4.962879376
20.92763253,12.75820979
15.77516858,1.362574299
21.25436708,2.969260995
22.44173192,15.3770332
18.06603516,-0.201633816
27.20981097,5.046579039
8.409327208,10.0303573
18.91841664,3.878611345
26.04639841,10.59533828
26.17606704,7.231904512
24.21349686,3.163834639
29.02755699,14.12532318
20.86155849,4.204338913
11.26337897,8.645161511
33.26887811,13.96263628
15.07594494,2.637657326
12.34510763,5.205735215
19.89720733,8.017599612
19.25373913,4.525569077
31.81197871,9.895428418
15.59602755,4.197080731
23.19296518,9.738103449
12.86912181,2.193611497
26.14116246,9.813017406
26.3463398,14.57753705
26.97320531,5.161338265
11.95443556,6.992913764
20.67947811,7.25897829
9.017473793,4.536283928
27.22916023,10.53973016
20.11843415,2.254110589
7.239528278,3.217620055
19.69866795,15.40989585
18.57095552,7.653608327
24.65843185,5.441783891
20.91551234,21.01205091
33.13583422,28.65270083
32.59046051,32.66891493
30.70460915,28.19327287
37.28635973,32.07010026
27.53201739,38.38309983
19.38877969,30.49479139
29.33216699,21.12371608
27.86199823,31.33932773
30.43897405,39.66052056
25.50858591,34.42323877
34.65301859,34.94037897
34.84306614,36.64101665
29.96606282,26.148485
27.6725421,27.04240552
25.58682949,31.3340614
35.60178158,28.72596103
31.66108638,33.47673746
33.80608451,31.5093742
33.03993998,31.60761847
27.40681273,26.92837115
34.99203579,27.07786292
35.36989644,33.42406415
32.05331059,37.16559011
35.54345888,33.48986666
25.86794895,23.96281004
32.79820191,26.76992922
26.08267103,30.36240933
27.5693517,33.21857667
29.96831722,30.40868079
42.32724712,26.60311421
25.19613703,29.99280296
30.65585594,25.37380623
34.67836224,30.99802111
22.97555624,31.29232052
20.40635942,33.18706496
33.82132987,35.58360621
22.73491627,21.16732495
40.11046716,29.17646103
31.62986568,29.42209522
21.6889749,25.18152546
32.9250414,26.94322806
19.48198161,28.55083675
25.03728989,33.01272058
19.00837068,34.58525688
28.63547453,35.55963199
32.67941384,20.56889905
18.61140769,40.44000285
33.449099,30.82425505
36.36439656,40.899491
31.58428677,23.38392932
41.31394182,25.83053232
25.70490847,26.47398887
24.82100885,29.37971595
32.83195008,37.93440376
29.65696041,34.48614676
36.82820872,28.06413878
29.50630282,33.23885787
33.30307241,22.46851705
34.26467383,38.96865557
29.93541988,24.86596318
30.20330676,34.4733249
27.82866075,33.07362329
23.388239,27.60449495
25.88180523,19.91355383
30.4423465,23.33627704
28.89518634,27.9560099
27.15107855,31.34860503
33.15456492,26.34389547
23.62742759,26.46305608
30.46710408,30.04851515
29.51744063,27.13231873
32.81364488,31.07104494
25.40447994,33.55352267
29.69863179,33.52427966
32.09874573,32.01937312
25.32201035,34.10264213
18.87714122,34.59640735
24.03380457,26.50848834
29.77510531,31.78075636
36.20854137,33.58974174
37.04082276,26.68492817
34.56391572,24.84274459
25.46133656,36.62410442
21.83786171,26.21043131
25.02713954,26.3795746
36.41159232,21.95533679
22.71362705,32.88696867
27.18822274,29.35055029
24.7767361,31.52680218
29.14132305,31.89350696
28.74959442,32.0087054
32.61375617,38.99197218
22.02485529,33.35205635
28.27147721,24.30228311
34.01051354,31.73756916
18.5693898,30.42126167
42.23870126,34.47247997
27.16760872,35.87300337
28.11612795,27.01838341
37.67199054,34.78387223
23.07184812,39.25168917
32.47057598,33.36472637
34.16220892,23.20674502
32.26909911,28.08281434
31.73755854,26.05605608
33.03352969,27.8962942
32.15337246,27.24337765
35.26530488,20.44793057
26.30535077,33.71680589
30.80631496,34.84951457
27.47376931,34.34239318
29.64731621,31.77929863
21.1709733,31.37669199
21.72727402,35.32021501
28.3638962,30.92353094
33.90803037,32.91764771
22.22958901,18.28468427
34.84713002,31.76987693
34.55164032,27.91626773
26.51445264,31.72766384
33.25782278,26.13257754
22.08876227,22.78636922
23.41271969,31.72086325
30.27815853,30.95786639
30.77092932,31.59850017
35.61233907,28.07143114
26.45636434,27.60401152
27.41844834,20.80639543
30.78800557,34.23274779
36.68583768,29.69692104
27.31323782,24.3780229
26.99180484,28.45699955
40.08884668,27.86061437
23.21123184,28.92796584
29.81857136,23.99147742
26.80808519,25.36615312
27.65120047,31.97381499
27.62876838,25.67433625
27.76567519,30.59909165
32.16391811,32.01787474
33.12644875,29.6813457
32.40469699,36.52103953
33.57013524,23.44069034
30.42606799,32.24274041
29.82844617,34.25396656
29.91988097,33.45046042
27.77968819,29.01324422
26.22473279,24.64840661
21.46215981,26.73629664
37.08567884,27.68913456
30.75153834,30.99323287
32.93591671,40.33120013
28.88796619,28.09775263
36.26966646,30.5123337
27.92157573,31.4666051
34.6111808,36.10327721
26.48896567,23.99189677
31.52584656,42.05454406
26.94815915,30.64325625
37.2966693,33.2728623
34.94813478,36.81234371
22.13494723,30.02826285
31.73456955,37.82876907
31.46490713,36.33902994
21.0831575,34.15043091
33.36435638,28.20232038
37.86756592,30.60513554
39.50494186,24.8483791
35.5064175,25.54208219
25.34670917,24.01559981
32.93832932,30.50124771
32.83067792,23.36666369
28.51163338,23.82104636
24.52011437,27.76701498
34.50160971,35.80066111
32.34907073,34.2191467
25.66739411,26.94892323
24.61158723,33.47208775
25.73807188,31.92677589
29.71234844,28.22847189
26.33987324,33.38268996
31.89375542,27.55063156
33.69701252,27.29294378
27.60736046,33.65709249
26.62572949,35.85040898
37.38301745,22.07032966
35.11845915,25.94638041
29.03448541,29.86861234
40.42698758,33.98722875
22.94509047,35.08647067
34.22723706,21.77530352
37.63066351,28.73790337
31.15558601,21.30788281
27.30497956,25.30304648
28.00608375,23.5822251
31.32858351,24.61409208
31.46906864,28.86706663
31.89188404,23.29425775
43.18414115,37.61875832
28.04411831,33.92278827
26.591799,32.16212663
39.97350092,37.17425876
29.737794,34.63069997
22.68045903,21.64917456
28.98531278,31.56536424
31.37641889,34.4762664
30.18352646,26.71241682
14.8524581,35.04874458
18.83629982,32.10256386
38.44490252,28.56597903
32.27992816,41.58333187
31.04739017,25.79065086
33.94641791,35.81297666
39.36105241,33.2704346
31.50954514,25.20180641
31.62496439,17.27801979
37.63237409,22.66239944
30.65198604,24.43823804
31.49863324,30.92139459
31.36832873,31.15951751
33.59758163,32.93376552
28.72167806,28.06983425
22.32825557,25.94451197
31.97429473,31.2906751
27.93606245,23.20465579
23.85850165,33.98789198
23.55494657,27.87128771
29.37568503,26.02287679
32.19365099,33.1812042
26.53772581,36.67344064
25.08122786,29.55973696
29.90415215,27.39178679
30.74050195,34.91723792
38.11663403,32.87862284
28.63490125,33.02291101
24.91141357,29.55464747
33.08615854,28.52130902
27.94819351,30.46396023
25.51085091,40.12592958
29.0569157,27.20779003
32.95222716,28.17549183
31.82362159,25.59824679
24.2085165,30.09323434
31.9589464,31.28313629
24.93298577,22.9388868
34.38919644,21.3888066
31.88955679,31.52279835
37.42488973,26.13856982
30.43037356,34.71318063
32.04033672,23.34069821
34.82979595,33.38789552
29.99423544,27.35139847
37.85675768,24.94614624
31.82520376,29.75058418
25.2715076,32.37983974
24.70067603,26.08474237
37.354397,34.75777453
37.97573638,29.59814465
37.77465327,37.05996085
30.60116218,24.79570231
26.83003538,32.70031486
25.42424187,36.11785142
33.36486533,34.73579541
25.48328774,36.14359572
30.65764398,36.5903671
35.40255556,22.63712856
26.92800735,29.49242024
34.42786193,36.75984554
36.00615942,31.52008265
41.60275469,30.53645388
27.30083095,33.94892818
23.74951644,25.19653467
21.29513554,30.21903602
28.3778068,30.58091553
25.38037918,34.12502966
30.54139488,26.67585293
27.94331417,22.82895116
32.02520327,39.13765806
35.55552242,25.45027729
33.61068772,28.72341367
28.74502395,26.98059556
38.08004363,25.51402724
20.37399308,32.28114995
37.35865057,30.25445215
27.97961969,42.09930136
35.43310384,26.41394403
26.93781715,32.16174059
34.24555373,23.53406643
29.4232502,23.33277961
26.16703568,28.70107963
34.1054894,22.65449794
34.62475121,28.93726856
30.52415989,37.08330714
21.39438683,19.60669247
35.5373312,31.20722097
26.38919235,24.14480225
32.38795208,27.27191634
31.4813128,28.22586664
33.83534262,39.00119324
28.97390594,27.46209557
35.41718552,18.64154613
35.4080338,31.38224606
26.10115785,26.04550402
17.47244433,23.04109222
33.10040084,35.48047695
23.52892993,20.5565693
31.41566748,28.53473063
36.8918834,31.8189069
30.32912159,33.60139223
27.3972812,29.81858715
29.6805676,28.78938328
21.26416688,29.31617358
34.75887135,28.18945344
26.50729909,21.29019864
29.19614397,21.372695
31.86422031,21.76553492
25.20369135,29.95284168
22.05589993,34.47117018
33.69821359,29.90535677
26.09090856,30.39139334
32.01834772,40.62759812
23.70337606,38.44367524
37.08410464,43.39415906
25.17134545,28.9404011
28.97856736,26.7008771
26.29654181,33.06103159
22.97225794,29.28030996
33.62945067,32.61364031
25.41154896,31.93903772
36.79716872,27.26899842
31.40205778,31.93411512
32.36004318,27.66504085
21.75911226,30.18225027
32.5785897,30.69025565
30.0705525,34.44225928
32.75219977,30.17629319
28.25626175,40.61642281
24.55551592,29.69504963
26.19620838,32.32563964
28.70200291,21.4316738
42.87443064,28.51100559
32.48323036,23.0026065
38.16115352,32.6739957
26.58429601,36.4320829
28.89578743,29.32598762
34.52637676,30.49762777
36.22329462,25.94775187
27.75795259,28.4239482
29.56221742,32.14426142
39.99244029,31.75868643
25.83461231,30.02522586
33.10585666,38.53216913
31.90025693,35.72824972
25.5781796,28.47945126
34.10342957,19.50309434
21.92630152,25.72253383
30.48431021,33.48032669
32.24830195,32.76872791
36.32443243,21.28315118
29.84614493,31.64147117
34.39839049,28.87505346
21.0736832,29.45988252
23.32927303,31.27805836
32.2531431,33.08413108
29.1870156,28.31709583
33.84901399,32.91689311
25.30203991,37.79242002
24.82621895,34.52287172
31.8067109,25.61044072
35.67334598,31.41592863
33.15659093,32.94803227
26.78227519,39.52040296
23.39924889,25.22907346
32.8629247,33.33571025
24.73144441,28.08897874
33.00453614,33.06287411
33.44911132,29.32559239
31.54213514,26.03419367
30.4796762,22.66036248
20.45401196,34.14230956
22.54737191,32.59017993
26.7763909,32.7092631
23.97047258,26.18082015
33.89032866,28.11670675
30.06714034,28.15806982
32.09237535,23.869122
26.45663599,28.61886415
37.74162997,24.8869505
28.22879805,28.10587362
24.64407542,35.29181609
29.54714948,30.48251282
22.55525962,32.07340768
34.82803253,29.81529593
33.94431148,35.47574547
25.59601074,36.11294347
35.6770304,32.52429859
30.68623423,23.26987296
38.82087214,34.78678888
36.3112284,25.42879281
26.97305494,23.55628428
29.1804245,37.60627446
41.52337414,21.58708092
28.09749008,35.84734229
42.73428232,26.13112595
37.18059333,32.44502886
31.31236757,33.77969264
22.27124226,32.51336427
28.89610195,21.15014857
33.35805964,30.72635565
29.97626548,34.93232997
25.21310441,30.8686021
23.4607639,32.49789285
26.65036276,28.06555058
20.94885299,20.48699802
32.47680827,32.07288852
21.84483753,34.38168119
28.55596581,29.84268148
30.52848571,9.772183108
30.38176103,35.24915465
33.47563919,29.91187735
28.00172837,31.32592613
24.14514166,37.41077733
37.80882613,34.26021181
28.97440352,26.88777736
26.55599594,28.16118301
20.80048718,29.57122142
26.921698,22.88875931
34.4030252,41.91562287
31.67948669,28.79394326
30.69905583,23.73002559
30.0529507,24.1539155
29.06861317,23.19259146
27.08550543,25.09506618
21.62935256,30.72407238
31.39549259,23.76670965
27.54594097,28.86197607
32.64244624,38.24510925
31.65445622,24.28896838
32.39529623,36.74101379
32.27592016,30.82059156
25.05276307,32.94663631
28.28456169,30.0157951
32.73898344,23.11743477
31.40294478,30.76420887
20.17736195,29.06418779
26.4482427,28.87798612
24.11081919,35.00574886
24.65012701,35.15690757
28.92602777,30.43717492
26.90341605,36.1483983
41.12212437,21.76235403
24.9914238,30.35394527
24.10083655,23.39070803
27.90195393,35.37990568
33.21672474,28.81842807
30.2341635,30.67345737
38.72877148,26.01059773
27.29426857,34.69466735
36.93078576,36.77522895
28.16724998,23.26963247
32.2978882,25.79197127
32.81675228,31.61969736
36.03519049,29.79457991
37.41575718,33.89168475
24.82613969,26.84764373
28.81018136,34.93551332
33.23547461,42.74233872
27.68387678,29.94962827
36.73564623,31.00142209
29.81306618,20.00678125
24.06411679,27.46174865
39.6669031,28.67302169
27.60447905,35.48620698
37.07010527,34.84077735
37.33012628,32.9797702
39.65519598,32.75919748
32.19087192,31.77774965
30.98570193,36.49019149
32.30880323,32.00046724
26.92066362,39.90002951
37.06856726,34.47556138
40.24905208,17.08921004
32.91888533,31.43111145
32.36713364,22.86727259
38.96373305,20.18759384
29.88183642,25.34854445
29.3935091,28.10216592
28.4439334,37.15338329
16.34883753,28.32359146
26.04538568,26.18107237
26.5511265,33.82117506
21.59467007,36.04820603
28.24874551,42.54069455
26.98433149,22.82401723
35.6774954,36.04035951
31.21251876,26.18145868
32.61848628,29.92261357
23.03153572,32.53352136
29.53625212,29.70923187
30.28022721,31.3273743
29.94690132,23.61349555
28.98693676,37.01033003
24.92670977,32.64580865
31.87685582,24.50845765
34.03683167,40.09711752
26.16795662,28.66970018
37.50262823,34.19275814
31.16336373,34.649947
34.57074098,36.10624001
29.85386175,30.15355735
27.78009918,37.35485264
31.04926555,33.06871788
35.56478659,26.19055539
38.79442493,33.02393413
32.92370054,31.38394516
35.41982474,26.60243803
31.91655414,22.13446254
31.10224313,36.28960189
34.66155064,28.48757376
25.02626777,34.34833125
29.01235412,24.33936779
34.32309875,27.60941947
25.6323345,28.91141319
39.24561854,23.68212656
29.87358399,32.18177266
36.36178817,27.36343016
32.02976476,34.2539198
33.02930305,26.86098074
25.18038842,34.68042528
34.14544988,27.05242115
24.36624484,22.73803072
26.38558281,28.82657448
30.44559408,25.9806912
29.38338782,21.79134971
21.78378238,32.11133478
31.42289552,32.90027765
27.42936305,22.2233739
22.94105202,24.58210421
29.45220534,33.8396945
29.63005988,30.73680921
25.28100697,25.15810689
31.64830975,29.69647258
35.23594975,26.79627295
36.40408099,27.5136873
34.90319218,20.24465194
32.62391093,23.10976597
26.88042261,35.18641503
30.02779921,31.59546423
29.09083906,27.02725402
27.41813593,28.50437428
32.35825578,28.47419153
29.01016393,32.5212252
17.67427887,26.41516308
36.38161929,32.67505765
36.87862254,35.17874408
28.79649555,18.27938947
31.43855752,31.96021266
33.00494802,21.71951021
33.31896925,36.64302801
32.65279478,34.75061949
40.67037198,33.18058378
29.37200663,22.73770064
30.33599124,26.43482672
26.89426159,30.81545908
31.14229552,34.33945523
32.93746601,29.72453193
30.45413324,37.87377763
25.8444164,27.02930928
34.88897871,30.85584162
36.12170365,19.85703993
21.57521634,23.36031136
26.21613593,26.82453197
30.61869557,28.79950334
27.30394259,30.47111763
30.62174828,35.12194555
22.02354465,26.20689724
28.15694695,26.67042873
25.79447381,30.57673323
37.24868233,34.12033751
27.25176728,29.39582665
37.26266934,23.67213256
28.80516581,33.13502997
26.33516859,33.80681153
36.82199147,36.79317188
32.04958593,23.93656075
38.38205528,33.33602561
30.14566065,37.13301338
26.18894817,37.45040992
24.52229201,23.69411959
36.98044294,29.64563307
25.6850615,30.43738846
30.37995803,20.76222847
33.34085377,29.3696269
24.07311005,33.06387191
37.47989016,24.4119717
33.20554169,25.56892426
16.13799702,21.68979535
19.40706288,28.82358808
24.02181923,27.58078513
31.89897619,40.39617534
32.34706347,26.34070486
27.48991035,28.40813092
24.6091276,26.36454767
33.200911,16.79159341
34.19580299,34.153683
28.13091633,29.25891838
25.88429685,27.23420489
28.08238433,31.49135118
40.24880457,36.08639474
30.02769921,32.68352825
26.1502407,33.98889768
26.97799549,35.1219276
29.39511114,32.62854387
35.96507562,33.67647543
30.41731936,34.0725771
31.15086658,31.08917899
33.48997113,29.46343453
21.4568369,30.32860514
33.12335391,29.76469846
33.20977015,21.30673265
39.24874858,32.79202288
24.74097582,36.01016154
31.50738937,34.48723835
29.24354792,34.26468735
24.05958496,35.74532251
28.12656176,24.09253708
30.63549566,30.81158806
24.73435965,30.60412793
24.32847625,36.37873652
25.69364411,19.81352773
20.93726917,24.60184083
40.4793541,30.10206598
35.23687185,35.26932988
29.72747519,29.05166797
38.36922699,34.30425014
38.59909228,31.31746065
31.12028986,35.1943671
26.39754594,29.58011444
23.31005859,20.65177127
33.60082985,32.52713807
36.06369637,27.42135435
32.88908573,32.79825979
37.8231215,24.24120486
32.86855626,33.45361526
29.20984228,22.16407971
35.78262469,33.92071171
30.80670134,31.8610003
29.120806,27.21512969
31.83586015,26.22827204
27.19675654,34.12815896
37.42195476,27.2144675
26.71882434,32.05173409
38.12628201,34.69462846
19.77886237,28.84269446
36.01610974,21.48146161
30.21654343,27.7599731
29.13852486,31.99209858
23.77597657,33.09024114
30.05804545,19.95632683
25.59264422,44.0925052
32.49497262,29.85564216
25.37927304,34.48747269
36.38349951,41.3540756
25.14496013,31.88154148
26.88673601,30.71390684
34.41298269,29.28423954
36.41829672,39.48139942
26.10437512,28.41251024
18.98186188,31.87073114
22.48737832,23.35491249
30.23713372,29.97098339
44.37748671,33.08697984
22.62029086,36.16918289
25.43030249,25.00688119
26.9030234,30.08256192
30.9029778,34.21017333
26.18944782,26.95107069
37.45490105,28.37258074
22.18488041,29.37871549
29.29178954,30.0209349
25.48688297,30.61557723
36.24211177,30.08273043
29.13431419,22.49512637
31.49600722,30.5317143
32.82432801,31.29879938
35.16362825,25.00454273
29.59573681,29.43294797
39.09192401,33.22381102
22.04337739,30.52089179
34.06462665,31.30057626
31.38377411,26.70671588
29.99558832,22.18769959
28.35885268,29.16449171
38.43159602,17.14992011
29.16299135,28.27650276
31.73327043,34.81841482
33.15765848,22.84063889
30.39461288,34.39894526
37.14108158,28.01031307
37.92509013,31.35567799
31.72539967,25.9498229
35.41264922,20.35011336
28.25786736,30.30958532
30.26276455,41.57772318
26.82527352,27.87976958
28.16430728,26.70353379
20.57441313,41.74204111
25.26125392,28.13041813
41.81478566,30.67926124
30.25443688,19.57362464
34.88122777,35.54490779
20.46206712,28.13712713
30.25556021,29.93959349
43.33906279,35.49499304
23.02649921,36.09259883
31.30283227,29.38774119
27.64778678,25.82971591
31.02146921,32.79641736
27.2160948,21.7574483
31.36553927,33.8614207
24.86701361,21.61104998
25.47854199,33.45719253
25.35680493,35.23378359
23.52318436,34.95997102
26.75333531,31.76863145
27.96456311,29.93616324
29.13127251,28.65478107
33.39720356,32.24531566
24.10432676,39.13506652
18.84315493,33.41866677
29.5566239,30.13803071
34.78547854,32.66156687
21.83715673,28.19775707
31.05842502,30.30758816
41.03402949,25.65374095
30.0053591,18.7468479
30.54760473,35.49527904
26.39496949,29.70833596
29.52845331,28.04471931
30.50256867,37.29167682
38.62934807,24.25744902
26.66951052,26.33108296
25.07440017,21.81833578
22.79226578,30.45100317
28.34993882,32.89720244
31.69963011,30.22300291
21.2085802,23.84304745
37.98532031,23.88395724
29.55096961,29.065136
30.2949196,37.64181794
30.23967825,23.57344942
35.78640439,26.46266889
32.84713563,28.84365413
25.01687081,28.54556571
30.78978604,26.37465098
40.568758,23.39636566
37.09538287,21.15581008
34.10360413,22.5770245
32.81527998,35.57520942
24.33268578,35.14052824
27.74257087,21.89995924
34.76539622,35.95423907
33.43570348,33.30434601
24.60820953,23.55834097
28.84358632,34.52314372
37.41021766,27.88194459
33.60758496,31.21293317
34.69240082,31.08807687
24.71060357,30.95254216
28.56835649,29.50917341
30.17808949,33.59566664
24.51831669,28.25134909
33.64749843,27.35995853
31.1901162,30.566934
33.82848501,33.21393188
29.30632872,30.78475264
29.72827088,33.38082225
33.75980821,25.92820989
21.97644635,20.49062117
33.18392641,32.421855
30.0810337,32.09272799
28.22567223,27.49426127
28.68478365,27.65977026
28.66523524,29.35302703
33.3797214,16.17541931
30.46325906,27.68472039
29.50134424,33.64762243
22.67847005,32.9793744
25.07982239,24.32713993
25.59484856,25.63237672
31.66205574,31.84924089
27.24076122,25.16633447
36.59333574,37.40867328
33.41880959,22.75460258
33.46604035,25.07168145
19.78972012,23.6603348
31.38117551,25.31678699
27.80132307,29.36351866
29.65270916,30.92298865
35.08435855,28.94658596
21.62869703,33.12875353
25.57433835,31.89369142
25.17514748,34.07315544
25.965186,24.7159733
25.73786351,25.78442292
24.86365977,30.7127181
38.33609512,31.56969475
27.04799838,25.97198662
34.37083927,30.52674447
27.79486235,35.71469699
30.96129385,23.85324637
29.7674936,25.33073377
25.58254516,29.13407979
31.26823031,27.24600949
33.81462153,41.18944552
29.60487061,29.39589623
26.83006433,28.28204502
31.15023911,31.01408234
26.90125691,37.39979827
19.84725521,29.68863654
29.26863331,31.88533246
31.93936902,37.42896699
30.39987115,34.25025358
31.63206128,31.52458485
23.23712877,27.09378627
21.23975866,27.25073534
28.21598034,26.22942556
26.26772613,29.23696654
40.54239482,33.01601744
29.17233477,33.22358533
38.04060895,32.07496152
40.75042349,26.1801988
31.35195216,28.97315131
21.88449885,19.16801372
23.6843172,26.11225186
27.6663657,26.02533196
33.45909962,25.95590228
24.44945469,30.1264304
31.22789773,25.48405205
25.9239474,26.09285942
27.46244254,30.59252412
33.18649088,30.78509063
32.06877712,31.27619808
24.19695811,33.10420971
32.58021115,32.54569081
29.57606857,41.81028922
24.30325578,26.65642026
27.33268319,37.19518413
29.744901,39.47657144
29.29571842,23.20820011
32.1213976,30.97071293
26.5713721,27.54873631
29.99033481,35.44918235
32.76451555,35.83417189
33.81339837,29.70059267
26.61417105,30.58250913
29.34238312,26.51058896
22.75554508,30.05296724
29.70349195,41.23039085
33.37664502,29.4140247
27.10114033,25.55093877
33.94784922,32.39402622
31.71343417,24.99806782
33.59956675,36.49242755
34.1098266,28.14720436
26.8851177,33.96481738
31.36533871,28.01877713
28.52740803,37.94251682
30.16112484,26.89455983
29.59184532,26.99437221
37.83083451,24.41588449
24.8425464,40.8293327
36.01289479,27.15339543
41.08544797,37.10210825
32.47423116,32.14615368
20.96216511,36.10005294
31.71301332,29.14323027
30.86006754,33.3324114
33.65733077,29.57273721
27.70349559,26.65553732
34.40818035,26.86204707
33.13617499,35.57895832
24.851768,38.24395261
40.52532418,30.43086498
26.82565224,33.88285588
32.26907708,33.9610274
30.32797267,31.5282213
23.01167042,25.96727666
31.24708227,27.44020509
29.08180071,28.86989931
28.28181281,29.14637079
40.53911558,35.03780909
38.0791262,24.33112955
30.21238643,38.96554471
30.24752251,21.64092981
35.5426062,27.63748684
38.70729092,25.46000379
34.58648755,31.74704211
20.47542661,34.44376176
29.13205748,37.97870617
24.72138583,30.97162297
36.65317859,35.40996831
36.21055818,25.18018755
34.18091555,24.08703472
29.64531512,38.00214296
34.45462816,31.38124542
28.85690033,24.77510634
27.95093902,29.86466933
30.74698927,24.20998888
21.01341666,33.35709853
33.03982009,28.40449153
31.28284936,22.60234757
29.45610709,30.76764011
39.80788817,23.51217783
28.45943071,28.08083535
33.35321614,32.32949059
20.28489102,24.31741148
25.42029098,29.19341125
36.68772707,27.67106167
29.93994392,32.93287523
30.87475636,34.27200744
29.62594061,33.12630472
30.07400087,24.84260872
28.74738358,26.67116803
24.70458393,24.90352692
36.01383861,33.3568653
28.24940243,40.80669822
41.70983218,36.5155088
30.21262306,24.78285314
28.76661668,33.1514226
24.75537097,27.31180274
34.27226677,29.47233052
28.0547916,31.82032008
30.64760504,28.60478442
35.5322281,32.65365907
35.60071356,35.08956067
37.41421178,27.85526282
26.7940908,33.06712405
23.24829845,26.99469144
27.45017008,31.18229096
37.16347122,26.62926426
29.88770843,31.10033367
32.51905258,39.51506638
30.35512986,25.666477
27.73342867,30.47388101
26.8450127,25.69783318
32.77357453,23.58351161
28.68327046,29.87656533
34.47892306,33.37375568
31.09407857,29.46556231
26.48606912,19.62340579
25.36734437,39.13489561
22.97209687,37.34103971
28.66329512,26.49299503
27.51087904,29.5921976
25.12468864,34.28503566
33.43059246,31.51667359
20.95143832,40.91727276
29.82872184,23.54833397
30.8898532,29.38366994
32.54830231,28.04449952
28.31636494,28.40956522
31.95281715,31.56383851
25.99405838,22.86950288
36.33961442,30.73251148
32.41015514,32.07637082
24.81284995,36.25128668
31.1246246,32.61919943
32.22384154,28.16927995
32.0762776,27.06937799
34.37788577,28.83590569
32.5022285,28.64487391
30.90767842,35.04889102
25.7488144,33.84605627
29.81102623,32.86563052
21.59444224,28.74308758
20.79114881,37.70524491
23.01145248,27.22179209
36.04400774,36.44297602
30.69697695,32.70256355
32.08606822,37.03783905
25.53547426,29.8205359
23.933787,23.92074573
27.53592689,26.4491546
24.65524673,25.30063833
26.59011618,34.46358603
31.18679861,27.21981527
36.58703769,26.7656202
34.86346523,27.9511892
32.0385102,36.18979093
34.35267159,27.80517787
31.06486171,20.51278219
33.69232215,34.8959129
28.31664023,36.43800234
31.68269221,20.4160956
31.60795618,21.00211049
22.25732531,28.60786439
37.26672594,34.27855532
20.05241941,33.32034312
21.13220352,27.99587813
38.88032476,30.43365389
30.13697178,25.46398979
25.31364879,23.28074161
31.86648918,25.88064641
19.84486791,27.22214558
32.14664297,34.05749636
32.48964057,33.68030835
35.82356637,35.41079881
27.9568177,41.11603905
36.74658518,26.43469896
22.6471294,24.93104423
30.04849053,36.9329196
29.88670446,34.02542161
33.76011127,39.45398555
32.38948148,34.3842633
28.40029373,25.77061741
33.50560653,31.74020175
33.34020912,33.32158322
30.26574548,32.71567177
24.9717668,39.86583928
28.33039522,26.55057091
32.94150873,29.00811732
32.50690341,32.35295183
35.4355861,34.08865874
32.32539379,40.70330755
29.72741165,28.85140437
29.07473476,31.38139994
29.19342447,34.18098772
28.82389326,21.43209544
27.71435209,34.11942957
25.00737658,34.97762902
30.18078939,37.02391704
31.38586887,32.2616245
30.36750631,36.19841287
32.36025364,32.16463343
30.37023177,28.19140147
31.42577218,24.12613321
24.946071,30.27217266
41.87275127,33.92322157
23.19707369,32.35275491
31.74848638,24.91117715
28.34899358,18.50280678
18.88407699,31.52085877
28.67860681,32.84141295
26.20609765,28.13245414
27.09508665,17.08076153
31.69525685,32.2059445
28.63196207,27.69033034
31.63306236,30.54952099
31.47960709,27.61700771
25.98462271,32.14237221
35.44585455,21.61488861
20.59780831,30.37168689
30.59333718,28.54162985
31.78393141,36.48666755
21.95730344,26.4824985
28.59691653,30.48040568
26.96414742,31.54799962
36.60457138,31.26915168
23.34094736,28.38557063
33.75408939,34.71404412
29.18795808,22.18837149
36.6793753,22.23506812
44.21073017,24.05230639
27.26740952,26.26670637
35.02522146,25.9554149
31.15213658,38.89224358
32.19912429,29.13284156
34.01461021,32.39655289
28.9241468,36.20886018
23.89146954,24.23830564
38.10133106,30.60151836
24.55713975,25.29174371
25.41637875,24.30260574
34.83882107,27.86135253
33.90268296,30.05711163
25.27524233,18.6673901
35.84623873,38.69924373
38.12583856,29.55991236
34.61340992,26.77033116
31.09551705,35.33788383
29.78894836,35.14080472
35.39068816,22.78282367
37.13300718,43.36585089
25.83030045,22.45559448
31.7263975,29.01627001
30.90651317,28.46728229
17.27814315,30.28461875
33.39546397,27.92250179
24.54812901,31.88306693
33.17443141,37.63357218
28.47292056,31.53814716
25.42907161,34.20403602
32.38243652,31.84167427
28.26875933,33.89886426
36.45130664,24.64958737
31.19295516,35.17527852
29.08787918,26.99315626
30.64194916,20.68683872
33.25393963,23.71982745
36.481006,20.95815248
35.9319956,23.57953564
32.79878653,31.85116025
28.89403159,31.12324552
26.86414822,29.53554342
37.82708823,32.70415456
37.79692679,23.80244147
34.71086384,26.65047229
28.00973998,36.34146699
32.70212702,27.83139806
21.89186552,27.99264288
32.75392222,38.63022441
22.76467911,35.0892371
30.73426665,29.35151651
36.16859405,26.03908957
25.44433371,40.19886271
35.12721243,29.78980831
26.77275505,32.94585252
28.80002779,20.71615586
30.39350734,29.14720523
28.16194504,34.18110536
32.8590939,29.18353745
35.0143269,31.94361156
25.76527465,37.77419834
29.34316071,39.03345299
30.92008921,25.29380166
25.74914446,36.33623323
24.27754062,34.58623074
29.50644805,33.9376128
30.96683072,30.01732254
27.69177438,27.86245326
22.53782452,27.67975194
24.62994177,19.49203904
18.70774503,27.38316714
29.56721644,26.9271504
39.79381196,31.00831019
22.48587353,29.88379502
27.22803293,30.46916906
22.98841835,31.39738085
32.00333057,24.01577464
26.6967117,28.54853326
27.54919435,31.11537898
30.10534463,33.259209
30.48016302,32.60002387
23.90448399,33.46118387
37.20813127,25.21738982
34.43950771,24.99275702
29.47692587,29.67701503
37.90787431,33.48516862
23.32960857,23.19544144
28.4304183,27.72646794
39.80262408,29.80910511
20.97348458,27.4935863
23.72429872,31.15705331
28.54272451,32.52172523
30.77024615,37.75369283
24.16701099,26.63855
28.20971963,28.76600033
22.5972793,21.2690359
31.84215231,30.97421498
34.79255853,37.56890925
28.75317867,34.22950106
36.20557873,26.22056891
27.05892875,35.03156837
31.04838406,20.54615168
25.85619063,39.46166736
29.44595996,26.3374312
30.17460993,39.79674379
24.26671704,34.21050563
31.70723919,25.08692699
35.08475008,25.54810922
33.72790721,32.0862564
35.84191969,19.47703182
29.29867802,27.51349839
28.73049896,29.5638763
34.113039,35.81979567
26.11740221,32.38727279
30.23571996,31.05924625
27.72705975,36.82015481
35.2607104,27.48779028
26.22477606,28.53568682
29.23334396,40.44531198
25.76365037,24.68619516
29.38726527,23.50431281
35.87550804,24.5118247
35.35618406,37.19475919
27.14846648,20.92886151
37.06787392,28.12146644
32.70714304,25.67693811
26.36720415,34.53827329
34.83718009,33.8129612
28.00687999,30.07864017
34.67828554,38.38697054
35.30257883,29.32270958
27.92782551,26.56263364
37.36708694,24.09039501
32.68977759,32.59817598
33.73517117,27.1919677
28.02569706,25.835412
25.86142205,31.35036207
29.26458557,26.76402057
38.14602839,32.07379787
25.87497035,23.83383605
30.58156482,30.8901826
34.50663889,35.57473626
31.56737307,22.6267981
34.29399116,38.03897958
28.77120101,31.71917073
24.87588645,28.22135302
33.16788466,20.28385419
29.10771641,32.05724645
29.46269451,33.437544
34.30872107,20.76075343
38.21173963,24.79356873
26.39417768,28.69062537
35.18938168,25.60598025
42.13340087,29.62640936
35.90455835,29.23994414
31.10499338,27.48257417
34.82778576,29.81263305
26.90501835,24.7401714
35.60510267,22.04678836
32.01877685,36.19828602
30.62484512,14.95349081
27.72483156,32.54845061
38.98802696,34.2023693
30.41224971,28.55360702
24.85810008,22.46923309
25.76077542,23.20378451
25.99870352,29.6242867
28.30199514,37.86571756
38.6124192,22.84664737
36.18803728,37.80956971
33.09753577,28.06662753
27.40226684,31.80484586
23.63664633,32.62792756
39.17647127,29.9035911
32.56557215,25.22500313
32.93921776,31.82512762
31.37214255,33.62283327
37.28679234,30.77238233
35.15997989,29.03725141
28.60905962,33.09959629
33.11900478,22.82671372
28.93580886,34.84406422
21.90537182,26.21060484
32.69011778,34.48834943
24.36394272,30.63268449
33.35312785,36.79800201
35.80202402,33.96259407
31.50244077,40.09803523
29.08338204,21.95295414
23.30744104,26.47172574
27.7834491,36.04154268
24.01810003,33.12338345
25.92582607,30.62920559
21.69790931,33.5525716
32.8418925,37.54158544
38.23999745,30.84013969
35.00322871,23.94412093
34.55605033,30.65614535
34.59537475,34.82314416
20.47081344,28.33893351
35.58223702,26.53292425
42.17440834,28.6477277
24.00215797,41.84527528
34.55663651,32.54410536
32.5496289,35.53014689
29.53464179,26.71632086
32.54634865,27.79378081
27.43503984,25.91930303
21.45004714,39.53621366
30.97167435,32.5063222
32.39501995,32.23393034
32.57106626,26.59445241
17.24330663,36.60291596
36.09304733,34.02896828
41.27762821,38.05370514
33.20641113,26.8718394
23.05607001,29.64199817
35.76746019,31.65023879
25.20725074,22.82100361
31.4512449,23.87209567
35.33880776,36.60178733
34.36160131,31.14871818
30.23120032,35.21119602
29.17111642,21.44057363
31.25377744,22.25547654
33.83372713,32.52163395
27.66683036,33.98798509
34.63251126,32.74228338
28.9433562,28.26833645
31.83197839,27.02987912
19.56907807,29.99783501
33.13752653,32.19750544
43.21728853,17.10161406
31.03865202,30.32144831
32.80738141,38.29689628
33.05462507,25.90441359
27.38619133,35.37138581
42.10925196,30.29137221
30.58324409,31.85438072
29.72808358,32.45244702
26.23482094,30.72619697
27.97008099,27.91554454
21.13528896,32.20409553
30.27583997,33.95153133
30.97465141,28.43098769
25.37617769,39.17547967
31.11729711,22.9740772
25.2885573,23.71306343
30.58192011,25.07633504
34.19849522,30.73248763
29.89339958,27.82453504
25.87163376,32.97957985
33.61335236,27.31929723
32.51954737,28.10302207
30.67009396,32.71478696
46.74753892,31.3532395
28.56969059,24.50614104
39.03623782,15.66522783
26.75380735,31.22566019
25.8627395,41.07565233
31.67760138,30.93815837
23.41985433,23.13561785
30.14351334,31.71533886
24.71545553,37.90586472
28.86166147,20.35116693
35.82173601,27.33074354
44.90155188,26.82661415
28.66762753,28.7599313
29.36019499,31.65874545
20.13263894,26.38995507
32.35844995,32.37160745
28.75006794,24.34011883
30.82686669,26.53796909
24.25301698,28.98303132
29.6225152,37.50401812
34.46640518,29.84452569
31.91227855,32.72766483
20.47089902,24.52091985
25.38590276,21.72842667
36.53613833,29.03766942
33.22825863,32.34668621
27.83302744,21.356559
29.05697243,39.15865521
22.97029002,32.42503736
32.43964536,31.43094027
27.10300788,30.98055883
34.09549923,27.90357559
34.42772185,27.63780639
33.8991393,32.1393572
30.29386977,32.40683008
37.36405639,29.82853605
28.33487556,24.37262898
30.77265502,40.14999473
35.8375441,28.03648514
36.64643171,24.1699198
31.0836069,33.77576624
33.26834575,27.33071696
35.19873544,21.9501651
31.19276746,26.17599308
32.47904023,28.89306005
28.01611359,25.56137162
33.20140444,28.91564407
34.20290023,31.58907503
31.7078372,31.51979502
31.91318568,34.8591404
27.43850758,25.7663359
27.70766451,32.65181409
21.35415981,27.46344738
41.95978865,40.03544942
28.02516352,23.81759371
26.42964172,19.56825196
26.9159119,32.66046217
27.75454483,25.38580022
35.99828838,27.80922828
30.99046342,22.59872146
27.32037858,27.7841323
36.27713291,27.74195665
28.97834028,31.3471788
33.04204322,30.44684555
34.83444034,35.08768576
28.03825419,33.41397268
28.45190355,24.17884712
25.72684732,31.12214409
37.08983675,15.990511
24.66343467,25.65501733
33.08911168,32.7539197
34.35959359,25.48200866
30.32835526,35.48228685
31.76744178,29.90173544
28.47097983,32.67579991
29.85446882,28.54368093
32.42166996,34.10855437
27.11313153,31.36718973
28.16056338,29.73988268
31.08913119,41.02148612
28.40148605,32.11965209
31.8296898,22.24883237
21.65729939,28.89677573
30.4611266,30.15687491
32.42193699,34.6423514
29.63286727,29.78191709
21.49813837,22.51683764
22.45350203,42.35587614
31.10644717,19.52766452
26.2423089,25.79656614
27.52757099,32.99250944
34.88736293,24.20304225
31.42653447,26.96376626
38.22599637,27.11710256
33.35338869,37.86248424
46.33564526,32.92133626
26.34432232,20.66518414
34.51822383,33.09975844
31.50257537,27.42227213
30.9780554,32.24337433
32.19054329,35.13519397
33.63419918,21.27932091
26.61350376,27.78983368
34.5497232,25.944564
27.13213258,32.6386787
33.79183436,30.56620182
31.85032769,31.73069767
31.49110772,26.09265642
25.69907978,25.46844404
30.65124391,26.37603366
26.01486594,37.16364845
27.19416916,22.3236161
34.43958756,32.99732688
28.12207421,27.87580372
26.04323176,29.02358461
27.95275827,27.69846355
26.69478381,30.60214119
20.96950616,34.69816262
33.71734035,35.76809656
25.75363842,35.06211046
26.85986761,46.76451473
34.60265936,27.94679272
35.59668076,28.82030086
35.15798013,23.78868155
34.22566237,28.41435912
30.31464694,37.92805735
30.1242458,36.44248773
27.88945822,19.27356747
22.30563484,32.36467547
33.72593712,29.15397246
23.72196494,29.94710205
30.58984038,38.39205017
24.99237956,37.54901573
32.48780463,37.80916166
31.0849889,29.65739163
22.7429921,38.45766734
37.18021938,28.23894111
41.95025271,34.84873059
29.2248124,32.8825673
32.29236484,33.69554359
37.8708699,37.41107765
32.76491578,31.64798081
23.92856804,30.45829652
25.14675106,25.95134908
14.56194762,29.39841168
29.84258431,23.91786206
37.53443919,32.04815236
37.14849247,26.95049227
28.81665495,36.83716523
35.46575399,21.67488668
25.92961806,30.14651529
34.49166526,30.24004544
27.4479518,31.94191441
23.81845917,42.46410274
29.17867698,38.08748781
28.7882079,26.84559982
30.92405893,38.22515067
33.61678715,29.8946467
27.63624803,25.20234743
39.08341294,39.57725075
24.75329113,32.38309672
32.94189086,23.27041506
28.66369049,29.47749749
24.48424831,28.25746195
30.90713679,28.77602118
29.03337689,29.82276278
19.45474962,42.15428058
29.29226144,29.23246869
30.20257933,23.1560114
22.85147491,28.0540357
30.44630305,24.36774697
26.36140627,27.2913723
34.88178731,32.11183304
30.97488627,30.70078289
15.79837157,23.17529685
32.07923101,31.08338952
30.95824643,30.97766684
28.21506672,37.8028486
22.54910322,35.62217
31.61773487,32.28714857
24.15606959,22.81396692
30.2396912,23.33154859
33.43453151,31.19153144
30.20432695,32.64242746
29.39619189,27.98500513
35.57869775,32.87735863
28.76559472,28.01913459
33.4994911,36.09297728
36.42417058,29.50379005
40.87040025,35.84221293
23.3614441,37.82911761
22.9836976,27.78225037
33.72701179,35.94451969
30.03080697,34.504175
32.40653396,26.66330723
26.29094692,26.28055972
30.72718613,32.04566687
34.51694765,30.60908715
31.63260211,29.14570697
28.02133761,35.88408899
33.68992722,35.86250695
31.53326827,35.40605948
19.86772656,36.09114488
36.92076664,32.91634313
27.36865484,27.68349669
28.2626219,34.90363918
34.21161106,23.45640834
29.33407699,31.22797023
37.45315913,29.450313
26.25494149,37.57123296
32.15934577,19.13390458
36.34899673,44.91954657
35.78511421,31.06781362
23.93802701,29.76714979
27.58771921,25.55542253
29.87363402,33.31438643
28.85035199,35.74333272
23.77356461,28.41138464
42.6243662,32.46312589
24.54958794,38.64716089
32.90408048,35.44353189
29.48449471,37.06710941
30.62250244,25.51102848
22.60407025,37.39721416
30.30868612,27.46336785
33.95771073,25.66047277
21.90261995,26.865654
31.58069361,29.34496517
28.79250877,31.653703
24.9438992,33.43998294
33.80057037,33.18113656
32.94906288,30.33629773
28.1103941,26.8614976
32.27646754,34.28970923
36.83358921,29.71746846
34.17542878,29.80892796
30.19045314,30.08836736
21.81603113,33.89389763
38.04128786,19.03139156
31.93076684,33.38524384
19.77908432,26.74996449
23.57635263,32.0625118
26.27850725,29.38682757
24.65561402,25.86338955
32.5876085,29.59412146
27.34744148,23.18989316
29.38049143,24.01865177
29.08479607,35.53442151
30.63717843,31.38599468
30.39764419,23.08357812
28.15752919,27.93042634
31.82402541,30.69963651
34.14373444,23.86637333
23.70933241,32.40622936
34.72806829,26.55941778
32.52893416,32.67345807
31.97849252,37.92907674
23.25757685,23.33351683
30.37659043,23.15271059
25.28803263,26.24650463
24.48392868,29.94008436
32.59502719,27.57264896
19.75349811,28.57905773
30.22442401,33.36028001
25.85990438,35.05053405
33.95181644,25.38017507
29.13862113,33.0181039
19.2343607,25.0286649
23.10922685,21.46631089
28.78994961,24.28591519
28.13240346,26.99791042
36.59328569,32.76462754
36.43185725,22.34060726
26.87806364,35.13330403
34.49638834,30.89589375
35.44287706,35.83473502
34.09393544,29.0247039
35.59344797,29.29209165
31.37238308,34.8495014
27.43858987,31.57578338
23.79391316,30.99239707
25.81013005,39.08466398
31.1067532,25.389595
30.14541094,24.69857028
24.41161136,35.55877786
23.92955762,27.70418676
35.73762586,26.85942367
18.64004354,38.93007263
27.7733936,27.19282285
35.04213439,21.2000279
31.14414647,23.81081501
34.51153219,27.66818012
36.67562128,28.76392872
29.51058133,29.73221742
28.97783655,39.66702827
31.44768346,31.82045988
34.15565792,24.27237192
26.73218351,20.12711407
43.28086193,33.93230222
35.31891415,33.63187101
36.42305691,32.87418155
25.37407616,33.77478431
36.98676899,26.17246787
40.36604918,36.08119577
32.12577758,28.79039262
36.00124929,34.28010763
27.92636979,24.81400241
28.95073495,23.05476117
28.95508735,28.59860375
24.72773574,33.76518589
28.25752284,27.97485152
31.52312096,26.76481073
27.87190264,34.79672143
22.85680949,26.72877399
36.52803141,32.64743971
30.90497515,35.54890863
36.9455854,24.59896484
29.71869121,22.15116685
33.16053715,37.58732634
26.91160414,41.78668676
23.94267048,32.1723161
35.40757915,38.44985521
37.4099044,26.54533611
28.11827549,25.20954846
33.57170456,32.01307812
32.37183552,27.75852859
24.44855857,34.75212332
39.86939693,26.14986742
27.91885685,37.55425898
26.77289522,29.72734585
34.57036978,31.93557755
30.88913297,30.0770374
28.41648113,33.88135621
29.4194067,22.14437606
17.03203986,29.30469927
19.14505639,26.58711221
31.3948762,24.70928591
20.57874003,24.9401302
21.11220033,32.67134668
31.29408592,32.58221826
32.07406954,37.66544315
33.01711081,26.72430655
32.68386692,22.72196554
28.60185677,25.50050186
32.98811699,30.91527238
24.61578975,34.44043164
36.03536682,32.18701988
30.91447804,39.91435811
32.52523074,33.27208587
28.18097766,32.10633164
30.76824584,28.67973332
31.13122346,29.25414365
23.27225999,28.23808313
22.58993187,30.24809491
33.15971992,31.78635531
30.18856248,27.00421034
18.18957437,29.54483924
26.79412223,37.20890319
29.9521529,27.52218643
25.82376613,32.35693885
26.14916195,29.38286664
26.35027356,20.64912039
22.89535435,25.71728668
37.04947784,26.77652749
31.30356148,25.96378072
26.26603585,30.64380292
20.08746684,25.47115236
26.28046746,35.74173888
31.44351047,33.37245361
32.72159498,30.31807838
32.9736085,36.37320027
28.22445562,29.92596842
29.17989312,34.97984571
29.32628416,30.89616787
31.07768677,20.5564409
30.70713492,28.42346039
31.91389613,27.14400236
19.46766787,35.45028269
43.88311181,29.35442617
28.33129575,35.74111975
30.15484279,39.24252262
30.03883408,22.90836225
31.83429078,32.88147937
29.1477599,30.17211142
27.61154727,32.69172358
29.05287152,34.60007552
33.2289303,34.64424814
27.35940325,18.79059095
30.61797592,33.14200102
30.05248494,26.26792424
26.74070196,38.4201723
29.99267719,20.02081089
32.6284597,28.69130164
31.47901751,30.34570093
32.78389686,29.29948869
28.31663479,26.38750357
29.48399726,26.13088063
36.68601653,26.26434993
41.26505534,31.6846131
29.30849127,38.46982261
34.36588528,17.10551236
22.06122074,20.87609315
30.25772403,28.79895237
38.11228447,32.88684626
25.93684727,31.65620053
32.19409369,29.19354365
25.53631389,25.19163997
27.06942866,33.02065401
40.67031731,31.12264837
33.98761699,39.31498764
30.19509514,26.48467577
32.77528877,27.27626707
30.3463506,36.10326023
28.53718166,37.14199472
16.66055994,29.4654658
33.73619757,31.848388
33.27324616,34.88411912
17.24253332,29.41014585
32.6335048,36.45422639
31.57635983,31.69197758
32.3430469,27.60122252
26.60919671,42.88479751
29.94738598,24.4190529
34.65836374,33.54008331
25.23822022,27.07039304
33.68807518,25.79322566
32.232739,31.91490756
22.7052341,36.65241951
31.87757981,33.01504671
27.47694344,25.65668732
33.04805618,27.25658515
28.44558989,24.58360252
28.18722362,34.11392112
38.63222355,29.14074977
24.86716573,33.52240359
26.54242847,32.45911344
40.45674381,28.58238516
30.37548143,28.23544415
20.80194871,26.18421457
37.88085446,25.57495612
32.00994605,31.84691926
31.44029984,33.76876817
27.10166319,29.3599386
25.74454171,29.07349118
38.45856127,38.97921588
44.45770516,36.46575291
28.30107848,28.15800168
34.2524267,35.87681836
34.10272165,24.33796264
26.72662681,34.30325781
29.81774718,32.94012484
33.93920266,29.27895932
34.50958842,26.72927205
27.77116438,28.70746421
35.78381517,32.9897496
23.23466123,28.75138262
31.03447466,33.48952744
33.34814853,29.47400678
33.01351392,27.26984384
28.751622,32.36827461
29.22678557,39.85241602
30.55990736,31.61522274
24.77624902,33.230402
32.66330586,27.59896935
38.83740775,29.45983858
29.94756871,23.35395344
27.30246517,27.97236561
32.31994348,37.95208373
25.43529694,22.97803821
22.32806254,24.99908365
31.62844878,30.11168769
31.14273412,34.50230588
41.50179626,33.19364541
24.11729375,27.32073509
32.13670671,36.12493734
24.11549462,27.11903544
36.60046594,28.42656854
28.88467339,33.10059364
31.69885734,34.0300029
26.20831113,26.16464941
32.1052495,29.81241912
30.08495145,19.12871404
26.07762432,26.21197928
24.88079017,27.08349378
32.58754701,24.90545548
33.27647408,34.02159487
34.54619512,24.86684489
33.87247971,35.194465
23.39962392,28.48471955
24.23681909,32.68955705
36.87861423,22.55981474
31.63999216,32.02595482
25.94341034,40.38822881
28.38164207,18.18016514
30.15146529,16.5847516
34.20334697,35.26544659
30.12546337,27.60063289
26.75100383,29.90994312
20.92066461,25.96208983
32.38239123,32.7623994
27.92193735,30.79209981
16.5097657,28.77763777
27.03815142,17.04989113
22.98977213,30.69488889
33.27014351,33.47703694
24.13805459,23.77610223
29.52967235,29.59167498
32.26183495,28.66923789
29.04641115,18.02459361
30.12874953,25.6860796
28.16152564,31.54225616
27.98386592,30.12967633
27.39432933,33.21063647
33.74789453,23.65315021
27.55828371,41.46820866
38.59235412,34.43523882
25.01472758,38.58433547
29.53652162,31.10073537
32.05352007,33.97544634
30.43630262,17.65070806
31.21634978,32.13512722
39.02680422,25.40967558
23.00110897,29.49552558
23.41636269,26.95932016
28.76799892,32.02754524
23.13986753,35.17185077
41.76864818,30.33158855
29.82540566,28.60896159
20.92031944,30.45444337
29.51192524,28.57247871
31.56860496,34.25935639
26.87380781,24.05995742
27.94588893,35.88819977
30.20952112,32.58761754
36.34711109,27.9826945
17.47833881,27.52033081
36.86022488,21.65330649
33.36822638,27.83076056
30.77958344,21.18315411
31.15086743,27.07784156
29.55690656,25.25048163
27.09295597,33.6606572
34.32205467,30.33912995
19.85136275,39.19070275
33.96669167,29.98913156
36.78438454,31.71682312
31.0033251,35.19301928
30.13109633,21.98894979
39.50471384,23.85559935
36.5081995,36.54196284
34.02287527,31.95415537
27.13733485,34.26797736
36.38700873,29.93286919
33.86398189,32.44109435
32.72605319,36.03976901
32.089811,29.24638553
32.26860664,26.67761193
38.29731215,32.16388953
28.37624533,26.41351006
31.83705546,36.71673573
27.4394438,25.52765754
29.60695471,32.7655371
24.57139923,23.44302255
34.94995485,24.64022445
26.40332874,29.41404861
25.55933185,38.27099569
27.41049109,29.19030296
25.3444136,31.14277718
35.73476694,26.84738996
36.55706307,36.67657488
33.43727489,25.69976086
28.61994461,19.24265902
35.77048065,23.64244506
28.61498663,38.47084318
25.05753693,19.27543168
26.77141242,31.14146829
29.80430115,27.88490671
27.21251688,29.54044548
30.95217256,24.34298773
26.78012902,31.49299724
23.1041606,31.112238
38.58304972,35.8685838
23.18532035,27.09523985
32.86118002,31.46081501
33.46916537,29.39948789
35.961622,31.67378645
34.38416723,25.92357942
25.56430196,25.11684458
33.23479258,20.02122692
42.90731237,35.29967653
38.26552347,23.00899773
21.67005867,34.06815991
35.60103734,31.31176992
34.19015127,32.49180136
26.65836212,35.11365757
24.83864598,26.74890161
27.95660403,29.60043148
34.33863641,24.12004527
27.27310009,30.56723192
32.14620311,32.64493713
27.89243996,30.74582533
36.30828275,31.39294839
35.91363186,22.41150138
30.66444331,29.96681344
41.3766237,24.92401576
19.94529525,32.03141376
26.57587831,34.99411612
32.49009914,34.02217999
27.62981871,27.35559628
27.93167184,27.59141237
30.2422368,29.7506168
26.85462078,31.70523494
39.7711629,34.55559799
26.53227372,32.88140866
29.53057087,30.17032107
23.14768869,32.74539738
21.69568315,31.10522323
31.08965146,32.73724933
36.15639302,37.54513787
32.73918642,43.03995729
31.6947938,30.86868845
28.16977033,28.35614187
22.4368779,38.59732968
24.91220279,30.5448879
33.5764614,26.91243012
40.40766384,35.05718842
26.26336338,31.21296449
33.24837063,32.64412478
34.19551667,28.94480313
25.92759914,25.6679008
30.73112884,26.87968189
27.98006807,34.78270836
24.77691615,23.27635177
34.15681033,29.0168807
35.314169,35.7940003
26.48425246,22.5997616
33.10187067,26.51000654
30.98515002,28.59090017
30.10719422,33.7974957
34.21287724,34.82611917
22.45500793,32.16455132
30.32631845,32.79709062
30.01659651,29.21942198
32.58126193,29.13403482
35.92585783,28.97534175
30.12346324,27.89103712
31.23479672,30.45711562
27.5723417,35.71516232
21.4725982,34.79779563
22.68144912,42.3622662
30.3902247,27.13066425
27.12122646,18.71727438
34.57890053,33.35872278
22.04566002,33.20175998
31.91469962,24.97520408
29.71315198,31.4332314
35.02996307,35.20735736
28.74079686,23.44834649
32.10719868,35.90316304
29.81790825,32.27371884
31.49809486,31.26686753
21.43922174,41.16488581
29.8788609,39.79803251
35.63068818,21.18049961
26.9275672,21.3029183
35.59344111,27.44660424
42.18887774,22.76989258
32.96571828,30.54148688
24.72664505,23.47251882
28.0811493,38.48907416
30.40165083,30.40493925
27.59584113,29.75168183
24.4471741,24.23339586
41.65993176,38.34480412
25.60751373,30.83556123
24.86476151,17.04806722
32.36118978,34.22139622
30.89126931,35.63972915
21.50440212,35.85819013
28.45941782,28.42948868
34.34654924,33.11793166
31.24680957,24.3886021
24.85075731,34.2530523
28.29706598,30.6440466
27.54254347,29.50448022
31.19731939,26.60614162
33.63668136,33.58434297
21.83123841,30.23673122
34.18089017,29.64241301
23.78583035,36.15619707
27.94877808,22.15884321
33.72388081,27.39956417
28.86861684,26.64712987
28.19379062,20.75277018
30.17994906,35.20355504
33.98938284,29.04886996
29.35888742,27.5492524
24.07190448,35.47758567
25.31836173,27.04619308
31.25361604,30.24476148
33.69153891,29.91001865
27.45199093,25.16410392
41.95663478,32.90257609
27.92461664,16.87739901
34.4062735,32.32043793
31.00070775,26.85329189
39.14314757,28.37166043
23.565987,32.09157496
30.70408419,29.07886562
31.55161036,28.03097236
28.89442469,25.14426296
31.95621641,27.32736758
29.34353477,33.22385387
24.7463144,29.8996423
20.3511935,28.42664174
32.34732649,27.53427678
32.10949668,28.41607502
24.98786549,29.10941677
24.46598923,21.75671366
31.30262608,28.1088728
35.39238623,29.20643849
20.82791067,27.21217307
33.83502284,23.66707427
27.65889101,21.83220343
30.79976113,28.78055281
31.06342053,25.87364995
28.18197517,26.20911349
28.14259284,26.39960818
25.64730391,25.47008374
38.84311275,25.99488384
37.11097396,17.70251529
33.78912663,28.92528196
26.4623425,29.62572944
29.05876038,34.11228013
28.10794283,37.99111678
20.99017245,31.2239963
27.70004982,29.42339657
28.03326263,22.93415976
39.59583586,27.19616772
21.73736589,29.39343395
25.04571184,28.44945521
27.87158763,31.44723689
36.35904068,29.93710991
26.18548671,26.76744056
28.82485003,24.48438032
41.50725511,20.15402522
25.22263616,33.322019
31.09312025,31.44105393
21.03331214,28.05459476
30.00190003,23.42323225
38.13355566,34.29795853
22.99277287,39.5675088
32.3609459,30.8293269
27.80282438,32.43749802
36.18398722,34.78290637
26.99546296,30.06805779
25.04577366,29.80332043
27.82647016,29.31909808
33.81369548,27.97693092
24.55763827,31.46937646
37.46245481,26.24463743
32.37224443,38.53019228
27.24656281,24.29709105
25.43761951,38.90766287
34.21784848,32.85792661
17.40426139,34.2792095
36.65597306,26.33009852
33.50294964,31.6341901
25.71303128,28.38821504
27.21193322,31.89777761
31.92488608,20.43489693
32.59055748,34.48440978
25.8059104,28.30951761
24.12419009,26.36069725
29.30033823,34.40557622
35.04514884,25.73815975
32.40623272,29.26525708
27.57631539,24.99402069
35.1127235,34.74932908
28.70004877,33.49098623
20.45323325,30.37179078
30.36943525,34.59038924
40.44466876,21.28358467
31.41316901,28.70149441
32.6278605,33.06084855
40.20651138,27.4691302
34.5480998,33.94628317
35.85579126,33.79786109
35.8652742,31.85575315
32.65408893,30.71055335
32.9983287,32.28401247
34.71403157,30.16655072
25.67661399,27.54349857
29.32808773,27.16803346
40.25928688,24.7741991
29.19473479,29.91575823
22.18856538,22.4701651
26.07102307,30.22238253
35.6855427,31.56591321
19.13596807,26.84432125
37.40874412,30.99808119
23.85038884,39.68904868
35.51671599,30.67947122
20.9261901,29.72432062
19.22665898,34.82413023
40.03151173,26.58595185
29.28890211,30.25214447
27.60743189,34.86253952
35.69509034,26.84155975
29.24976299,36.30731246
31.37891434,29.8143822
28.36062256,32.09419676
28.59064949,26.02297141
24.62923988,22.91890286
29.99258624,27.42345346
31.3299097,28.82258953
31.98719325,26.69804508
23.7893306,30.69549383
33.83376711,35.67739204
26.04742407,26.66298491
23.98387105,30.07756956
21.95204787,25.45026929
38.07302516,32.37232159
27.64101051,24.82934245
36.62103895,31.84339035
26.37421278,33.28478259
21.73331445,20.35695798
19.90554389,30.5849755
30.42968554,32.14421074
33.98991146,27.58680849
26.38525783,33.88789034
30.39459607,35.10553065
24.68398888,39.29443313
27.54149683,25.33968761
41.46582343,28.10370025
20.36690521,29.15312835
34.76476082,27.99620914
31.74018255,33.12969695
25.75844713,21.89406399
34.02143748,31.99821665
24.71106281,28.79489665
21.33755717,28.33946803
29.1245952,31.970268
36.10220555,26.75839591
31.77640198,28.72782288
31.00136308,24.52033531
32.76030612,24.48985369
32.06731545,40.89220995
36.47131777,26.83529712
30.84697078,26.03586445
20.19377478,36.40123684
28.91607704,31.1377708
31.37583765,26.69650531
26.02844453,26.75313753
19.56682648,32.72280765
26.46145488,27.18341206
35.86917303,33.6997238
29.21173667,22.06766909
28.13513528,35.34900484
30.19696909,36.49512462
30.44885581,34.67265237
24.99060788,31.09728683
28.06205732,38.0379832
38.55034538,27.13989245
29.84354608,28.43547166
26.39074278,28.41456694
25.74829531,29.72230744
25.19001894,38.4280821
28.68425495,28.52399057
29.87702418,27.13367409
22.9794009,25.13238788
30.06332131,29.8750365
34.99989317,31.330577
27.47097189,22.3974175
26.43476173,22.01676352
42.47340073,29.44104034
28.18136131,32.04444948
20.98263078,29.2027764
25.54385987,26.26422243
29.64790659,35.97414587
37.39307263,31.88721504
29.15646631,28.9406904
24.39143249,28.80793196
35.56936308,31.19783304
30.92131582,33.49072278
26.9259351,28.26995826
34.74177272,18.53588958
23.18911383,29.02070686
20.78231068,33.99953429
27.23918219,27.75928799
26.24077114,30.80998484
32.67085328,26.55697867
40.74790249,40.06021759
33.52287806,30.37747355
28.7126208,30.14367069
32.96521706,31.96985047
33.4045542,37.28807039
36.87320797,39.07614978
25.0145257,28.84346397
40.83170046,30.33637063
29.48018816,30.45700394
31.11587358,28.31229751
30.18852438,29.9335748
29.65582677,24.40029883
34.88297871,28.93931935
30.72038895,27.6349871
29.23907131,33.47664066
21.4609586,23.18131555
24.89215882,27.26844116
28.29380919,39.68035738
30.09640519,35.01712791
33.2737225,31.99431205
38.82229099,27.65064632
35.84336101,31.48350696
26.47169859,25.76777648
32.82382808,36.26628032
30.22154249,33.05569488
28.45945308,23.54204642
30.99000219,35.65328356
23.37162514,36.43619034
25.83474228,23.68491344
26.74041728,26.83491354
27.73575307,27.1877932
25.89281912,29.74230443
37.71603085,30.89101253
32.02794923,23.768519
28.87794799,28.13069692
28.72166229,29.49835847
22.15146997,27.93298813
22.39719891,47.23576481
29.46481683,33.97601485
31.14580079,26.92614139
35.670184,27.94772955
22.71597134,22.37823405
27.43107709,34.12015872
25.02746419,29.12912143
27.55778422,21.44144961
29.89791896,23.04704883
30.90355476,34.90692936
31.97085886,25.1482329
29.66993833,28.67029641
37.14880327,27.62986816
31.43144562,30.90219115
37.39945534,31.11546913
24.691119,27.97601911
30.80172478,22.8375982
35.07152995,29.58582628
34.48623804,21.41698387
39.33681002,28.91164401
38.25087444,29.38602422
28.58127614,33.35189513
35.2758347,23.3668497
23.2530574,28.64022509
34.73034441,26.54860188
32.67253502,33.48185923
27.71918445,22.45268843
30.75208898,29.13224731
27.86003287,34.41306726
33.3450989,34.27826986
23.55040127,30.60785467
41.60198618,33.79313647
27.50796522,35.0383821
25.20006137,26.36795895
25.61705593,37.20289256
35.14575846,39.60401349
33.35157362,31.51590548
29.16442332,32.09969365
30.03963542,27.84772749
28.10404398,31.46788004
25.69969762,34.9858462
22.71425189,20.83126271
27.51706219,40.38005392
33.77165596,33.66129655
22.97518484,33.03969563
25.14689917,31.82296768
35.8025854,29.07477099
27.21737988,33.9820715
38.1636624,38.48069656
30.29789673,31.54036883
25.42649722,33.88877968
26.76590541,34.33325417
29.20628516,36.17753202
26.09287108,35.97812634
25.54488728,34.42926457
26.3756453,32.11067367
37.19597195,30.98383594
26.07380681,26.98917379
31.86288512,26.20496808
28.23505015,32.18704203
30.56271475,30.99795626
30.98105903,28.32617193
33.18728211,25.10286053
31.03970213,26.98925319
26.31785061,35.01348599
26.2104255,27.88180245
30.87597669,25.21915651
27.67798923,13.02505827
32.5598298,29.01448697
27.16672138,28.27320386
23.6689786,32.15499384
33.5448706,26.6673254
28.75619647,38.18034454
31.16666408,24.95544172
22.40976836,25.40888155
36.89972961,35.92055978
19.84383409,33.82551915
30.10579856,25.67362057
23.58249354,22.28571128
21.79413605,38.11192309
31.86680554,36.4323322
32.94351559,33.41128277
35.81217066,33.66673643
38.58659694,30.17242515
27.74247963,29.42271023
24.52807575,30.31566642
20.21931829,36.34688694
27.25275286,19.25135726
23.93544719,24.27051621
37.26359325,36.54273671
35.17241827,40.88101956
38.09811288,31.32712637
28.22761359,35.49215567
37.07458219,33.7538251
34.24229411,31.56522693
27.59087069,33.13565805
24.11672689,35.18726793
40.15662015,39.88199258
17.80889787,30.29290756
21.79871334,35.40666075
24.67721615,31.41645201
31.02243036,32.99969886
23.87659978,27.7550594
26.97252765,31.74175882
37.60407661,24.19057673
26.13557054,25.83371474
32.53262962,41.59574247
36.07688457,32.22488761
28.22262857,35.00616021
23.12437529,33.06902975
31.93421989,28.48292273
28.96566194,28.97131671
32.99042307,33.40207072
34.65269061,25.1982835
29.09234972,26.85663214
35.84057767,30.14708724
35.26160752,35.6596146
27.44141368,33.17543529
36.53711823,24.36075254
32.82356042,29.01604694
14.99149267,23.88065294
26.79798884,23.8689631
34.06645708,28.99276951
32.22283291,22.34403705
23.96664045,29.62946613
36.50851271,25.89434459
27.38513427,28.04045214
35.42374185,25.94774794
28.85382715,31.25512936
24.73311328,25.47111312
22.62164683,28.48943718
25.56796276,27.23183272
41.66468835,27.01116871
38.4468466,31.80321667
25.33496791,28.39078464
29.21817869,30.64375102
28.97749944,31.95262768
30.04155798,30.13965421
27.23533735,27.92364803
33.42875742,31.88472776
28.76442975,27.60225035
30.09343003,25.70353492
29.43025949,27.00953946
28.19382619,33.31435796
33.81219235,31.67257034
25.8031595,28.78107804
37.30381447,26.38288728
26.99447279,25.8095375
31.75847715,32.21030395
29.86049677,23.99652762
23.27160173,32.76123595
27.65811354,27.00007672
32.29094362,36.96164578
25.89698434,30.07141862
29.99935402,31.97328366
36.37927487,28.16642913
26.54777032,26.66064983
30.47296931,29.11286035
24.30076158,35.141674
26.04762071,32.22148708
26.25959531,21.50850267
24.49547372,22.7559805
30.47632888,34.07385115
31.94569438,29.1974451
30.14214838,31.15627753
27.51571105,29.73967682
27.29107068,22.40744649
36.1807153,34.17342905
33.67491251,29.31533776
33.66612176,35.64080493
27.31891024,28.76326076
37.12594203,19.95556847
33.40474304,28.82349992
28.90585803,33.92030535
26.39011263,33.68594873
38.20510155,26.20941192
30.63411796,30.86662248
30.45589053,37.73443271
30.22180771,33.75896684
29.4910479,29.60115714
28.08477196,35.70903716
25.27007321,21.4317432
26.81599726,33.6697224
25.15967722,28.44890215
29.07597457,19.43247993
32.03241475,29.2232002
31.51842635,27.289904
30.63807269,29.04003349
38.70495645,29.05422531
24.22912319,39.24745125
41.08036414,38.99045858
27.03465315,26.86218608
30.90366021,31.08265093
31.74564901,32.04802559
29.08176786,27.76188681
38.62012466,26.17536635
26.11627805,23.7386345
31.1764459,21.76818906
26.03970308,32.34632141
39.32380153,26.93329204
28.63888961,33.88844581
32.558617,26.40448055
34.04226858,32.42041032
39.94944414,29.73808166
28.11898268,27.72056709
26.47779478,36.42949887
38.78153908,27.44780269
29.86338461,32.85370732
26.65588594,29.50641659
25.47998644,32.16239072
34.9981408,40.62043323
9.993031776,38.9621451
21.8444749,30.96644853
25.95230679,29.71879393
29.0512221,26.88281783
32.42547301,23.83713734
34.3562062,37.56227029
29.91365936,34.97325033
29.55534811,32.29454757
27.76647535,30.04585948
31.37075051,30.71742253
35.91540036,27.22007201
35.76472134,32.96265451
28.86564364,23.87836723
29.14007852,33.16495819
29.1174732,32.19787715
31.03897956,25.15585425
24.35650638,33.85172019
33.3974889,20.73215171
24.5321905,34.27886206
30.13736011,33.65862025
35.98921059,34.63211041
33.12991686,30.7008155
35.91243275,32.71422718
34.86581526,35.24418564
20.93148988,28.11328134
23.79145216,30.92246149
35.48038362,25.42901335
34.74347972,36.89762657
27.88765439,32.85525959
44.30105078,20.14871655
31.77703834,31.34618468
20.52594311,30.46947815
38.08534225,46.43142476
30.09040827,31.64397126
31.7853522,26.33907252
26.55337917,32.04464266
29.62055469,28.47857899
20.42568192,28.25512183
32.89662102,30.86089938
33.45651527,20.10042123
29.47520079,29.58655242
26.21057785,30.74974742
19.80739081,32.63095663
31.98174426,34.07898165
32.98792162,25.05869053
28.48525405,37.58235159
25.55480738,35.33215531
20.87808715,33.77491805
36.01151139,29.87615846
31.6814726,28.10855427
38.10502614,34.2886644
35.84727494,26.57913798
48.07817347,36.74215263
32.64367014,39.28167343
36.96428918,30.39194456
35.36377333,27.12059231
33.16076949,29.89306042
30.78474312,29.88649036
20.38581783,31.73389443
32.34738373,23.91754925
22.01874022,25.60943872
34.47507352,36.75903692
26.06887663,29.29658474
22.76465172,29.5180059
31.6766962,31.39956379
26.67189956,36.73352535
33.13230457,30.00297783
23.29200054,28.17597506
25.09157913,28.84666802
22.66547432,33.08388386
21.95746291,28.12440302
33.86396231,39.59000163
44.35689031,20.88769384
27.04214125,31.67760059
24.86620216,22.88009017
32.09943681,28.74273185
30.28383311,36.85534464
30.67406656,38.14730673
32.21344472,30.78110968
26.40436594,26.83807884
33.35486858,29.77127094
32.69326354,34.78836004
34.77198256,23.0968275
27.94851649,39.69639574
32.84801936,29.1180898
26.25088321,20.9910004
26.96377776,31.83031163
32.13178673,34.56041145
24.88647693,31.56598945
28.78255034,31.69668847
33.81387622,30.3416133
29.86063324,29.39106748
24.21086451,27.22523419
27.68889375,31.22573605
38.13608646,26.68690745
32.62818203,24.25820647
34.54279612,35.17058757
25.38996679,28.05981289
42.40094188,25.5824637
19.98394157,29.25740443
29.12589421,25.24437113
26.12032071,20.61645248
33.2100069,28.15336439
28.80500444,32.52045531
30.27027403,37.46655721
31.27673714,34.10067097
20.46021455,29.46783211
25.19482959,24.98290836
31.22174001,25.99241392
30.32723195,26.21590617
31.20826959,26.46815307
32.6121537,38.01864717
24.90970712,33.37150415
39.41598552,36.88610583
28.60025415,36.25244522
32.44558846,24.07623581
32.4312718,23.1600378
39.17121116,21.91687036
22.3654242,25.93327966
20.35883845,33.90627182
34.10606931,27.21617818
30.45440787,37.01857723
28.15027799,21.55059346
31.04958165,32.13296176
40.30419063,21.78363277
23.42320461,40.02763722
33.51801761,21.85719947
24.77564735,28.14023335
24.52084318,27.74719212
24.06093094,35.68736438
34.21530428,29.31414112
28.84888263,28.23124805
29.02369517,25.77996028
29.51326517,37.80481624
21.91991209,38.97950669
22.19174979,31.31089413
34.23371654,34.04784598
23.55619357,30.72897528
29.48356747,32.40245594
22.94448094,31.42730622
29.13140355,15.98150254
42.7939392,25.58188422
39.44552439,28.05806775
31.40174698,34.5980085
31.0846256,17.74494283
29.56470494,29.42960247
33.22672263,25.3044228
33.25575722,23.07834217
29.54949571,26.88588843
30.11051153,22.32655818
31.28406059,29.47298122
27.12303162,28.8447043
33.56573984,23.80330008
35.81774571,33.76489544
38.73800659,25.93931896
32.92582267,29.77507321
29.14628427,21.43856372
18.65374878,28.77550454
25.74015229,24.76114789
29.28256256,36.50095256
31.82602369,37.62140183
30.15228191,20.3231349
33.39787279,30.53441632
18.10433684,32.75282796
27.58212094,23.5561105
28.72118386,26.59080372
26.99477557,32.32604519
30.62258915,33.77080429
32.59058107,26.19914654
24.55668221,29.73920183
27.07730905,24.77759154
35.92304516,26.3081985
25.6585505,31.86604051
31.23821216,35.49707197
29.05724261,30.222174
25.59331511,39.38889819
25.72093262,26.50936467
24.52825027,34.98621023
31.41892244,25.44042839
32.72741726,32.06520153
35.16965445,31.66485531
32.58362488,24.27949406
25.91568968,32.89682722
27.78150524,21.68478202
33.74879092,40.84100857
29.26254149,21.29063014
30.98419587,30.60975446
31.61003927,20.24610576
30.75541873,26.89224182
33.18542593,28.68199574
33.85119572,28.70904362
33.61152439,30.53330736
36.3027025,25.7584774
31.63272389,31.78706094
23.1515843,25.20234607
28.67014703,24.91330263
37.82980887,30.00270698
30.61500691,32.02690581
27.24620329,34.27746407
32.9826415,22.05975796
28.24744974,31.65057625
23.56593729,29.0724349
28.36479469,33.11463609
34.1499105,34.0968345
35.39564562,24.30153103
26.2361068,33.88934995
34.54016286,32.21118664
30.24158246,33.61205912
24.49959163,33.31822476
36.88184879,33.10993669
32.62680034,28.1030824
33.14753031,30.42892579
24.29719597,34.27737279
29.23765682,33.70154695
25.39980432,28.57180261
25.53330676,31.61289057
22.76877837,24.02722594
29.98974751,32.71936455
19.26510841,23.03132193
22.34130696,33.78380285
35.47542446,35.3090033
35.20995329,25.61433511
33.12786621,29.81388881
35.5119571,29.19081369
40.92817199,37.32725422
31.37586494,24.83393526
24.21128028,34.62131047
22.25318856,29.20287744
30.17273667,25.90719382
37.57504237,30.3622345
26.60202041,17.23319325
29.50281128,24.10214228
29.26629197,28.12216718
24.80079113,33.73798765
28.01373918,34.00690944
33.23392529,26.39327796
28.95286831,31.916345
30.15476228,28.74308026
28.09251195,38.74939304
33.77080771,21.56189844
33.88148984,23.14807164
24.19507128,29.87481767
31.90796172,29.01952008
23.48269041,27.69268418
27.29273166,35.70025375
28.01829802,29.82242692
31.72740689,30.68640973
26.97647841,29.02121247
29.69314863,31.35866707
32.17187314,26.653691
27.32138333,36.75838346
32.57199644,28.15223335
35.17880293,27.18792654
34.1855465,26.41807309
30.19752891,27.94174399
27.38896133,32.26991461
25.40636183,34.12255751
27.50374596,34.68356303
33.26765314,22.23633074
29.71649851,36.34837557
36.92636733,27.1547212
32.01218986,41.36591363
33.53716917,12.66686508
33.81375236,26.26483524
27.06578498,30.77772229
30.3372237,39.01293719
32.80653217,27.82352559
26.84345162,27.85788964
27.870405,36.99566227
30.65459891,25.87280349
35.51626512,28.97879637
27.93908303,25.93182226
33.25426438,30.41826663
29.54003567,21.49966896
33.98215374,34.93520382
34.59009798,36.56314553
25.46889097,31.7274913
26.73107268,26.30679939
35.88658837,30.60937061
24.80701922,26.05693523
28.73875507,35.06694349
32.59371333,26.1357296
34.85065636,31.17778003
29.18035086,31.61572032
27.43548795,33.57761452
29.82939571,34.68363374
38.21060169,25.09898742
25.84454666,36.1095182
17.64989582,27.61451113
30.16525965,18.06491685
34.0540624,28.61245376
29.86124222,33.9051409
32.14144708,33.84900464
29.59444541,28.43847353
37.65024497,29.53710462
35.03092675,40.31059187
33.57803111,35.80200872
30.67460191,35.06582473
31.96258567,31.99068394
27.01382242,33.51620744
30.25796404,26.72984611
27.83435513,26.39027062
29.90659064,34.48586815
24.92294776,33.64047358
38.76232347,30.23224868
26.66673981,31.20313708
30.31188882,38.62181338
23.91853477,29.49707653
27.7412289,34.44645682
24.59948438,31.51976311
25.89016412,26.84404046
22.58398539,37.0892772
30.96661332,29.62798473
22.88359135,33.20780052
32.36239421,29.15845253
33.92011617,36.62377013
26.3925421,29.23662397
40.15693005,26.45751565
35.44748156,29.48081964
24.79539852,31.08700716
33.95722931,30.63667636
25.11654875,26.70876308
20.66810973,25.78062981
28.21226583,30.05288779
29.94748342,27.85068009
30.45502703,32.51946233
26.03360626,26.74406318
34.82948327,31.18783689
26.29217172,29.43354668
24.8439733,34.27688605
18.85352933,39.01066211
30.69637315,33.17031768
25.22157646,28.92295651
30.54039482,25.6782239
20.93211975,42.97841984
22.67289077,30.15278812
26.67040772,30.89390717
31.57167584,22.03861398
27.28443989,31.01533098
42.97516222,20.15901224
29.23095261,29.85762793
30.83273278,27.37801902
34.37711122,42.61112505
32.49698483,36.1234121
25.88596333,33.50605768
22.29400125,27.91372547
24.79102048,21.89563744
32.15976878,32.07177314
29.79652997,29.22935308
38.36725703,31.34772591
31.41058114,29.7120476
31.71504016,35.4328875
33.0797289,29.07782951
31.00355774,27.87886768
28.71315173,20.93239049
24.35014768,29.44674275
39.37605579,33.37000855
23.75658901,36.98843888
32.62235934,28.571832
22.01955576,34.615962
35.45734665,34.96934802
26.60641576,32.2499782
35.73526629,31.81724734
33.89841708,30.50385219
20.88475049,36.37644473
27.14590757,33.00697044
29.43795354,25.98208335
23.27694712,29.53065613
36.61087798,29.50181604
30.6982684,27.12809495
30.7139652,39.15537758
30.90227321,32.26104015
30.67674341,26.16103799
27.70382338,24.36194179
32.6007867,29.35914959
29.76168412,22.43720618
30.56412717,26.62972932
38.47264106,29.16129199
31.79815641,31.0155718
23.36086713,34.96201979
30.14812616,25.04646731
27.33951262,27.22583286
37.52845763,38.47570646
32.7957649,31.34756059
36.587047,28.58304951
31.07113452,26.65888978
36.14383271,42.89139357
28.42991975,28.48272469
34.85783623,26.50185994
32.51166103,32.0381337
27.46253802,25.92862384
26.78766695,36.82064949
27.72196363,28.06511805
23.10471229,21.94271179
26.3689086,15.00231337
34.76261309,30.19072649
41.74177092,26.23549536
29.65834492,26.29118639
32.58867226,37.94417396
37.98649959,23.39563009
28.9751641,21.61926983
31.33589775,36.46629046
34.94930578,27.28326261
35.80190305,37.07128909
33.94490523,36.13573669
29.69750938,35.72817433
23.91375577,29.34531527
33.16101347,28.24860018
27.17883348,29.61539287
37.54832473,29.16554891
43.18112055,29.562686
33.0440138,32.80112835
31.33981502,27.11785631
32.11514927,32.45665032
33.77448566,39.02971478
31.93413851,32.81728067
34.97783421,26.25501289
30.40850016,25.11625729
32.81241991,34.87598095
26.14552975,35.48742374
35.76246983,35.17446628
26.25792094,34.87682661
29.65864542,29.9042694
37.45597055,27.88155662
31.92767993,34.46820314
34.07430836,29.94663308
27.82841131,27.63330154
27.5397283,30.62084624
27.62118018,24.67693224
30.61015821,37.31394131
28.80191263,22.82754426
32.96458638,22.68664895
37.98311922,35.23007185
30.62148432,27.64210277
29.30829522,28.73602496
35.08529059,24.81382471
26.78345554,32.55782427
32.40316899,32.851075
23.73424142,22.23471227
31.33577091,38.35773158
25.28646012,33.13414628
28.51777049,30.94619231
31.33012483,26.53989267
28.05234336,28.00200922
29.26292301,38.05515757
25.87497808,34.6379935
44.03231035,30.09772885
28.75992071,22.14605925
38.24191829,25.89806392
28.28571738,21.64931897
34.1996606,36.76079779
28.57812506,23.03241549
33.49752561,26.98520765
27.77590236,38.89981424
39.23767022,30.50064397
34.66889596,36.65215015
24.87396266,22.87157169
34.42992449,19.98106676
34.30051601,31.56342006
33.43345018,34.45931061
32.29970542,28.67189991
28.56843287,27.74752212
35.0179185,34.07249941
30.33665396,36.78513351
24.66487441,30.36792949
34.88550996,27.45779683
24.01964951,22.62350651
35.50631122,31.0995092
30.34161593,26.66775672
30.22351271,22.82733148
32.50790051,22.56532719
29.37983276,28.22649205
27.86168974,31.41156531
33.85338626,35.81393132
28.2338475,34.68986418
25.70246244,32.5743389
30.9795582,23.25197068
34.08085438,32.55361016
30.77370518,21.27930263
33.17820736,35.68813367
27.52920627,29.34360602
29.67994372,29.5824421
22.48664131,34.57871684
27.33147053,37.15323707
30.50215414,22.98440298
32.42377211,47.85482078
31.55445504,34.80193471
30.29025117,31.937328
26.9193208,23.50134941
37.48997912,36.31081186
23.10104552,24.38114438
27.35684605,33.15315597
27.19897046,29.16983671
25.55109703,35.83669189
34.70022455,37.57098016
34.74328668,30.11562721
31.55259116,22.97727766
32.07794428,31.71289299
28.27970537,34.76644969
29.55156428,21.05017403
20.73642072,29.27750363
32.84887541,29.77852035
23.1479003,32.55446112
17.3231024,26.47590055
29.84124648,38.3707134
32.41729429,29.39049389
26.84778419,27.42535256
30.27202789,27.60336279
30.05450843,45.89812382
33.02894052,27.61176658
30.04363684,26.71368546
33.97094671,21.29863524
27.52654576,32.1470315
30.02092541,27.82652864
24.73905891,32.92727281
25.40158185,26.80746352
24.26092288,28.62696324
36.41464173,29.73684121
28.2941841,24.54413667
35.11462715,29.59008369
29.72014616,39.35168383
31.30397339,31.85189821
24.03225469,36.9903755
33.41681466,27.24925263
26.73377251,39.51630586
25.60642915,31.36274537
34.73445413,13.06885738
26.28486101,19.94938226
35.04576145,28.67183082
27.04018398,27.19764442
30.90436201,28.99202964
22.38193293,31.17977157
37.00337376,23.76995524
30.57839384,25.52529822
30.49658974,28.84904627
30.04627537,36.84010677
25.5472498,31.74661857
34.34182537,35.09669193
34.07991732,36.35844064
32.65656879,32.43382545
30.4172225,24.60138212
35.02344513,27.55945668
29.71198988,36.52064697
30.10853248,33.7902038
36.48857429,24.54555456
25.25577709,28.23230179
28.63658344,26.39856691
32.94623138,32.02817396
23.85408062,40.02449925
26.84071551,30.93698916
24.44792971,24.71777707
30.11559713,35.21873835
33.76169292,27.78573037
34.99768697,29.50086402
23.50488366,33.05697943
28.4103885,34.77598914
22.36550329,33.39034669
41.62628981,25.23663172
31.08826209,23.85015297
35.55559752,28.44154494
21.43882361,23.08004286
30.12878636,25.59735882
24.56853486,36.09788691
21.04876624,25.6007565
25.49304851,27.10256879
29.66254645,35.11156232
29.64452229,26.71732515
26.90955899,22.56230612
30.34625342,35.43258406
34.95081475,46.30764369
26.38420659,23.726587
17.2022238,23.13467852
31.51384646,30.81529924
29.29663678,24.514122
36.9943162,24.75781644
29.17805762,30.49446162
28.23552813,29.65651816
29.03445618,34.62776615
23.4550339,32.49637454
29.38842998,20.59916685
23.92940803,26.18979756
40.16127096,24.84596727
32.33599402,24.62509368
19.45231797,32.14384179
28.23750111,29.77998088
24.38085392,25.9728795
28.86184526,33.91106544
33.73811573,32.29488176
24.29310622,24.52608699
37.69321115,37.77713679
24.69915957,31.85056177
32.00369618,33.60181807
30.77246092,36.53178405
34.54364592,31.08310461
30.25122446,24.50412603
13.81036125,37.94111602
27.94219044,31.91746296
34.17420375,32.51846529
26.26898268,22.60538267
31.01005689,33.13624957
32.61886002,38.59144514
31.6484527,25.86805797
33.17168723,19.18082627
35.86011619,32.47896991
28.67269578,28.96386798
32.78324018,28.76492634
33.03869628,38.58842302
28.23323408,30.04131951
33.27555164,35.26572305
39.36715841,31.09668408
27.73887406,37.24871905
22.19985045,43.78436948
25.94492082,19.97941485
27.87687058,29.36742548
26.37905138,27.89718574
30.97510306,25.45736703
30.30478351,32.02044994
35.96430247,26.6139585
39.51094281,29.83713983
25.72476481,30.58543269
34.80840448,34.79024377
23.65118102,29.4071244
31.333949,35.10467954
24.43678076,33.53863547
21.79882873,31.57478357
28.44816774,24.9618637
25.74141335,42.84879239
26.75610209,23.27870063
32.73230238,28.56007963
35.71722196,33.27086459
25.39118491,30.21308252
36.85472067,29.31772855
26.99096344,28.95265804
26.480828,43.41300374
32.73404465,30.60748452
37.81819551,33.77429618
26.87471432,34.72564027
31.83334554,29.51708485
30.77487293,27.98355354
21.46314739,20.98089583
30.33132647,30.42580012
22.31966917,35.20081781
19.93424498,33.61037479
22.26840952,32.23810944
28.01157699,35.59869272
29.98989446,32.90859728
34.90712712,35.14389096
38.61216522,34.03341631
27.45320816,33.47121991
24.94662437,35.49317377
34.44768593,25.4624129
26.35190559,25.44484237
28.49026495,22.98622533
33.9130586,31.33657008
28.0868856,24.46684009
31.76522316,27.40837572
20.60824125,32.50792942
27.08717598,33.58742529
28.97505541,18.81696871
19.77400683,37.88137127
25.49286601,34.91806612
21.93065402,29.38555169
20.41373106,33.73952177
23.72969196,28.4238873
38.72452787,28.29067621
31.90269907,28.25610461
23.9071521,31.99251262
32.34754749,27.08326362
30.04147866,29.35866041
31.66911266,21.71363198
32.83988574,35.68925544
28.89451556,33.22127327
38.57448084,24.82350147
35.00902543,27.24423795
34.83582738,31.17442273
26.42787113,30.77241757
29.26547642,31.29231082
23.15881705,35.76322056
32.68641865,38.57159768
29.97710114,32.57176474
28.7027272,30.23011368
44.10193,24.67585737
33.25211818,27.73351821
24.49825986,31.32362269
21.49869544,33.66104248
36.42657542,25.3118054
26.15285657,27.55387473
21.49528088,30.76964079
25.35723705,28.8474908
27.48421598,28.37247664
27.21359791,30.97773154
29.31506571,27.51625043
27.56137115,31.81220423
21.90932077,33.00373307
28.6193762,32.74933904
18.91720214,29.97438841
25.51189535,24.38678272
30.67210093,28.88024709
36.27064942,37.00577101
30.93875607,26.5151626
21.20435543,32.13335763
29.24096904,33.17392834
22.58992208,30.2995954
26.44252881,32.58788273
21.74918745,20.69089447
36.02512813,28.15516599
24.8146798,23.73755339
25.06091137,33.41009324
33.76611691,25.42851668
23.92320447,29.65582935
33.32958059,25.62167834
32.565333,25.92851423
34.49422547,24.92467996
24.2222265,23.84564916
23.27353357,34.36848507
31.86523825,31.04602107
27.40161306,45.1646632
31.69726601,29.69794637
23.82260703,25.47097863
32.82871845,32.20973277
24.66540149,31.83509085
28.03086661,29.62679086
30.96507733,33.89734098
19.67851576,20.95642013
35.10973408,25.5136947
33.44192719,39.34424056
28.30785691,27.61872489
26.12648362,34.97720412
25.59668855,28.53123077
27.84668147,30.99200488
29.14322398,38.46632117
27.53801266,19.52431733
32.9410328,34.96248695
18.85154721,25.12859417
30.39213726,25.73474573
20.29357836,35.33090844
25.7004283,27.4035151
32.57231095,22.85580564
28.24520202,23.07993656
27.12183402,34.31440394
28.1940001,33.21313504
34.65327741,34.08937503
36.75987868,32.72930785
33.53144629,28.44031713
28.94791392,41.16270461
38.17114339,21.74917169
27.39965626,31.2061331
29.22812835,20.68386967
29.84418046,32.48608718
32.31383181,31.26386447
25.04743212,42.97264734
24.99740709,36.53391476
36.17472279,28.44163097
36.55190003,32.49441322
34.45660378,30.41410209
33.5434756,35.74043689
31.26220218,24.44245555
32.72195235,32.29778716
25.98266217,28.1003864
20.71487478,24.61531671
29.4839007,28.02119804
33.97019701,20.68581226
29.37823148,37.92341526
30.40184841,36.60732893
25.64159008,34.48692842
28.36981098,23.64221744
27.89897536,30.59224285
34.21576553,23.34920745
29.27226423,32.72155176
21.55681263,21.31823011
43.93473656,27.65086106
32.7459032,36.89606786
29.83908068,27.6306189
33.90223614,35.67082339
27.96923415,31.8581601
25.4492296,30.77127472
24.20601885,40.80132907
31.69514533,39.37785783
28.58222181,31.50190787
26.10904966,21.80020087
24.1768024,20.21128815
26.85377846,26.57827665
28.32067218,41.62768705
29.25849702,20.18702171
30.17533633,25.73528697
22.88503865,26.71993025
30.6039546,16.19885342
24.65840891,26.49386245
35.17732346,30.87524304
23.45067467,36.45527288
35.50324509,27.70892715
28.29481041,21.18567426
27.20622394,30.72876995
33.74622974,36.03408329
32.72137941,33.89920724
29.25117432,19.89072942
33.15823789,32.39477955
21.65676481,27.36744467
27.78935943,25.34214002
37.33278336,24.89920572
26.75568622,34.46726139
22.98760562,37.38291765
26.58025892,28.95336003
20.58086968,35.02793013
37.54540012,21.15733803
30.90056192,30.08064818
28.35924752,29.46965335
27.43148726,28.23404189
33.42574963,29.75647616
31.65718309,30.45059181
29.51102044,27.76267339
24.72166777,31.02264955
33.25326062,30.67425678
30.87966537,33.17474708
31.11701678,34.7790584
24.44599393,26.74885053
30.56081425,23.84114187
26.54928274,32.29154637
20.43399831,18.11379059
41.04408841,31.57704113
32.94214471,29.14252826
28.23632638,32.08974501
30.26813656,35.79986964
27.62182844,38.59926509
32.69736362,25.05623568
23.20976709,22.70809129
35.10461031,30.78850515
33.57581521,35.85895696
30.458837,33.54616024
22.84876763,19.71770294
31.16938857,31.80858915
24.9038323,36.83536564
40.23977984,37.78445271
27.0526831,37.06724168
26.98110798,23.27407703
31.50870435,33.24148184
37.52312515,25.1428618
30.72173015,22.93535438
39.42430921,27.15131105
23.70446058,31.9130828
34.89553351,38.53918468
24.46631348,27.87783765
23.18962252,36.81909399
27.7853836,18.81627973
29.2333257,29.0078609
24.45871622,28.90013422
24.61057703,28.0260461
34.46548053,26.96839401
29.984387,29.42874473
35.08236634,30.81478901
23.24907099,24.55558018
34.33141622,28.40560363
35.34525463,34.24946918
24.17565983,32.52218611
34.50372523,31.19199453
29.97672425,27.99596131
29.85115105,32.29667719
21.72494999,28.43176858
27.6177488,24.03953354
20.63940067,33.50654555
23.15228189,27.88737563
34.98400857,21.71817305
28.65815364,20.53456008
25.75953779,28.11818855
30.70433634,24.38773592
37.7775079,24.19213901
24.42750961,26.0944242
36.76206758,20.67809531
34.20102221,30.54728785
25.26993636,28.35916208
25.8225937,33.69205448
32.03524056,25.00006086
33.46795111,32.47959366
28.14949092,36.37888022
24.28756377,35.81070312
31.66415613,35.55638579
17.8786723,33.63466339
24.6388612,26.87252909
26.40643531,32.87072291
33.19647885,23.62490775
26.57990712,35.28535367
25.01381712,34.93481291
33.93870443,28.34401889
33.79511296,40.94845776
40.366349,32.36565839
23.96600035,34.49803218
34.12195543,29.07813204
30.32264595,33.90207909
31.45958382,32.66921696
31.56638558,25.93911951
35.42942594,33.17607095
35.16944392,25.01931999
36.25159835,37.93560099
30.96458395,21.33763295
42.69887439,36.70961064
32.95150377,33.32424399
20.9363146,24.95813245
28.38571685,22.39583501
35.73651908,34.67193193
33.6807578,19.25405355
33.25984705,26.47140575
19.43813452,35.91365534
31.71631359,36.98137313
34.37437642,24.19788297
33.18548378,36.82841334
28.67420602,32.3455424
24.05204534,31.62291029
34.85311648,27.19887987
30.68058732,27.6035084
27.64549743,17.85364888
31.51306501,25.1314285
30.98477637,25.81109979
35.95433754,31.39244258
23.39052627,42.35246715
33.19722343,26.05886565
35.5698186,24.51269365
25.62316782,29.34039916
24.8184301,27.99873875
25.92623657,38.11978058
31.8136848,29.00587913
25.49554297,26.01904191
27.05933817,36.2336643
25.31337795,31.38836536
28.42417024,35.7454251
37.72777023,30.79828065
33.51122122,39.18646604
28.7982425,33.12392531
26.44680653,22.01964108
26.87701806,33.1669643
24.38457477,25.84760444
26.27495454,31.63457135
37.7640902,32.01378717
26.97230734,34.06947119
26.30330731,40.55148823
32.40685573,24.96900914
31.07653551,26.90771512
35.29699826,38.83464449
29.90585686,17.50282192
30.56090094,29.82309318
34.8475467,32.52045972
33.90904506,24.04763768
27.41316712,35.71908497
35.12745391,27.11389038
28.32750726,36.53782854
20.73138293,29.24036289
25.12884284,33.15293995
26.27540106,24.30123238
34.38748388,34.78239109
25.75698568,31.86840545
32.54871018,32.85370722
31.39644119,28.06377612
28.01716841,26.34418954
30.28024392,27.44876581
28.83173679,30.71520156
32.73487467,29.11263908
30.53133634,32.61729106
29.87952551,25.70612643
26.86547115,30.70043361
34.2955867,27.98459377
26.059707,28.95570769
25.35837185,31.75560119
25.59645462,22.08021081
27.27868133,30.46912322
39.62133882,30.81370095
31.14002213,33.64348283
18.19848924,32.8495971
31.78121845,29.15549053
30.76572326,26.80899327
23.11854543,28.85687085
30.43422795,28.20686417
26.10044123,21.67846876
28.81005199,31.00125448
28.96069511,30.8897349
34.72358127,31.02395846
29.87985089,35.59168976
30.34219524,27.58830522
36.66664462,25.6975946
27.50798781,33.16948693
36.09477634,28.31056909
27.03899465,33.46215297
35.03372832,25.85193333
36.71259286,36.89558051
26.90027574,32.92756507
32.7209605,25.92938816
22.56672492,29.41587848
28.83541081,28.6495816
36.72225657,29.13219921
35.19642772,25.32434689
23.73115075,33.91219827
34.10713352,26.67851513
39.11351775,22.67144636
34.92329993,22.28202529
28.01652585,34.44430302
30.6904584,34.3734114
32.55316327,32.7098937
35.72057559,37.08399344
33.53239285,26.5162843
39.53828216,32.31181352
23.94695315,35.10436506
39.60312281,28.90460155
27.14536919,19.9785488
28.5586174,31.05951074
32.89456285,24.9678203
29.71984612,33.40262715
33.19824417,34.37768428
32.4058293,29.05912016
30.47111354,24.67218674
29.99843596,36.04429805
37.35166712,27.25398478
26.72544606,23.41814143
25.02282441,27.44922143
30.80237569,25.07175248
34.3928854,27.78075845
32.01291522,36.60047265
29.13675141,31.37890725
30.39136753,30.26633257
22.86190281,21.88561784
27.66712634,32.14953401
19.48665225,24.6998159
32.80944122,24.07975242
18.66729623,28.40092226
26.47201953,22.9314782
24.92838816,26.32085167
23.9928037,33.38275515
36.54065024,29.61482439
36.92076072,44.81865123
35.45194052,32.01369692
23.84036599,35.95621295
27.5415055,30.03268532
22.20791941,34.29833568
36.81841337,28.63436848
33.26451611,31.18426507
31.67559067,30.8546012
38.0905239,19.70635931
40.41362663,34.55605589
30.34269634,29.3491779
34.03182882,41.50684155
22.33586847,27.86846749
32.41223146,25.76189347
27.03852854,24.48735843
34.66115015,37.29868911
25.55749098,27.26258379
32.80758523,32.08746845
29.81949401,26.458087
24.17792322,20.59418846
35.2902801,31.83996579
34.33485904,37.40731641
27.11680377,24.12558573
34.03238994,34.11834513
30.66962831,39.56244654
30.6815484,30.80687551
27.22564669,28.84656627
29.64480003,23.51596559
28.74655095,36.06424686
26.70354082,27.9209788
24.17745038,28.23827191
35.88426517,22.34323743
35.80930635,23.65615734
40.05872425,32.64887556
30.29790775,35.93765625
28.70298789,34.08398927
32.60532703,42.98686725
31.36844357,35.11312431
29.21207251,34.00431112
28.4232254,26.32086868
34.16340309,40.37824909
24.27732739,22.20478411
40.88240275,42.78536019
28.32149151,36.81514969
32.20655267,28.04308936
32.9525841,28.84112897
33.42550318,29.65858795
28.65192339,21.53543189
32.69254871,28.27960761
28.0833115,29.26354636
28.10315337,32.2811534
36.51595093,25.84144149
36.01498457,29.65110816
41.20095292,20.04218667
32.40122355,36.94205811
37.96853017,28.44701759
33.41263566,25.70147053
34.48940681,33.35182762
24.29107292,24.08122263
34.64043851,26.73900649
36.53998126,31.2799226
33.71807035,29.05898949
33.04562299,36.65272543
29.26532846,27.52525961
20.12630567,23.88068933
26.88245197,26.65366968
37.32750042,37.74602657
35.87651433,39.95354768
24.16799592,37.43735394
27.13532328,21.20289834
31.51934801,38.04478359
33.93409717,23.72330449
38.19528909,24.11701027
27.07341548,32.22557564
23.81037188,24.61564997
24.58860722,34.25912852
21.97229518,29.26804009
30.08125015,25.12256497
26.85843999,21.85373567
26.91333813,30.84706582
36.19124222,24.50163347
23.01162078,35.57167627
36.07241428,35.29677781
35.42903759,32.18985426
30.88588174,31.47424176
40.21498501,38.57558435
25.59575286,27.17571172
28.81426386,24.39041704
27.92882603,35.92110641
30.06485004,33.15074034
30.05216986,32.06006032
27.20130579,20.15449905
31.66648715,29.21196719
26.43021062,29.75346757
32.28727682,32.68730263
25.93449485,24.98813672
30.97949287,31.99005703
32.80640664,40.52982786
33.58335671,30.46213875
26.36539555,25.31538278
29.76621892,30.33516573
20.87245213,32.66536346
32.47262766,32.27302807
31.1231404,36.59683588
28.6071152,34.38583977
31.14606203,23.5465342
29.17081201,26.3547498
38.03605334,34.52730644
30.39731745,34.24037511
34.4156384,32.2265418
35.61965824,17.94302954
29.11149774,26.41332351
32.95665716,20.40155594
31.77595035,37.12942436
34.73614946,34.11961421
30.7345493,35.7919521
35.76920525,31.06970644
20.60971789,32.38876283
33.34904642,38.43329153
35.3531715,27.19872131
26.42224159,28.51343702
21.47519289,22.86568958
23.99173844,27.5170937
32.42266273,38.38563127
20.39476566,30.35606524
29.69852068,26.56910933
27.07455931,24.1710534
34.22433493,24.50507411
39.70817065,29.04485438
24.29614744,28.03040607
29.84794493,23.87614982
37.72851627,25.06424736
30.59006504,25.62380689
32.07923993,29.51266382
26.05533006,27.77682034
21.85912576,32.9187158
23.23372002,29.37231948
33.61580391,27.50095391
32.61407587,31.64763906
20.24548837,30.3101393
31.98135635,20.81610215
34.75998779,31.01167899
21.66229523,28.8376293
25.44977296,38.53066807
28.50004908,39.63658978
29.00314825,22.38224389
34.55290242,32.23443445
23.88479393,39.94094627
24.80554606,29.89600214
37.49360597,24.98856619
35.95375496,36.76485242
32.32553179,21.07576457
36.58608118,36.49079335
34.24765049,34.20206647
32.03948799,31.73101951
20.37701478,27.91754099
35.29441656,32.09660103
30.26341382,18.97580937
31.04796732,34.83889495
31.20909634,38.9060869
32.52853908,36.47027687
31.93551612,32.4775323
20.49266485,34.53668016
28.70731923,23.9737934
32.88142468,32.99630011
32.94821284,35.61892443
20.88770409,33.53392995
43.87669254,31.80839026
25.84724436,23.2335917
31.96556003,38.39294926
29.53736568,25.69371518
29.97686136,23.9239983
39.12142177,28.20274253
21.86726524,27.642655
27.46680283,28.35439792
29.25100589,25.7359903
31.12312024,32.82377454
29.93703842,31.25127622
25.36528006,27.48634128
29.22627497,28.67179753
28.89381283,24.98659114
27.41702926,24.76441213
23.8736955,32.82440877
37.86249754,26.93119685
36.68202477,23.73713294
23.16753356,30.60682149
32.05856175,30.42123014
31.62608067,34.48263721
26.27722813,29.61698397
32.15652165,23.1365779
24.44734846,35.10295444
29.8206943,27.95982222
27.61235736,31.54421238
29.28396831,27.94198135
30.73316448,31.67145148
33.55046819,25.88309829
35.57515729,31.31662566
27.84799775,33.7176583
23.18955549,30.84012469
28.32819041,37.20955715
34.78377721,19.71973035
31.95164397,38.41295939
26.48078037,31.87263626
21.17798781,28.25083105
35.2658044,29.98331947
31.23050582,36.71242544
40.01107617,21.61324679
37.12016096,28.69941585
23.1139745,26.6597039
36.87135261,37.94673836
29.95540911,23.79215691
32.34898768,30.05350821
35.88485611,33.0909063
29.78100419,37.6714774
32.19278435,35.95859424
29.24080643,24.4111227
31.31943836,23.80522673
36.98607101,25.15614652
16.7952068,24.70825968
24.71000527,24.7380759
23.87653724,20.74510129
32.83709488,29.10422705
38.27107799,30.40671617
25.16313107,33.55050121
26.60395278,33.79076767
32.86446797,38.61376649
37.47264955,26.32593133
25.38822518,22.97126508
29.99407937,33.02749193
32.40814352,36.58210341
38.35996869,21.47184152
34.94774878,37.63558937
32.81835608,30.90877805
31.69357979,30.07916847
31.39494731,27.86770666
25.50571911,25.01425003
27.29501443,27.27394651
28.16737457,36.42929914
28.01894934,31.97497331
32.31257053,34.37616571
26.34079524,32.71776288
23.16483352,27.66684235
32.23189235,42.02897039
21.58998991,29.13842589
36.80716807,24.00887464
26.90658532,31.34074914
28.32595926,29.81518264
30.53789883,28.79185656
26.46355294,22.16163153
25.02570648,25.98221651
34.8488462,24.20244133
26.92743785,27.27584955
27.05045041,37.31777221
27.36220148,35.77526294
27.030318,26.86450243
22.80043904,31.90780151
27.39600155,23.40426624
33.23163303,30.02916437
32.86360582,37.70237802
33.27618503,36.42496994
31.24157838,22.56318307
28.88482247,34.92835108
34.84912676,21.25094646
30.3416763,41.69904711
30.11178087,36.12832015
32.66613992,29.51034905
25.78421691,29.57529319
22.89955594,24.77966503
30.36035126,33.56242096
27.80600332,35.71308241
30.59012461,33.65271514
40.67208095,39.00695979
34.76500241,24.99525566
29.08026469,32.92527827
41.36977913,30.55010968
37.68527765,28.63806522
30.33217369,28.54505626
28.29557677,36.07721773
30.319188,26.80348724
28.88191249,37.67994455
25.17594143,31.8316753
21.05413522,32.7571398
29.75866332,19.10983576
22.5134978,32.76435196
34.30026156,26.39634695
22.66598499,29.58160567
36.60539719,30.82531608
26.68814393,37.15331172
21.59825714,30.99597655
29.48859948,29.51980858
24.12386949,31.65686419
32.09070789,34.91969167
41.94450757,31.20134455
28.7536194,33.42875668
31.68719993,28.21599195
33.87814817,31.00195119
32.9286959,25.41477213
31.89999731,28.80870763
35.19659183,23.79235121
28.8154076,32.32668326
41.06481123,27.27820356
33.23825905,25.47367679
33.93369875,34.12673773
39.82778802,27.98939213
27.78043187,27.48759048
29.17398864,33.26201697
32.08025791,28.619246
29.64982171,28.55487099
29.02127328,37.3349123
23.13551084,32.38396354
23.78188405,41.68557589
36.98640068,39.34984586
34.78498199,27.13372014
34.77091552,36.31090556
36.09213252,35.19659068
26.57294205,32.51253368
27.03653592,23.71099872
29.63150202,31.6079818
32.77420265,27.31420164
31.2851672,34.26889413
34.46733013,19.47479021
29.53290861,27.08776052
40.25598796,17.78875473
27.14036035,37.42181993
22.02549311,29.9445306
23.73551403,37.0399192
26.84167679,31.1170564
27.51875497,30.17025491
27.87361384,33.20210127
39.14673016,29.85509928
42.06022078,35.62622989
36.30198624,39.72047505
32.33677016,28.94122199
28.97843505,33.66159997
33.62667857,36.93995407
39.17421647,26.83156869
25.96267973,26.63972056
37.05205273,28.92604689
21.18208474,26.58372081
31.58301702,25.83067195
39.09886943,43.98902648
29.16079834,30.12251412
33.44113339,22.97572628
27.13325167,19.18500068
32.80780674,26.03678567
26.88334256,25.50540164
24.1806717,30.25756769
28.48296117,36.15926696
28.20355368,34.85523275
32.25775389,31.53445692
34.18069022,25.90588488
46.64129677,32.84918494
32.62704721,26.25777703
31.76013141,31.01069104
25.24016481,30.79044605
26.35748992,36.4877745
26.76326887,33.09541419
37.36858366,25.03364812
30.75391598,37.63741164
26.28232694,27.15509778
20.2762434,36.15985886
33.61524207,28.78860172
27.41770571,24.76103558
29.49933153,24.31818828
34.81489434,30.27368588
32.29998543,22.13904367
28.99136464,29.82055378
38.28425835,24.35756157
36.29957595,26.46241088
26.92586272,34.83656046
28.03832565,35.76279698
27.78590473,25.16512265
36.60790313,33.13707599
28.94996477,19.72977359
27.91187515,28.44065075
17.97934198,33.60101969
29.37879045,27.33813618
23.45130662,27.32423964
34.60152082,34.08613917
25.84370349,31.63729853
36.03675795,16.09534977
29.78948902,28.55511313
32.60178761,31.18394074
32.05256682,28.13918575
32.61299235,28.16379245
24.34601618,26.80457412
31.0054876,35.19143076
24.88098994,28.96427877
29.5462504,24.05661936
36.90162662,39.58891464
29.2718251,28.93318572
25.23645294,29.62708363
36.12486005,23.57711578
31.33072038,33.66082874
30.71568721,27.27831822
32.13315188,34.68734523
23.07643588,30.25963616
35.75129684,26.82270085
33.62816151,36.3103612
29.37075002,24.99379273
34.922362,28.3474437
31.8965208,25.58438473
21.88950829,28.41435471
30.42323821,18.832259
25.71669896,23.35263335
32.20741261,31.12482646
32.24363574,29.9755507
18.27830939,32.83267093
25.84630669,22.0358295
28.47012364,26.17518028
28.46941407,25.478854
32.50339707,24.00343956
33.12580764,27.99278203
29.35125292,32.91622047
29.01258698,23.85796506
34.55887119,31.59473915
32.02273732,30.40561304
28.59565477,27.16418005
28.60213717,35.37376663
26.89278131,32.92328247
36.29780445,27.99339235
29.63523307,25.57310709
30.75877375,30.82811112
36.45245086,32.32512571
27.74499766,33.28949241
28.32613885,28.24898739
21.68516188,27.19972074
35.35205469,30.19937984
27.26261398,20.68331152
21.90119882,25.11545765
27.84550808,33.34330669
31.64548905,28.72017056
31.87623737,43.12282434
30.33687907,31.99585981
29.98252733,27.99428508
34.4556593,35.03292545
32.70892554,29.82579098
30.148607,33.89124263
32.19887684,35.79011508
31.52403305,33.70413965
30.10848458,32.75181777
27.13556475,30.82451177
21.93753768,22.94979024
19.54425883,22.60551716
28.33710853,29.69837525
36.85513416,23.45545161
20.88997354,13.5967901
25.68522673,36.21718943
35.04805465,30.87491667
26.7541949,30.22444724
39.66514358,27.77953903
27.54790749,36.36987482
40.14141544,31.36162451
30.49924923,36.05123308
32.56844319,23.14206583
20.52774328,25.78974075
33.30213882,32.14427604
24.74483189,17.34113091
24.70793038,36.41709515
25.93574238,21.2249896
25.66547528,29.06728776
34.26570205,29.82922105
33.45224128,30.1365768
26.77945905,32.29963037
37.0837119,30.094549
24.707201,31.75852858
36.82477539,25.07151664
29.71032956,27.24727734
29.13696421,30.06940591
35.29366154,26.48688154
35.57242604,28.97783177
24.96474541,25.10932453
38.81580934,23.26765903
29.20705851,24.44660516
33.40330392,24.60623461
23.54000793,21.5588725
33.67401267,29.21525024
26.44591246,33.11740864
37.23656501,29.51682899
22.24714438,28.18842868
31.78476391,29.47096925
18.1065048,37.07947024
34.90785733,35.46624147
23.80521556,30.45004168
25.9817773,29.20067219
28.6087961,33.32170665
30.10264221,30.44331291
27.36617506,26.99142724
24.20571665,33.00900731
29.22310926,24.28732735
36.15116201,34.13377467
31.86243358,27.43605905
34.1864046,34.52577409
27.5334715,40.87763437
28.34722788,33.71318773
20.98381278,33.35640077
31.81061687,25.43368918
34.60628725,20.09380757
26.61067068,31.65858484
37.83572289,24.5071614
30.99154583,31.04417764
14.32793016,30.09181266
22.9167689,25.10269498
33.54278441,24.63635988
28.17971663,30.59100597
19.2417382,31.21017673
29.33282743,30.80032367
28.37409003,29.88527296
32.26657656,31.90030169
27.54200877,35.51288303
29.88153913,28.94634344
30.03361021,27.94524688
35.5090876,31.48797467
27.9542813,23.61007405
33.62636367,35.81129816
34.45773782,29.21805478
37.64178107,28.66276926
34.40208014,35.64573046
24.9507997,24.36339198
29.98661904,36.967567
29.28466771,33.746783
30.13480176,31.54595857
36.50950637,41.11142671
41.23112788,26.05925147
23.01886349,32.39098081
27.51870368,23.90159988
33.5956762,36.01593126
30.65027661,34.14848481
24.05294509,23.85920945
33.69631044,30.37397862
24.00960712,34.83644776
28.71990149,33.622849
32.76568864,38.9784124
31.89865976,31.98731466
30.44436795,27.10427707
25.53338931,29.62043225
24.29278082,35.58641024
27.8424603,27.01153483
34.7098561,30.67712544
32.49335402,30.56721838
28.2086559,32.52922599
33.21570245,22.39043408
35.25789187,29.16173031
33.84401821,35.82540609
37.1585117,25.69657377
25.81680519,35.70646283
26.97980582,27.95580491
31.37027815,32.64293671
32.00247021,32.49635292
33.0461344,28.11327145
26.87111841,32.31773132
28.81012615,29.16901523
15.92730558,30.35215359
35.18040108,21.26223804
29.78181168,28.70804458
24.32938458,28.6776453
25.3202577,26.81518783
28.69125583,26.82610804
28.43731933,21.75344719
30.83282969,26.62140658
29.18362963,24.21353557
36.19354953,35.7027256
36.19727173,35.79805665
21.73569834,30.94349395
42.1428403,31.34526486
28.695904,29.60563722
33.59837755,27.21389171
18.40377442,31.67950417
33.95127644,18.60215079
30.71706836,32.75020395
25.9286616,34.24551681
30.56483398,33.6560355
30.54477333,34.01237849
31.82439957,20.12543261
38.28825625,27.20355714
26.73440642,23.74258659
23.66507542,24.26495522
27.08188442,22.9552175
33.96012553,30.74830618
26.66980458,29.99364171
24.57931947,30.99789479
22.85101414,30.4222194
19.571323,27.20367792
31.43101749,29.66722229
34.65050023,28.65780227
31.80128145,23.99930215
26.37340518,19.56980382
36.02725265,32.43256404
31.71363558,25.92077059
29.7070375,26.30069957
32.33348255,29.39024611
26.43005437,33.5488725
29.1104347,33.38688736
24.86486565,25.97390249
34.29145685,27.37593579
29.14051946,28.87706824
22.04301367,26.49803695
25.54402212,32.11708627
33.39197613,37.36235282
36.77772836,24.19460926
27.82833888,32.99456987
35.49856026,32.45946451
33.5782013,29.56108749
26.49472639,31.26333657
33.12921505,31.68104612
33.01343767,29.57852791
22.45054717,31.91164364
29.33207727,24.99086666
31.97640934,32.20925019
32.3205953,30.69367033
26.9776235,26.30453798
36.64994202,41.62830822
34.91722995,31.17974019
29.89428597,37.16789784
25.47966684,24.36722373
22.6846376,28.7659608
41.2857416,26.88183211
29.43273901,39.93650396
21.5657319,34.61733011
27.0023446,36.89144819
28.99005801,34.3598929
39.70674825,21.74791363
19.58125245,25.20057441
24.60748591,34.29618417
27.22481365,31.41147013
22.38760002,33.88033502
27.85145605,23.89570959
24.8479436,36.52439364
24.49443212,30.28622766
22.03318394,33.77026875
30.82542438,34.4045481
28.59813364,31.24096451
31.03550384,29.38108979
28.12660824,29.01947425
33.4773681,38.08675726
41.60761626,24.37771861
32.14821734,31.81094769
25.81009701,35.68133339
29.99514925,28.35652887
30.61298235,29.42408348
38.94445612,20.70082372
34.87954998,33.65203411
37.03202154,25.24682917
33.8584353,24.82639237
32.3706691,27.95580961
30.74514867,25.64720561
24.77539591,24.68050243
29.26377167,29.29145956
33.83812159,30.07318835
28.36002398,24.63516332
27.7264751,41.3123134
35.04467929,24.27307668
29.4619916,34.14192002
25.90075028,31.58985978
24.88796587,20.96520994
29.42971077,21.3716434
28.00940179,27.74541446
28.28407204,23.55184673
38.15373135,28.96370132
38.00515323,31.97236862
29.32055557,31.97139791
32.00564117,24.35930377
25.26921857,24.72589657
30.17062753,24.83351824
27.31345365,26.97933733
31.06173421,32.01234342
31.91692553,35.96832618
32.52864417,24.83491316
29.84672069,33.7159913
17.38935475,31.63771422
31.66239163,31.1765838
26.46312184,23.19201741
20.97111316,29.97907998
30.99065866,32.39791353
29.48953809,25.87824384
21.56770174,30.39987844
27.16119312,26.32339613
31.40670871,35.28495014
37.21381857,32.49722078
30.82883218,31.95107532
31.68938888,30.43774905
20.51055936,33.02402495
33.61408034,36.15562997
37.40826176,28.61411999
35.30051004,28.92680921
27.9295203,26.76632897
35.9553768,24.59984422
34.29141563,35.91499616
35.65603868,30.30519592
29.2670321,27.24120122
30.57367804,30.49119498
28.80353027,31.73329093
24.99283433,24.56310852
30.52678685,29.48783252
33.61511772,27.83656059
28.08214919,27.93197226
36.25278687,32.3438556
30.87361117,26.60129824
31.77675987,27.43054826
28.76493762,26.06471532
30.30239674,31.18783257
38.67607274,32.61927036
21.83871418,24.81817696
34.05057919,33.17763627
27.15937014,30.32977999
26.83079601,32.05558116
20.35440873,34.27138675
24.20147546,21.36392034
26.65324102,34.22946647
27.60473403,25.24853177
21.57317435,29.31919472
29.09726914,34.46953346
34.04320994,32.88916564
35.40173212,23.7655898
29.35752597,26.60017338
24.817637,31.89690734
35.936925,22.75363992
31.18672629,30.55929011
26.67876731,26.64000683
33.14402617,27.27589921
35.67056753,34.01826858
34.91258604,32.49472094
31.36085945,33.11024577
27.79496655,33.66286502
30.18687516,20.96918698
30.91693347,31.61607894
35.48201926,26.12810214
28.97066464,25.51722395
21.31510413,38.01582301
28.0768017,24.84741247
24.62429459,40.6967647
25.65607587,28.92806749
26.4321276,28.27784484
31.21046448,33.46121006
31.15814042,24.23279832
30.59460646,23.52457761
38.09291127,25.65736641
31.55163104,22.80741176
25.71947922,31.28989897
38.97926026,26.16541176
32.26672378,26.26354356
32.22140327,23.64944656
33.91289401,18.72898641
30.60284875,32.06543877
31.34532317,33.19492534
28.48808868,28.68040817
29.43300212,30.80372789
24.8026131,30.53770984
32.36952994,25.65943624
20.66826618,24.04232475
30.71745204,40.34698137
30.95522963,37.25979977
35.40045586,29.09387743
34.30627608,30.23237272
28.3701705,41.45106343
25.42361998,27.00612883
25.22157272,40.98707943
33.72258638,35.82334608
29.782751,32.8884015
31.51278239,26.08516798
27.66338965,14.69846969
32.16803868,33.09267236
25.40419418,30.73260686
35.38545395,35.60947442
36.42522318,30.21504981
28.94362605,29.86250039
28.38838212,37.58781842
31.50318411,25.08235049
28.46015488,31.60860291
28.1569615,35.17539063
30.52091443,27.81226288
39.66635301,26.90687058
33.00075642,25.3967643
32.22278132,20.23044724
27.98409965,22.59208135
25.4050079,26.29447749
26.57322248,28.69466177
28.10185078,29.63868328
27.9104161,30.16663162
30.16676173,27.5761658
25.25559322,30.71386985
37.77006636,40.20453294
27.09396418,28.33686135
26.95711193,29.95515871
31.9464046,33.77395796
31.17131794,27.89954957
27.89240163,22.69971436
26.86479972,35.10684625
37.83260807,35.39671422
29.60549447,29.72010444
24.08009911,34.01008623
25.45050942,31.68809544
34.92897268,30.17906031
29.95552884,29.57206623
25.12891784,34.09805042
36.45020427,32.08283354
35.81489434,19.56969383
31.9812641,29.4265428
36.06386734,31.22614325
39.8741821,31.46087689
33.40710046,27.0771555
25.34520819,28.95078505
27.03753594,35.35773737
31.97982043,27.544524
20.41856746,32.83992638
24.35150714,31.64941344
33.66262282,34.32492277
31.80350932,36.16900683
24.52422989,39.67324694
36.98986418,32.93599643
31.35175248,28.73496419
26.59192607,32.28968845
34.52432549,28.32197538
30.45810121,28.43718212
25.9305621,23.45782046
24.39972872,26.97712979
26.84762541,32.6919635
35.0992114,32.80412892
24.30832882,28.26235558
24.6115286,25.23985098
33.79592114,42.12750157
31.09451372,24.28263872
25.38338054,24.0783723
30.7920451,32.41004223
28.18681767,30.96429751
35.28601591,27.30524012
36.7794653,29.90184288
31.16005197,32.17221439
20.72901232,31.40422936
28.60949894,25.81289701
30.03561399,30.75291948
33.01804652,26.48060292
27.57292584,22.80468466
35.30299852,36.40438206
34.75252057,26.97278412
29.66299671,30.33401732
32.66270566,24.39491997
18.42091779,36.58932613
31.48887992,44.01188983
30.02384913,31.393607
30.60329096,36.55961471
33.11294979,24.99440756
32.47401963,28.60491754
27.4816088,37.16403677
23.80888765,27.36949095
31.55668755,35.37079111
35.94932909,25.68339802
21.27666528,28.70820218
36.58551194,35.69241359
22.46444851,17.098408
26.48608646,40.5474367
22.25693185,31.57578873
33.21755428,23.19134743
27.12922023,21.62078019
33.6171643,22.76743972
30.09524654,27.09457488
26.89725871,30.63805523
34.71822606,30.5627455
29.04933273,35.06107812
28.16370165,35.96068348
32.64153088,23.43994832
30.29187659,24.68019772
28.89412639,35.72470556
34.6943481,36.93433999
24.35094114,25.71362965
28.96295141,26.0116065
30.16819089,34.44960212
38.93198926,38.62939091
35.76351372,31.52419726
29.47940726,31.57502081
30.41414853,22.65045225
31.79706237,29.72984676
28.92464379,28.21448935
32.21078765,26.73573822
20.36511919,27.92769887
27.03700412,23.57439188
26.29492014,25.52820112
27.95905849,33.18079699
30.05581536,41.34258761
30.77996823,32.45416354
35.02457061,35.54587335
28.92023714,30.8800038
39.73540045,32.84589769
31.78479831,33.63820812
38.84007737,39.45547093
32.48314194,19.1193983
30.92383096,37.79067293
28.40374689,28.25596499
44.58708577,34.1965203
37.43151492,35.29672416
28.10400721,35.05848174
26.18451706,27.54513708
24.44764373,34.5805591
27.80665799,33.77314647
22.20977132,29.28354594
27.82182748,35.23611874
36.84301374,29.22804783
30.07534757,33.3222578
32.10085732,32.13192409
28.79516167,20.69232961
23.58146251,40.42246314
25.791192,27.13523669
28.46788698,30.67949008
25.42656536,34.96949708
34.91115487,31.18860782
18.82470135,34.5545134
26.5305344,26.81877675
28.90328378,35.18962116
26.32804758,34.69422686
35.11088496,29.14913379
26.28195202,20.6861554
31.5011585,37.01812813
34.55117329,31.58328588
35.10504832,23.57784249
34.1365046,40.53409677
28.97840568,35.78460278
30.98211669,32.93254335
34.07577741,32.84950862
22.65263844,28.90265286
25.30339584,27.36653997
28.06313351,19.87489067
32.94440854,33.4292523
31.68415225,29.76388309
34.39869595,27.10642788
31.63176504,30.13448088
29.06301679,32.57785242
30.36088114,29.49608146
21.80384274,25.55566823
33.5239861,24.07147308
35.50599402,36.83622509
30.82633816,36.439571
29.45271546,40.06828752
33.75081724,34.59122162
29.91774828,40.72042263
28.84879503,25.24468834
27.40275779,27.22544973
25.50803859,26.23702995
39.19224889,29.64901141
41.03150579,24.08942801
36.89682165,37.89966523
28.58783888,27.23517504
29.95752841,30.21260267
38.51456791,28.51915211
21.73618158,29.37313294
23.68694589,31.4526687
27.54782306,34.65449741
24.90969509,30.79593671
33.15596076,27.52607018
32.16176961,31.02727684
28.04054366,28.57312085
24.56290338,35.93579717
25.2088291,29.30414532
24.48319254,33.15745614
29.04006451,25.67028291
31.14015306,33.95129359
23.88368283,25.54654988
31.14412773,31.6319481
30.12314073,29.23643335
23.7183518,23.72171922
22.97528851,25.30676241
33.61397949,25.63498906
25.93969705,30.19306578
46.05513471,30.82284369
21.74135896,26.53617237
21.93152019,31.63722918
29.88868023,25.20294215
27.66460786,30.31982023
40.80439417,29.37956106
40.13313037,27.17678171
33.25024876,28.84670844
37.10058107,21.77860412
23.19466193,31.43863853
36.87225584,40.98127865
23.61285975,31.11756081
34.20280405,37.19560177
39.25434118,29.15569363
34.3212517,33.1700963
31.2638535,33.00947114
29.79261785,17.61152214
26.72446972,29.44768726
28.60944886,27.43677007
38.80147798,27.2038841
31.69507783,23.73693363
26.82215723,28.77845886
26.62480154,34.540169
42.03933619,37.21736234
29.97862307,24.45254869
32.19994185,27.60567226
32.04191799,28.51863043
29.43999018,31.27877159
41.78440714,31.61226197
40.77375238,30.06670058
32.46673922,35.05698405
36.8960933,36.63809958
33.38307089,30.14338844
27.71907749,31.25706389
32.77139724,30.39125015
25.47782251,34.51227264
26.3996676,33.7457252
35.23255037,33.43501629
33.53583905,23.50341596
29.57907906,27.90630095
36.35853817,33.58104253
42.02054069,30.44686915
35.59839204,32.97530066
20.08857783,33.68243466
30.17032267,35.45854524
38.7505555,35.66319076
29.72205857,23.46193575
23.20827266,25.16406397
27.7492354,26.42060021
29.03443261,19.86673193
32.37967644,32.88218033
37.52718474,35.08771232
29.15148869,33.10887177
34.97986298,31.05712689
14.93516477,27.39792185
26.67266768,31.43385303
35.11588994,25.08396475
22.70131572,28.42287039
27.84872292,28.94416001
26.53474162,36.24102099
27.38570519,30.86644402
30.57415163,34.06725039
30.07075792,34.65525298
32.69055128,29.85211037
30.36290241,27.43433772
29.46476169,24.33054458
27.67349443,32.33104099
27.4999121,27.62812193
37.71876706,34.9417473
21.85016724,35.08957122
19.17534581,28.21576537
30.24813374,26.522642
29.75036411,43.84452368
31.32553283,35.47447605
34.20885887,31.32080966
24.11276579,32.09490809
35.97753151,34.87333425
34.20245717,19.54233125
30.31778088,29.17286148
31.0423019,31.62480042
38.68254523,32.48025593
34.03682383,33.93519581
31.78468032,40.04082827
39.49165288,30.22087743
34.30873873,29.88078839
28.81508824,28.49921339
31.47717385,29.4281148
23.3359798,31.34829762
27.27181224,34.42850488
28.78118142,19.82342439
31.12539078,31.13734785
31.31158581,32.70801793
34.12397985,27.9626197
24.59563318,35.22294497
25.15367033,37.41161877
34.88080702,32.04137722
27.64852828,33.51119038
26.32217042,25.33051634
19.07087199,29.62665736
28.28236425,29.94814134
23.81036115,26.25049037
32.78830193,38.40505181
18.98752556,31.40371693
27.26859811,24.5290002
21.50384581,31.08577766
31.10805839,24.57276708
26.90598056,29.19712326
30.0746152,29.6061851
29.40707862,32.05462782
32.54211546,34.16350824
29.73137204,25.65347489
39.31120754,28.46048592
23.57845845,22.85875791
21.26529635,37.49276237
31.5556232,31.43499188
28.82956801,23.06956443
32.03126841,32.08355086
23.87918156,24.45335359
25.7111284,34.07542778
31.01991586,27.94278168
27.63248471,29.54609597
34.80358261,24.09349405
30.08168293,28.59072178
22.21840674,33.02130806
29.33994335,18.38389574
27.52331783,26.73082181
29.43654199,29.87931997
34.00083606,33.02699935
24.1962289,33.12101579
28.80947029,30.66478431
27.16597086,32.67275288
28.06661894,27.86299843
27.25522149,26.55724294
19.46861117,28.81611085
35.61680905,22.78257596
27.63981437,30.30698562
32.9956348,29.1671788
23.3396298,30.6541889
34.72117357,32.44763913
29.86100316,26.89455843
24.89711157,22.56602092
31.50468166,29.31245397
28.59875479,31.50359451
31.23639605,31.74180238
21.26425686,32.88953161
28.98752959,30.52107776
28.18080555,32.49195027
31.45918982,30.31944888
25.66041357,31.55764538
34.16852725,33.29002351
35.07580649,33.58896252
23.39048718,28.07012194
32.13384112,31.29872638
32.97154179,29.73706692
32.35222497,29.27949281
27.11246581,25.46156946
38.77331279,37.24273014
28.84625417,25.84092536
33.24323977,28.82293519
29.232186,31.07860167
25.74217326,29.71977826
24.92397312,21.85566246
27.61264111,19.14164497
30.2752577,32.75504512
37.1351189,35.99782103
29.47013313,40.15031365
34.44030229,25.39270884
23.85936538,29.06861287
26.60003277,35.72875764
22.44094212,34.3802656
36.20566912,33.31990983
32.5068153,29.06622997
23.98053964,19.94840617
30.0763653,36.65265612
29.5799386,31.55324537
29.35958224,36.01141679
29.46076146,38.4477906
32.19524613,29.18833639
27.50892352,32.83108506
37.73395032,34.78398519
20.52275055,27.05372632
32.65217784,32.56834823
33.91681636,29.67056595
29.3714471,26.21625294
33.05675105,38.80041156
32.97640651,38.43064526
26.54866718,27.94256851
35.19158621,19.4122372
36.37764383,36.48449257
28.00390789,32.45550307
29.56048852,24.96860124
34.71436682,33.24592864
27.91941268,42.96819558
33.3251708,29.6926383
33.8475353,39.4438094
25.43226973,29.67950497
26.93760199,27.29207615
32.78918844,37.2315995
29.65502794,29.38004047
29.74177784,34.02133583
33.93411886,34.0712764
31.72521471,35.57910571
32.6087857,32.45926329
21.88210254,22.80580017
29.23607453,32.73496409
29.51319164,19.94993198
32.93121713,26.82907426
27.1679292,22.11181892
31.26754107,30.72244794
29.72623162,26.42969622
22.66611593,27.23453762
32.53640156,30.78770952
31.54776403,19.26570797
28.40802588,31.11387549
43.68393924,28.22758332
30.39179916,41.18329221
36.99992013,42.7239176
26.25890296,34.58617199
31.17620616,37.19685602
28.75993026,28.99059425
29.06994925,36.71658965
31.60473462,31.07602832
24.75860108,33.3651443
31.97890322,24.89140998
22.71942314,26.34097543
22.86118331,34.59163803
38.07978699,35.74659238
30.88046415,26.1055943
21.58439488,34.32512673
30.24852359,22.34631274
31.22138623,30.23994587
28.28083206,37.46896131
33.27295058,34.09389257
24.42022614,31.98157515
29.87190256,21.07488816
27.14245705,35.89006438
33.42432001,25.24241449
25.68231742,28.79656759
33.17790996,22.20389889
39.97419734,29.66426984
30.49547877,27.59618527
25.53639986,25.81095779
33.54034235,31.03749988
27.96858974,35.76306916
25.87892162,24.01208522
26.33815461,27.35434871
26.52648533,29.46897672
28.32735325,26.84570996
30.45830146,34.75247346
28.49370606,28.78641242
19.57114203,34.10960044
34.11960654,22.89896521
33.2179169,27.11681895
33.38435331,26.773223
29.06811088,32.6092671
37.10728207,23.41658903
33.65841817,39.34418575
29.06345179,31.77211716
23.24997456,29.90079065
35.65305036,29.76738011
24.04882453,35.40315968
37.22644013,31.71184854
28.60070292,37.68997264
25.1772365,28.66025254
31.51617055,39.33492076
29.25052062,31.07939982
31.42817928,15.73901172
21.81534048,26.93684172
27.88981653,34.05876089
30.39874407,38.57705966
20.7755783,24.2985455
25.93801501,37.36579461
32.45855412,27.48467314
32.51594107,26.90839906
38.48483486,24.66782433
20.92390392,26.36566312
23.83038223,27.84934231
26.80854855,35.44034531
22.73916451,34.88483541
29.4453467,25.94767059
32.16927475,28.45159249
39.15175007,41.05862582
29.13004195,33.86471575
24.27986038,27.86993113
27.04636985,35.30841509
40.06895685,36.07231868
37.71527738,31.9551979
36.7721559,26.63977769
28.17559014,27.54578276
31.52206755,24.57661452
24.08922672,31.20270318
32.8767069,26.12750056
32.83981483,28.74501254
21.18122516,29.70806173
23.35726986,28.89656412
32.05617158,35.70936189
32.14109407,33.25171971
24.25670301,30.61471617
23.83511459,32.48476806
30.29658387,40.33717629
25.15047909,27.19239122
25.56622011,24.15449167
33.48155749,30.25968747
28.68985196,24.65232056
27.37401656,31.94295284
30.92610159,33.24378273
26.478825,28.28768116
27.9094469,39.81618726
27.2449238,27.82465216
24.58698327,30.24963484
25.91939051,32.43180164
24.7957259,30.14508651
23.97246578,32.76512364
31.08423021,35.5450044
24.37918679,28.16591137
35.23567629,26.34014637
22.00770627,16.20050813
36.49518902,36.11523292
23.01491657,29.69599359
25.15114395,33.71828565
24.24144455,31.95161202
35.47392971,29.98017336
31.78687243,18.01106073
26.22797131,23.48112511
30.34030436,29.37359357
28.0816177,27.73125587
32.93190705,31.50360837
28.52856289,34.44571301
26.0243447,30.99500915
28.60430528,22.68234747
21.01124827,31.26425723
31.84081164,31.02948911
35.98403472,26.08472694
27.88840975,32.0158031
32.63469242,30.8115367
27.95482048,30.21757756
31.87308019,26.71624051
20.34907058,33.82642961
33.38008254,28.59336786
34.80661729,26.68233997
32.89098067,33.7653831
24.29727949,26.09989573
28.81406644,25.65446862
29.64015069,29.26136115
28.85139304,29.22090572
37.0822443,32.68317496
27.60353633,30.69886941
31.07295244,26.56395667
30.7491453,25.62798055
28.4868929,34.28541157
27.79179901,32.33488561
27.6270628,33.81548003
22.33846627,43.49711333
18.20129554,29.65086226
19.60804225,36.11620829
34.72870835,32.15104067
34.92365954,28.8590139
34.14526437,19.97383816
20.71200979,25.00114166
31.42559383,29.98737637
29.63257146,36.64708542
26.17103795,33.08279842
29.34212677,31.98201347
39.48295829,32.91152092
35.05553804,28.69270465
43.55831373,32.59597802
29.97138236,25.69582998
33.84052079,30.07533706
24.32767317,32.70966708
33.18483535,26.68760028
34.20082294,29.61166081
32.92418401,34.27812435
32.74460009,34.02993474
29.75132149,34.14198092
23.22988414,32.4207456
15.34077448,30.64344063
25.65397854,33.46579615
32.65283291,30.70277189
19.16674666,22.42340054
27.17254226,20.44704212
21.02856656,28.3745961
35.13132093,27.61483319
30.94544435,37.49843399
34.89910226,25.69634177
30.1144638,36.49384997
28.40136848,32.92660127
27.09001218,32.79604246
33.90817218,42.08118103
32.74986712,26.30611515
31.13871036,34.39795203
37.74170331,34.87954741
34.05369449,32.56632373
34.464202,37.54394613
28.16362035,22.8035043
29.26375382,29.94877005
35.06182429,33.00006022
23.52690041,36.72345957
36.94792471,36.38071502
32.74061723,30.26635188
33.0117658,26.78739767
25.85461088,27.94992622
39.46132557,26.28132542
21.73363099,29.75908426
34.31729109,30.55875577
27.59102458,28.84730092
32.89460652,28.24095805
30.9838866,26.38868189
21.50124253,32.23177157
30.67310703,32.22072634
16.27255781,32.76922411
34.09427376,31.54047953
23.67877551,28.21783032
31.93531432,27.99061167
22.07343001,23.92868851
31.17382591,28.19102744
29.06255647,29.52827232
36.07445504,35.1332085
28.71774273,21.9515889
25.53107494,34.87014893
25.67480806,37.67969431
24.46951661,33.15416094
28.99115738,34.42516812
19.07172533,33.57343753
31.35117902,27.42499367
27.60081831,29.98392668
29.51902162,30.1506041
23.66759568,28.51309987
35.95442862,30.49665695
31.19733951,27.97207451
27.29432342,31.10328944
25.44161928,28.67473022
20.85775671,34.29399773
28.25786728,26.82743323
20.57050701,31.39961687
32.89578468,39.42443853
31.92143573,29.28930955
28.62587796,23.02518787
35.39416418,26.84223596
22.16168896,31.73918689
23.79263177,35.66988241
33.49886904,32.64461707
32.24584266,27.8389625
36.91991902,18.43477668
25.45266665,32.38173375
31.91177645,31.06474071
27.91465796,20.57649021
36.49302923,29.07876135
30.15464939,34.37058032
37.68546755,45.40291013
29.09546625,31.85644928
32.27380435,35.79640304
30.01621649,30.18821913
27.72482736,17.46860465
27.88368348,31.31179886
34.5785809,35.62185196
31.91703459,29.17500278
37.18998196,49.13222509
35.66122253,45.34426622
26.02340453,31.48624183
29.57008147,30.01589186
29.11372287,27.42465147
29.26777223,39.7423845
26.06210173,30.01820588
43.36517262,29.77268299
36.8947547,35.24513566
36.01760034,29.23807093
34.4862315,23.01013289
28.67781019,29.20164082
38.71864452,28.88866554
29.74285642,25.09111909
40.68673307,24.85147135
28.20087409,32.63060302
36.38240021,23.34278841
36.18871352,30.24574393
38.09688915,28.9119214
25.43923278,40.66357094
23.95007401,28.24058079
29.62182263,30.08178443
29.31048746,38.40457073
34.42933778,27.91834591
27.41514011,43.16043285
42.91662627,30.11677401
27.83511236,30.56120184
26.27464345,23.3285306
22.18274323,24.94410272
28.27487328,31.45155704
28.87481101,32.03979246
29.29340515,25.56457142
37.80574437,30.26171272
32.65382898,29.20155527
17.89108739,37.71786792
31.46802995,30.17440477
25.66680102,29.33000314
29.06121462,35.12944967
33.50888521,28.71729467
24.58407983,36.39092624
33.71438315,33.30625332
23.09898792,32.80060053
22.76816184,31.295133
32.01776525,23.83011734
35.27541721,40.64091945
34.04828948,42.79890189
31.3155694,23.74703923
27.27307298,34.92851132
28.16856869,31.96237221
26.13491235,30.66917639
30.64122159,27.99613476
40.50375256,25.59143009
30.69097832,33.67187533
33.02708476,24.34000299
32.60874445,30.66820093
35.50005491,28.57824449
24.77753733,29.35838152
28.35569151,28.8606846
33.33711337,25.34425935
40.22589941,34.603425
33.87416256,25.66920933
33.39064178,32.74692911
28.58036822,35.35737486
26.25001546,29.9995313
36.56786036,32.4785702
30.52218926,31.03520827
24.50484266,34.74490505
35.7381821,32.47780098
27.5678769,36.17648266
31.36411161,32.0149623
30.4245609,28.77070506
24.8131417,20.4572426
39.1024435,36.45086267
36.37582929,28.28994632
30.16317009,33.64255499
29.87117332,23.07029864
33.01318544,29.49753175
27.78652876,18.77686143
23.98467877,25.01374693
33.89813984,24.69144107
37.48648123,33.20550979
33.29047598,32.90697362
26.36039764,32.39512192
32.05889318,30.09904359
24.10605543,32.38103071
32.56375631,38.4362194
29.92905947,39.16802648
27.47316489,26.21294535
28.92888469,33.39045053
24.47734604,28.41600832
29.16958207,34.48844008
36.77054755,33.37086968
26.36904704,37.25600156
41.92517504,25.61461258
23.72624844,27.68865525
32.8563584,30.19450981
40.07046423,29.33622508
30.41732859,30.20745847
